{
"type": "FeatureCollection",
"name": "land",
"crs": { "type": "name", "properties": { "name": "urn:ogc:def:crs:OGC:1.3:CRS84" } },
"features": [
{ "type": "Feature", "properties": { "name": "land" }, "geometry": { "type": "MultiPolygon", "coordinates": [ [ [ [ -162.0751, 5.8855 ], [ -162.1003, 5.8864 ], [ -162.1017, 5.8902 ], [ -162.0714, 5.8902 ], [ -162.0576, 5.8825 ], [ -162.0611, 5.8734 ], [ -162.0731, 5.8694 ], [ -162.0943, 5.8754 ], [ -162.0751, 5.8855 ] ] ], [ [ [ -162.3853, 6.4451 ], [ -162.3853, 6.4302 ], [ -162.4002, 6.4302 ], [ -162.4002, 6.4451 ], [ -162.3853, 6.4451 ] ] ], [ [ [ -169.5224, 16.7322 ], [ -169.5417, 16.7219 ], [ -169.5495, 16.7235 ], [ -169.5323, 16.7331 ], [ -169.5224, 16.7322 ] ] ], [ [ [ -169.5128, 16.7443 ], [ -169.5137, 16.744 ], [ -169.5137, 16.7456 ], [ -169.5128, 16.7443 ] ] ], [ [ [ -169.5174, 16.7624 ], [ -169.5235, 16.7585 ], [ -169.5392, 16.7545 ], [ -169.5174, 16.7624 ] ] ], [ [ [ -155.4368, 19.1699 ], [ -155.5028, 19.1377 ], [ -155.5461, 19.0982 ], [ -155.5537, 19.082 ], [ -155.5523, 19.0456 ], [ -155.6021, 18.9974 ], [ -155.6185, 18.9555 ], [ -155.6748, 18.9061 ], [ -155.6835, 18.9112 ], [ -155.6829, 18.9329 ], [ -155.7042, 18.9491 ], [ -155.8173, 19.0132 ], [ -155.8781, 19.0291 ], [ -155.891, 19.0657 ], [ -155.9039, 19.0695 ], [ -155.9199, 19.1386 ], [ -155.8855, 19.3342 ], [ -155.8874, 19.3596 ], [ -155.9009, 19.3827 ], [ -155.9366, 19.4813 ], [ -155.9564, 19.5142 ], [ -155.954, 19.5361 ], [ -155.9656, 19.5566 ], [ -155.9822, 19.6077 ], [ -155.9995, 19.6322 ], [ -156.0363, 19.6679 ], [ -156.0602, 19.7312 ], [ -156.0388, 19.7831 ], [ -155.9968, 19.8144 ], [ -155.9875, 19.8244 ], [ -155.982, 19.8433 ], [ -155.968, 19.8542 ], [ -155.926, 19.8688 ], [ -155.8734, 19.9513 ], [ -155.8509, 19.9753 ], [ -155.8355, 19.9757 ], [ -155.8241, 20.0201 ], [ -155.8311, 20.0394 ], [ -155.8477, 20.0545 ], [ -155.8826, 20.1049 ], [ -155.897, 20.1488 ], [ -155.8993, 20.2167 ], [ -155.8805, 20.252 ], [ -155.8672, 20.2631 ], [ -155.8311, 20.2634 ], [ -155.738, 20.2438 ], [ -155.7117, 20.1961 ], [ -155.6481, 20.168 ], [ -155.6307, 20.1482 ], [ -155.6065, 20.138 ], [ -155.5864, 20.1229 ], [ -155.5631, 20.1284 ], [ -155.5272, 20.1263 ], [ -155.4207, 20.0902 ], [ -155.3323, 20.0467 ], [ -155.168, 19.9468 ], [ -155.1159, 19.8967 ], [ -155.0871, 19.8604 ], [ -155.0854, 19.7274 ], [ -155.0575, 19.7285 ], [ -155.0185, 19.7458 ], [ -154.9899, 19.7267 ], [ -154.9767, 19.7058 ], [ -154.98, 19.6628 ], [ -154.9499, 19.6114 ], [ -154.8996, 19.567 ], [ -154.8466, 19.5449 ], [ -154.8253, 19.5275 ], [ -154.8141, 19.5066 ], [ -154.8172, 19.4797 ], [ -154.8747, 19.4129 ], [ -154.9189, 19.3973 ], [ -154.9823, 19.3392 ], [ -155.0251, 19.3276 ], [ -155.0267, 19.3162 ], [ -155.0626, 19.3078 ], [ -155.093, 19.2862 ], [ -155.203, 19.2556 ], [ -155.2451, 19.2655 ], [ -155.2693, 19.2662 ], [ -155.2911, 19.2595 ], [ -155.3457, 19.2248 ], [ -155.3641, 19.2036 ], [ -155.4001, 19.1937 ], [ -155.4368, 19.1699 ] ] ], [ [ [ -156.5995, 20.5174 ], [ -156.6793, 20.5047 ], [ -156.7006, 20.5254 ], [ -156.6672, 20.5577 ], [ -156.6391, 20.5751 ], [ -156.5826, 20.6 ], [ -156.5618, 20.598 ], [ -156.5366, 20.5709 ], [ -156.5498, 20.5415 ], [ -156.5341, 20.5318 ], [ -156.5446, 20.5132 ], [ -156.5995, 20.5174 ] ] ], [ [ [ -156.4505, 20.7264 ], [ -156.4584, 20.7445 ], [ -156.458, 20.7648 ], [ -156.4643, 20.7814 ], [ -156.4857, 20.7967 ], [ -156.5016, 20.7962 ], [ -156.5159, 20.7901 ], [ -156.5213, 20.7762 ], [ -156.5339, 20.7741 ], [ -156.5627, 20.7918 ], [ -156.5845, 20.7955 ], [ -156.606, 20.8084 ], [ -156.6202, 20.8071 ], [ -156.6849, 20.8819 ], [ -156.6861, 20.9038 ], [ -156.696, 20.9158 ], [ -156.6859, 20.9642 ], [ -156.6665, 21.0034 ], [ -156.6538, 21.0048 ], [ -156.6454, 21.0134 ], [ -156.6448, 21.0212 ], [ -156.6358, 21.0271 ], [ -156.6157, 21.0251 ], [ -156.5979, 21.0327 ], [ -156.5814, 21.0181 ], [ -156.5424, 21.0034 ], [ -156.5375, 20.9907 ], [ -156.5259, 20.9873 ], [ -156.523, 20.9622 ], [ -156.5091, 20.9503 ], [ -156.4817, 20.9044 ], [ -156.4641, 20.9056 ], [ -156.4529, 20.9179 ], [ -156.3785, 20.924 ], [ -156.3464, 20.9459 ], [ -156.3307, 20.9512 ], [ -156.2819, 20.9503 ], [ -156.261, 20.9437 ], [ -156.2556, 20.9376 ], [ -156.2429, 20.9416 ], [ -156.2269, 20.932 ], [ -156.2218, 20.9203 ], [ -156.1973, 20.895 ], [ -156.1661, 20.8715 ], [ -156.1648, 20.8628 ], [ -156.1479, 20.8617 ], [ -156.1444, 20.8671 ], [ -156.1313, 20.8575 ], [ -156.1193, 20.8361 ], [ -156.085, 20.8315 ], [ -156.0017, 20.8004 ], [ -155.9796, 20.7574 ], [ -155.9847, 20.7176 ], [ -156.0031, 20.6859 ], [ -156.0277, 20.6794 ], [ -156.0484, 20.6509 ], [ -156.0754, 20.6507 ], [ -156.1295, 20.6245 ], [ -156.2038, 20.626 ], [ -156.3026, 20.5812 ], [ -156.3525, 20.5924 ], [ -156.4077, 20.5872 ], [ -156.4355, 20.612 ], [ -156.4386, 20.6222 ], [ -156.4517, 20.6357 ], [ -156.4431, 20.6426 ], [ -156.4427, 20.6606 ], [ -156.4505, 20.7264 ] ] ], [ [ [ -156.8327, 20.8607 ], [ -156.8058, 20.8251 ], [ -156.8035, 20.8126 ], [ -156.8097, 20.7955 ], [ -156.8313, 20.7638 ], [ -156.8768, 20.7443 ], [ -156.9137, 20.7347 ], [ -156.9623, 20.7324 ], [ -156.9824, 20.7594 ], [ -156.9921, 20.8463 ], [ -157.0508, 20.8714 ], [ -157.0631, 20.8904 ], [ -157.0552, 20.9114 ], [ -157.0316, 20.9227 ], [ -156.9904, 20.9275 ], [ -156.8927, 20.9141 ], [ -156.8327, 20.8607 ] ] ], [ [ [ -157.2674, 21.1625 ], [ -157.2512, 21.1803 ], [ -157.2466, 21.1998 ], [ -157.2598, 21.2219 ], [ -157.2094, 21.2203 ], [ -157.1969, 21.217 ], [ -157.1887, 21.2051 ], [ -156.9897, 21.1828 ], [ -156.9756, 21.2111 ], [ -156.9658, 21.2133 ], [ -156.9524, 21.1967 ], [ -156.9478, 21.1778 ], [ -156.9252, 21.1712 ], [ -156.897, 21.1652 ], [ -156.8467, 21.1667 ], [ -156.8003, 21.1777 ], [ -156.7735, 21.1772 ], [ -156.749, 21.171 ], [ -156.739, 21.1728 ], [ -156.7332, 21.1688 ], [ -156.7359, 21.1641 ], [ -156.7057, 21.1565 ], [ -156.7248, 21.1237 ], [ -156.7556, 21.0955 ], [ -156.831, 21.0611 ], [ -156.8696, 21.0534 ], [ -156.9474, 21.0645 ], [ -157.0724, 21.0994 ], [ -157.2226, 21.0868 ], [ -157.2731, 21.0873 ], [ -157.2926, 21.0947 ], [ -157.3039, 21.1096 ], [ -157.3043, 21.1282 ], [ -157.2854, 21.1561 ], [ -157.2674, 21.1625 ] ] ], [ [ [ -157.9152, 21.3165 ], [ -157.9052, 21.3056 ], [ -157.947, 21.3027 ], [ -157.9404, 21.3107 ], [ -157.9483, 21.3168 ], [ -157.9641, 21.3163 ], [ -157.9681, 21.3479 ], [ -157.9362, 21.363 ], [ -157.9318, 21.3717 ], [ -157.9609, 21.3888 ], [ -157.9692, 21.372 ], [ -157.9913, 21.3911 ], [ -157.9844, 21.3621 ], [ -157.9895, 21.3588 ], [ -158.0202, 21.3833 ], [ -158.0131, 21.3671 ], [ -157.9754, 21.3339 ], [ -157.9806, 21.3185 ], [ -157.9987, 21.3113 ], [ -158.0989, 21.2954 ], [ -158.1153, 21.3051 ], [ -158.1347, 21.3657 ], [ -158.1574, 21.3947 ], [ -158.1761, 21.4035 ], [ -158.1871, 21.4445 ], [ -158.2157, 21.4655 ], [ -158.2276, 21.483 ], [ -158.2293, 21.5326 ], [ -158.2789, 21.5753 ], [ -158.2363, 21.5849 ], [ -158.1366, 21.5893 ], [ -158.1211, 21.5859 ], [ -158.1129, 21.6039 ], [ -158.0658, 21.6356 ], [ -158.0672, 21.6414 ], [ -158.0506, 21.6713 ], [ -158.0144, 21.7015 ], [ -157.9826, 21.7099 ], [ -157.9624, 21.705 ], [ -157.9339, 21.6779 ], [ -157.9333, 21.6672 ], [ -157.9247, 21.6631 ], [ -157.9241, 21.6543 ], [ -157.9155, 21.6455 ], [ -157.9202, 21.6275 ], [ -157.8938, 21.5984 ], [ -157.8875, 21.5809 ], [ -157.8767, 21.5754 ], [ -157.8712, 21.5579 ], [ -157.8535, 21.5563 ], [ -157.8364, 21.534 ], [ -157.8364, 21.5113 ], [ -157.8444, 21.5114 ], [ -157.8495, 21.5054 ], [ -157.8421, 21.461 ], [ -157.8205, 21.4534 ], [ -157.8035, 21.4291 ], [ -157.7884, 21.4242 ], [ -157.7863, 21.4168 ], [ -157.7762, 21.4133 ], [ -157.76, 21.4332 ], [ -157.7751, 21.4428 ], [ -157.7735, 21.4542 ], [ -157.7626, 21.4588 ], [ -157.7381, 21.4558 ], [ -157.7257, 21.459 ], [ -157.7229, 21.4516 ], [ -157.7376, 21.4377 ], [ -157.7387, 21.4055 ], [ -157.7093, 21.3836 ], [ -157.7058, 21.3749 ], [ -157.7103, 21.3635 ], [ -157.6961, 21.3364 ], [ -157.6472, 21.3064 ], [ -157.6932, 21.2627 ], [ -157.7041, 21.2595 ], [ -157.7068, 21.275 ], [ -157.7153, 21.2818 ], [ -157.7638, 21.2731 ], [ -157.795, 21.2547 ], [ -157.8108, 21.2542 ], [ -157.818, 21.2576 ], [ -157.8307, 21.2773 ], [ -157.8801, 21.298 ], [ -157.895, 21.3223 ], [ -157.8949, 21.3317 ], [ -157.9152, 21.3165 ] ] ], [ [ [ -160.1954, 21.912 ], [ -160.1236, 21.9563 ], [ -160.1127, 21.9817 ], [ -160.1138, 22.0003 ], [ -160.0959, 22.0078 ], [ -160.06, 22.0006 ], [ -160.0514, 21.9831 ], [ -160.0722, 21.9595 ], [ -160.0795, 21.9379 ], [ -160.0722, 21.9108 ], [ -160.0852, 21.8935 ], [ -160.1587, 21.8596 ], [ -160.1717, 21.8486 ], [ -160.1982, 21.7839 ], [ -160.2113, 21.7802 ], [ -160.2355, 21.7928 ], [ -160.248, 21.828 ], [ -160.2455, 21.8508 ], [ -160.2344, 21.8745 ], [ -160.1954, 21.912 ] ] ], [ [ [ -159.4272, 21.8794 ], [ -159.4373, 21.8688 ], [ -159.4819, 21.8835 ], [ -159.5296, 21.8857 ], [ -159.5819, 21.8944 ], [ -159.5906, 21.9017 ], [ -159.5963, 21.8937 ], [ -159.605, 21.8917 ], [ -159.61, 21.8997 ], [ -159.6345, 21.9137 ], [ -159.6503, 21.9398 ], [ -159.6618, 21.9425 ], [ -159.6661, 21.9505 ], [ -159.7598, 21.9785 ], [ -159.7713, 22.0052 ], [ -159.7872, 22.0193 ], [ -159.7865, 22.066 ], [ -159.7766, 22.0695 ], [ -159.7357, 22.1152 ], [ -159.7326, 22.1408 ], [ -159.7165, 22.1575 ], [ -159.6682, 22.1695 ], [ -159.5982, 22.2109 ], [ -159.5896, 22.221 ], [ -159.5658, 22.2256 ], [ -159.5585, 22.233 ], [ -159.5484, 22.231 ], [ -159.5376, 22.2183 ], [ -159.4994, 22.2088 ], [ -159.4994, 22.2236 ], [ -159.4813, 22.2302 ], [ -159.4402, 22.2275 ], [ -159.4287, 22.2208 ], [ -159.4193, 22.2221 ], [ -159.3997, 22.2355 ], [ -159.3738, 22.2221 ], [ -159.3579, 22.2227 ], [ -159.3387, 22.213 ], [ -159.3312, 22.1979 ], [ -159.3118, 22.1845 ], [ -159.3013, 22.1511 ], [ -159.2928, 22.1464 ], [ -159.2947, 22.1076 ], [ -159.3041, 22.0956 ], [ -159.3187, 22.0576 ], [ -159.3332, 22.0496 ], [ -159.3306, 21.9848 ], [ -159.3341, 21.9581 ], [ -159.3591, 21.9529 ], [ -159.3479, 21.9367 ], [ -159.3536, 21.93 ], [ -159.3654, 21.9308 ], [ -159.3825, 21.9174 ], [ -159.3897, 21.9054 ], [ -159.415, 21.8881 ], [ -159.4164, 21.8807 ], [ -159.4272, 21.8794 ] ] ], [ [ [ -161.9448, 23.0462 ], [ -161.9409, 23.042 ], [ -161.9452, 23.0399 ], [ -161.9479, 23.038 ], [ -161.9448, 23.0462 ] ] ], [ [ [ -164.6991, 23.5705 ], [ -164.7073, 23.5726 ], [ -164.7043, 23.5793 ], [ -164.6991, 23.5705 ] ] ], [ [ [ -167.9968, 25.0011 ], [ -168.0028, 25.0148 ], [ -167.9956, 25.0117 ], [ -167.9968, 25.0011 ] ] ], [ [ [ -170.0, 52.8432 ], [ -169.9641, 52.8577 ], [ -169.9228, 52.8509 ], [ -169.8994, 52.8518 ], [ -169.8874, 52.8553 ], [ -169.8685, 52.8751 ], [ -169.8503, 52.8825 ], [ -169.803, 52.8823 ], [ -169.7829, 52.8925 ], [ -169.7675, 52.8847 ], [ -169.7276, 52.8851 ], [ -169.6986, 52.8693 ], [ -169.6866, 52.872 ], [ -169.6793, 52.8577 ], [ -169.6935, 52.8305 ], [ -169.6793, 52.8236 ], [ -169.7139, 52.7961 ], [ -169.7071, 52.7827 ], [ -169.7234, 52.7745 ], [ -169.7379, 52.7783 ], [ -169.7814, 52.8039 ], [ -169.8648, 52.8209 ], [ -169.8773, 52.8195 ], [ -169.9149, 52.7994 ], [ -169.9641, 52.7895 ], [ -170.0, 52.8092 ], [ -170.0, 52.8432 ] ] ], [ [ [ -170.0, 52.9057 ], [ -169.9946, 52.9056 ], [ -170.0, 52.8979 ], [ -170.0, 52.9057 ] ] ], [ [ [ -169.7419, 52.9602 ], [ -169.7605, 52.9687 ], [ -169.7499, 52.9985 ], [ -169.7533, 53.0248 ], [ -169.7094, 53.0365 ], [ -169.6807, 53.0332 ], [ -169.6732, 53.0252 ], [ -169.6662, 53.0012 ], [ -169.6864, 52.989 ], [ -169.7193, 52.9501 ], [ -169.7481, 52.9465 ], [ -169.7419, 52.9602 ] ] ], [ [ [ -168.4329, 53.0974 ], [ -168.4661, 53.0566 ], [ -168.4899, 53.0421 ], [ -168.5155, 53.0502 ], [ -168.5312, 53.0346 ], [ -168.5841, 53.0305 ], [ -168.6716, 52.9824 ], [ -168.6861, 52.9676 ], [ -168.6793, 52.9602 ], [ -168.7745, 52.9564 ], [ -168.7786, 52.9473 ], [ -168.7544, 52.9267 ], [ -168.7661, 52.9139 ], [ -168.7804, 52.9136 ], [ -168.809, 52.9335 ], [ -168.8183, 52.9196 ], [ -168.8466, 52.9206 ], [ -168.8602, 52.9161 ], [ -168.9008, 52.8883 ], [ -169.0399, 52.8537 ], [ -169.0356, 52.8373 ], [ -169.1113, 52.8236 ], [ -169.0953, 52.8349 ], [ -169.0609, 52.8418 ], [ -169.0499, 52.8577 ], [ -169.056, 52.8646 ], [ -168.9966, 52.8715 ], [ -168.9809, 52.8782 ], [ -168.9704, 52.8947 ], [ -168.9679, 52.9272 ], [ -168.953, 52.9403 ], [ -168.9302, 52.9443 ], [ -168.891, 52.9403 ], [ -168.8711, 52.954 ], [ -168.8633, 52.9716 ], [ -168.862, 53.0069 ], [ -168.8506, 53.0222 ], [ -168.8289, 53.0161 ], [ -168.8081, 53.0284 ], [ -168.7721, 53.067 ], [ -168.7686, 53.0814 ], [ -168.7945, 53.1155 ], [ -168.796, 53.1383 ], [ -168.7753, 53.1708 ], [ -168.7595, 53.1867 ], [ -168.7274, 53.1993 ], [ -168.6978, 53.2237 ], [ -168.6376, 53.2505 ], [ -168.6234, 53.2742 ], [ -168.6057, 53.2751 ], [ -168.5505, 53.2524 ], [ -168.5282, 53.2482 ], [ -168.5015, 53.2654 ], [ -168.4643, 53.2768 ], [ -168.4479, 53.2708 ], [ -168.4329, 53.2482 ], [ -168.3795, 53.261 ], [ -168.3608, 53.2713 ], [ -168.3509, 53.3028 ], [ -168.3715, 53.2983 ], [ -168.3755, 53.3052 ], [ -168.3708, 53.3171 ], [ -168.4329, 53.3301 ], [ -168.4329, 53.3376 ], [ -168.4197, 53.3427 ], [ -168.3957, 53.3668 ], [ -168.3919, 53.3785 ], [ -168.397, 53.3967 ], [ -168.4066, 53.4095 ], [ -168.3981, 53.4269 ], [ -168.3646, 53.4679 ], [ -168.3146, 53.482 ], [ -168.2707, 53.5139 ], [ -168.2368, 53.5301 ], [ -168.1998, 53.5402 ], [ -168.1255, 53.5467 ], [ -168.0779, 53.5634 ], [ -168.0289, 53.5605 ], [ -168.0083, 53.5703 ], [ -167.9599, 53.5378 ], [ -167.9347, 53.5268 ], [ -167.9016, 53.5225 ], [ -167.8374, 53.5255 ], [ -167.807, 53.5201 ], [ -167.7948, 53.502 ], [ -167.8081, 53.4779 ], [ -167.853, 53.4473 ], [ -167.8712, 53.4269 ], [ -167.8539, 53.4136 ], [ -167.8513, 53.4039 ], [ -167.8575, 53.3928 ], [ -167.85, 53.3854 ], [ -167.9377, 53.3485 ], [ -167.9881, 53.3386 ], [ -168.1382, 53.2733 ], [ -168.2258, 53.2597 ], [ -168.2876, 53.243 ], [ -168.3117, 53.22 ], [ -168.3292, 53.2147 ], [ -168.323, 53.201 ], [ -168.3402, 53.1894 ], [ -168.3591, 53.1611 ], [ -168.3776, 53.1662 ], [ -168.3766, 53.1402 ], [ -168.3907, 53.1247 ], [ -168.4329, 53.0974 ] ] ], [ [ [ -166.5957, 53.5362 ], [ -166.6086, 53.5551 ], [ -166.6645, 53.5982 ], [ -166.6659, 53.5817 ], [ -166.6429, 53.55 ], [ -166.6366, 53.5328 ], [ -166.6474, 53.5291 ], [ -166.713, 53.5498 ], [ -166.7084, 53.5363 ], [ -166.668, 53.5194 ], [ -166.6564, 53.5024 ], [ -166.6592, 53.4909 ], [ -166.6715, 53.4885 ], [ -166.6978, 53.5053 ], [ -166.7344, 53.5115 ], [ -166.7464, 53.5294 ], [ -166.7949, 53.5703 ], [ -166.8092, 53.5566 ], [ -166.7812, 53.5089 ], [ -166.7506, 53.4792 ], [ -166.7464, 53.4679 ], [ -166.7522, 53.4509 ], [ -166.7645, 53.4491 ], [ -166.7949, 53.4611 ], [ -166.805, 53.471 ], [ -166.8154, 53.4679 ], [ -166.8291, 53.4399 ], [ -166.8768, 53.4815 ], [ -166.8931, 53.476 ], [ -166.9045, 53.4468 ], [ -166.9178, 53.4399 ], [ -166.9304, 53.4451 ], [ -166.9389, 53.4638 ], [ -166.9525, 53.4611 ], [ -166.9692, 53.4297 ], [ -166.9867, 53.4269 ], [ -166.9792, 53.4474 ], [ -167.0074, 53.4526 ], [ -167.0683, 53.427 ], [ -167.1367, 53.4159 ], [ -167.2122, 53.3875 ], [ -167.2917, 53.3716 ], [ -167.3218, 53.3301 ], [ -167.3913, 53.3444 ], [ -167.439, 53.3253 ], [ -167.459, 53.3239 ], [ -167.4528, 53.3096 ], [ -167.4805, 53.2958 ], [ -167.5006, 53.2755 ], [ -167.5082, 53.2599 ], [ -167.5364, 53.2751 ], [ -167.6061, 53.2807 ], [ -167.6305, 53.2602 ], [ -167.6651, 53.2419 ], [ -167.6723, 53.2616 ], [ -167.6971, 53.2709 ], [ -167.7806, 53.2807 ], [ -167.8022, 53.2891 ], [ -167.8151, 53.3016 ], [ -167.8403, 53.3043 ], [ -167.85, 53.3096 ], [ -167.7185, 53.3813 ], [ -167.703, 53.3854 ], [ -167.6704, 53.3854 ], [ -167.6415, 53.3751 ], [ -167.5942, 53.3786 ], [ -167.5968, 53.3928 ], [ -167.5705, 53.3963 ], [ -167.5166, 53.3814 ], [ -167.4869, 53.3785 ], [ -167.5136, 53.4064 ], [ -167.5136, 53.4127 ], [ -167.5046, 53.4141 ], [ -167.4746, 53.434 ], [ -167.4409, 53.4304 ], [ -167.4084, 53.4193 ], [ -167.3907, 53.4195 ], [ -167.4044, 53.4337 ], [ -167.3784, 53.432 ], [ -167.3432, 53.4188 ], [ -167.3215, 53.4164 ], [ -167.3361, 53.4474 ], [ -167.3131, 53.442 ], [ -167.3036, 53.4453 ], [ -167.3026, 53.4713 ], [ -167.2916, 53.476 ], [ -167.2263, 53.4611 ], [ -167.1696, 53.4702 ], [ -167.1586, 53.4771 ], [ -167.1725, 53.5102 ], [ -167.1853, 53.5225 ], [ -167.1073, 53.5145 ], [ -167.0431, 53.5178 ], [ -166.9801, 53.5281 ], [ -166.96, 53.5362 ], [ -166.9819, 53.5449 ], [ -167.0519, 53.5362 ], [ -167.0981, 53.5393 ], [ -167.1444, 53.5566 ], [ -167.1301, 53.5703 ], [ -167.1536, 53.5814 ], [ -167.1621, 53.6024 ], [ -167.1554, 53.6226 ], [ -167.1338, 53.6318 ], [ -167.0829, 53.6256 ], [ -167.0598, 53.6035 ], [ -167.0482, 53.5982 ], [ -167.0555, 53.6044 ], [ -167.0482, 53.6113 ], [ -167.0536, 53.6275 ], [ -167.0378, 53.6287 ], [ -166.9935, 53.6181 ], [ -167.0068, 53.6373 ], [ -167.0449, 53.6527 ], [ -167.0624, 53.6665 ], [ -167.0646, 53.6827 ], [ -167.0506, 53.6959 ], [ -167.028, 53.7048 ], [ -166.9164, 53.7157 ], [ -166.8942, 53.7043 ], [ -166.8704, 53.6739 ], [ -166.8631, 53.6318 ], [ -166.8563, 53.6318 ], [ -166.8426, 53.6597 ], [ -166.8017, 53.6318 ], [ -166.8271, 53.6909 ], [ -166.8291, 53.7081 ], [ -166.7867, 53.692 ], [ -166.7669, 53.6909 ], [ -166.7464, 53.7006 ], [ -166.7684, 53.7009 ], [ -166.7875, 53.7081 ], [ -166.7681, 53.7145 ], [ -166.7248, 53.7141 ], [ -166.7055, 53.7211 ], [ -166.8077, 53.7296 ], [ -166.9383, 53.7695 ], [ -166.9686, 53.7726 ], [ -167.0382, 53.7553 ], [ -167.1034, 53.8037 ], [ -167.0965, 53.8242 ], [ -167.1511, 53.8242 ], [ -167.1634, 53.8574 ], [ -167.1301, 53.8686 ], [ -167.1034, 53.9062 ], [ -167.0216, 53.9612 ], [ -166.9829, 53.9538 ], [ -166.9383, 53.975 ], [ -166.8953, 53.9809 ], [ -166.8563, 53.9676 ], [ -166.7539, 54.016 ], [ -166.7419, 54.0054 ], [ -166.7529, 53.9844 ], [ -166.7464, 53.975 ], [ -166.731, 53.9741 ], [ -166.6993, 54.0085 ], [ -166.6683, 54.0136 ], [ -166.6346, 54.0046 ], [ -166.6057, 53.9858 ], [ -166.5894, 53.9614 ], [ -166.6251, 53.9507 ], [ -166.6366, 53.9235 ], [ -166.6236, 53.9062 ], [ -166.6361, 53.8765 ], [ -166.6335, 53.872 ], [ -166.5964, 53.8845 ], [ -166.582, 53.8794 ], [ -166.6067, 53.8448 ], [ -166.6099, 53.831 ], [ -166.587, 53.8393 ], [ -166.4895, 53.9001 ], [ -166.4753, 53.8991 ], [ -166.4591, 53.8856 ], [ -166.4386, 53.9266 ], [ -166.4386, 53.9471 ], [ -166.4181, 53.9538 ], [ -166.4039, 53.9892 ], [ -166.3704, 54.0085 ], [ -166.3602, 53.9928 ], [ -166.3734, 53.9568 ], [ -166.3492, 53.9471 ], [ -166.2767, 53.9749 ], [ -166.2605, 53.9676 ], [ -166.251, 53.9366 ], [ -166.2542, 53.9235 ], [ -166.2673, 53.9129 ], [ -166.2533, 53.9135 ], [ -166.2189, 53.934 ], [ -166.2187, 53.9186 ], [ -166.2249, 53.9055 ], [ -166.2468, 53.8856 ], [ -166.2666, 53.8743 ], [ -166.3017, 53.8685 ], [ -166.3225, 53.872 ], [ -166.3365, 53.8874 ], [ -166.3458, 53.8825 ], [ -166.3567, 53.8515 ], [ -166.3743, 53.8421 ], [ -166.4143, 53.838 ], [ -166.4318, 53.831 ], [ -166.4113, 53.8105 ], [ -166.4242, 53.8048 ], [ -166.5216, 53.789 ], [ -166.5416, 53.79 ], [ -166.4932, 53.7764 ], [ -166.4932, 53.7695 ], [ -166.5207, 53.7646 ], [ -166.5409, 53.7518 ], [ -166.5751, 53.7143 ], [ -166.5595, 53.7156 ], [ -166.5509, 53.7106 ], [ -166.5493, 53.7006 ], [ -166.5547, 53.687 ], [ -166.5406, 53.6951 ], [ -166.5137, 53.728 ], [ -166.4984, 53.7228 ], [ -166.488, 53.6948 ], [ -166.4764, 53.6976 ], [ -166.4713, 53.734 ], [ -166.4404, 53.7545 ], [ -166.4203, 53.7587 ], [ -166.405, 53.7553 ], [ -166.4039, 53.7416 ], [ -166.3862, 53.7367 ], [ -166.3765, 53.7211 ], [ -166.3697, 53.7348 ], [ -166.3683, 53.7587 ], [ -166.3598, 53.7729 ], [ -166.3462, 53.7827 ], [ -166.3341, 53.7824 ], [ -166.3151, 53.7621 ], [ -166.3176, 53.7304 ], [ -166.2781, 53.7239 ], [ -166.2735, 53.687 ], [ -166.2895, 53.6799 ], [ -166.3313, 53.674 ], [ -166.4078, 53.6727 ], [ -166.425, 53.6665 ], [ -166.4039, 53.6528 ], [ -166.4276, 53.6511 ], [ -166.4704, 53.6387 ], [ -166.4932, 53.6461 ], [ -166.5621, 53.6181 ], [ -166.5345, 53.609 ], [ -166.5212, 53.5846 ], [ -166.5495, 53.6011 ], [ -166.5758, 53.5937 ], [ -166.5934, 53.5696 ], [ -166.5957, 53.5362 ] ] ], [ [ [ -166.2719, 53.7434 ], [ -166.2909, 53.7491 ], [ -166.2978, 53.7602 ], [ -166.2993, 53.7817 ], [ -166.2905, 53.7954 ], [ -166.2673, 53.7831 ], [ -166.2675, 53.7968 ], [ -166.262, 53.8032 ], [ -166.2379, 53.8153 ], [ -166.24, 53.7831 ], [ -166.2325, 53.7831 ], [ -166.2124, 53.8229 ], [ -166.1978, 53.8371 ], [ -166.1779, 53.831 ], [ -166.1697, 53.843 ], [ -166.137, 53.8378 ], [ -166.1059, 53.848 ], [ -166.0892, 53.8447 ], [ -166.1028, 53.831 ], [ -166.1129, 53.8303 ], [ -166.1268, 53.8198 ], [ -166.1301, 53.8105 ], [ -166.1196, 53.8026 ], [ -166.1172, 53.793 ], [ -166.1212, 53.7836 ], [ -166.1445, 53.7725 ], [ -166.1916, 53.7764 ], [ -166.1716, 53.7479 ], [ -166.1748, 53.7385 ], [ -166.1845, 53.7339 ], [ -166.2263, 53.728 ], [ -166.2126, 53.7081 ], [ -166.2719, 53.7434 ] ] ], [ [ [ -166.1566, 53.9936 ], [ -166.1158, 53.9887 ], [ -166.0795, 53.9709 ], [ -166.089, 53.9617 ], [ -166.1115, 53.956 ], [ -166.1539, 53.9553 ], [ -166.1913, 53.9649 ], [ -166.1961, 53.981 ], [ -166.1892, 53.9897 ], [ -166.1566, 53.9936 ] ] ], [ [ [ -165.2457, 54.057 ], [ -165.2804, 54.0638 ], [ -165.2941, 54.0439 ], [ -165.3078, 54.0478 ], [ -165.326, 54.0668 ], [ -165.3384, 54.0712 ], [ -165.3878, 54.0701 ], [ -165.4224, 54.0775 ], [ -165.4653, 54.0739 ], [ -165.4858, 54.0775 ], [ -165.3766, 54.0911 ], [ -165.2667, 54.0911 ], [ -165.2528, 54.0777 ], [ -165.2457, 54.057 ] ] ], [ [ [ -165.1165, 54.1184 ], [ -165.0917, 54.1252 ], [ -165.0774, 54.1236 ], [ -165.0402, 54.1047 ], [ -164.9886, 54.1236 ], [ -164.9811, 54.1307 ], [ -164.9725, 54.1252 ], [ -164.9551, 54.1331 ], [ -164.9378, 54.1252 ], [ -164.9327, 54.114 ], [ -164.9399, 54.0993 ], [ -164.9651, 54.0775 ], [ -165.0538, 54.0775 ], [ -165.0892, 54.0709 ], [ -165.1077, 54.0739 ], [ -165.123, 54.0849 ], [ -165.1433, 54.0775 ], [ -165.2258, 54.0911 ], [ -165.2037, 54.1147 ], [ -165.1832, 54.1184 ], [ -165.1644, 54.1121 ], [ -165.133, 54.1326 ], [ -165.1165, 54.1184 ] ] ], [ [ [ -166.0802, 54.0922 ], [ -166.1227, 54.1184 ], [ -166.109, 54.1326 ], [ -166.1164, 54.1395 ], [ -166.0817, 54.1805 ], [ -165.9714, 54.2195 ], [ -165.9455, 54.2221 ], [ -165.8796, 54.2134 ], [ -165.8768, 54.2096 ], [ -165.8837, 54.1907 ], [ -165.8749, 54.1744 ], [ -165.8544, 54.1677 ], [ -165.8314, 54.1715 ], [ -165.8148, 54.1873 ], [ -165.7999, 54.1739 ], [ -165.7391, 54.1531 ], [ -165.7595, 54.1445 ], [ -165.8216, 54.1395 ], [ -165.8216, 54.1326 ], [ -165.7801, 54.1252 ], [ -165.6721, 54.1289 ], [ -165.6572, 54.1252 ], [ -165.6795, 54.0991 ], [ -165.6995, 54.0887 ], [ -165.781, 54.07 ], [ -165.8391, 54.0849 ], [ -165.8873, 54.0363 ], [ -165.9007, 54.0334 ], [ -165.9182, 54.061 ], [ -165.9661, 54.0624 ], [ -165.9725, 54.0712 ], [ -165.9887, 54.0591 ], [ -166.0408, 54.0364 ], [ -166.0755, 54.0638 ], [ -166.066, 54.0776 ], [ -166.0802, 54.0922 ] ] ], [ [ [ -165.6844, 54.2351 ], [ -165.6736, 54.2624 ], [ -165.6643, 54.2726 ], [ -165.6348, 54.2763 ], [ -165.6271, 54.2965 ], [ -165.5985, 54.2873 ], [ -165.5957, 54.2692 ], [ -165.5872, 54.2665 ], [ -165.5746, 54.2766 ], [ -165.5312, 54.2944 ], [ -165.4943, 54.2964 ], [ -165.4913, 54.29 ], [ -165.5008, 54.2839 ], [ -165.52, 54.2835 ], [ -165.519, 54.2702 ], [ -165.5616, 54.2425 ], [ -165.5548, 54.2351 ], [ -165.5411, 54.2425 ], [ -165.5473, 54.2221 ], [ -165.4438, 54.2001 ], [ -165.4182, 54.2077 ], [ -165.4045, 54.1918 ], [ -165.4239, 54.1831 ], [ -165.4858, 54.1805 ], [ -165.4858, 54.1737 ], [ -165.474, 54.1659 ], [ -165.5063, 54.1593 ], [ -165.5399, 54.1452 ], [ -165.5548, 54.1457 ], [ -165.5411, 54.1395 ], [ -165.5509, 54.1223 ], [ -165.5679, 54.1125 ], [ -165.5888, 54.1109 ], [ -165.61, 54.1184 ], [ -165.6249, 54.1324 ], [ -165.6239, 54.1451 ], [ -165.5957, 54.1737 ], [ -165.6318, 54.1896 ], [ -165.6235, 54.2008 ], [ -165.596, 54.2137 ], [ -165.5746, 54.2351 ], [ -165.6007, 54.242 ], [ -165.6844, 54.2351 ] ] ], [ [ [ -132.9661, 54.2342 ], [ -132.9773, 54.2181 ], [ -132.9781, 54.1969 ], [ -133.0005, 54.1901 ], [ -133.0127, 54.1945 ], [ -133.0208, 54.2149 ], [ -133.0772, 54.2239 ], [ -133.0818, 54.2318 ], [ -133.0758, 54.2457 ], [ -133.0614, 54.2563 ], [ -133.0396, 54.2588 ], [ -132.9943, 54.2526 ], [ -132.9686, 54.2401 ], [ -132.9661, 54.2342 ] ] ], [ [ [ -162.4848, 54.4064 ], [ -162.4815, 54.4196 ], [ -162.4569, 54.4201 ], [ -162.4091, 54.4064 ], [ -162.4016, 54.3859 ], [ -162.3681, 54.3921 ], [ -162.3681, 54.3859 ], [ -162.4132, 54.3718 ], [ -162.4354, 54.372 ], [ -162.4848, 54.4064 ] ] ], [ [ [ -162.8292, 54.4891 ], [ -162.8275, 54.5019 ], [ -162.8138, 54.5043 ], [ -162.7931, 54.5003 ], [ -162.6214, 54.4548 ], [ -162.5947, 54.4548 ], [ -162.5872, 54.4411 ], [ -162.5465, 54.4147 ], [ -162.55, 54.3859 ], [ -162.6555, 54.3921 ], [ -162.6368, 54.3814 ], [ -162.6146, 54.3791 ], [ -162.6146, 54.3723 ], [ -162.6476, 54.3754 ], [ -162.6766, 54.3859 ], [ -162.7286, 54.3958 ], [ -162.754, 54.4096 ], [ -162.7964, 54.4235 ], [ -162.8411, 54.461 ], [ -162.8216, 54.4625 ], [ -162.8292, 54.4891 ] ] ], [ [ [ -163.4311, 54.735 ], [ -163.437, 54.7251 ], [ -163.4307, 54.6801 ], [ -163.4492, 54.6635 ], [ -163.5067, 54.6557 ], [ -163.5189, 54.6364 ], [ -163.6225, 54.6118 ], [ -163.6781, 54.6164 ], [ -163.7899, 54.6379 ], [ -164.1327, 54.6232 ], [ -164.2184, 54.5981 ], [ -164.3297, 54.5348 ], [ -164.3345, 54.5268 ], [ -164.3295, 54.5025 ], [ -164.3345, 54.4883 ], [ -164.3613, 54.4585 ], [ -164.4056, 54.436 ], [ -164.4571, 54.421 ], [ -164.5058, 54.4138 ], [ -164.6087, 54.4089 ], [ -164.633, 54.3958 ], [ -164.6526, 54.392 ], [ -164.8023, 54.404 ], [ -164.826, 54.4113 ], [ -164.8453, 54.4235 ], [ -164.8891, 54.4709 ], [ -164.9099, 54.4753 ], [ -164.9043, 54.4966 ], [ -164.931, 54.5268 ], [ -164.9404, 54.5587 ], [ -164.9582, 54.5852 ], [ -164.9383, 54.5989 ], [ -164.8791, 54.6221 ], [ -164.7968, 54.6345 ], [ -164.7392, 54.6528 ], [ -164.7007, 54.6783 ], [ -164.5695, 54.837 ], [ -164.5576, 54.8445 ], [ -164.5474, 54.8828 ], [ -164.4775, 54.9189 ], [ -164.4532, 54.925 ], [ -164.3996, 54.9277 ], [ -164.3782, 54.9228 ], [ -164.314, 54.893 ], [ -164.2251, 54.8947 ], [ -164.213, 54.8999 ], [ -164.2109, 54.9084 ], [ -164.2246, 54.9203 ], [ -164.1907, 54.9421 ], [ -164.1568, 54.957 ], [ -164.1194, 54.9654 ], [ -164.0507, 54.9711 ], [ -163.9791, 55.0 ], [ -163.5051, 55.0 ], [ -163.4614, 54.9708 ], [ -163.4307, 54.9346 ], [ -163.4232, 54.912 ], [ -163.4211, 54.8659 ], [ -163.4127, 54.8483 ], [ -163.373, 54.7927 ], [ -163.3544, 54.7769 ], [ -163.3288, 54.7657 ], [ -163.3033, 54.7618 ], [ -163.2331, 54.7635 ], [ -163.1988, 54.7839 ], [ -163.1442, 54.7703 ], [ -163.1289, 54.7541 ], [ -163.0997, 54.7047 ], [ -163.0677, 54.6836 ], [ -163.0506, 54.6641 ], [ -163.0633, 54.6596 ], [ -163.1555, 54.6662 ], [ -163.17, 54.6739 ], [ -163.1148, 54.6876 ], [ -163.1401, 54.6999 ], [ -163.1853, 54.6975 ], [ -163.2158, 54.6833 ], [ -163.2281, 54.6801 ], [ -163.2385, 54.6831 ], [ -163.2723, 54.7091 ], [ -163.3135, 54.7148 ], [ -163.3478, 54.7523 ], [ -163.3695, 54.7646 ], [ -163.4311, 54.735 ] ] ], [ [ [ -159.5893, 54.7597 ], [ -159.5936, 54.7668 ], [ -159.5926, 54.7866 ], [ -159.6042, 54.8123 ], [ -159.5973, 54.8202 ], [ -159.5852, 54.8242 ], [ -159.5713, 54.8223 ], [ -159.5151, 54.7869 ], [ -159.5153, 54.7687 ], [ -159.5271, 54.7595 ], [ -159.5471, 54.7539 ], [ -159.5893, 54.7597 ] ] ], [ [ [ -133.5447, 54.8317 ], [ -133.5378, 54.835 ], [ -133.5206, 54.8203 ], [ -133.5152, 54.7825 ], [ -133.5218, 54.7668 ], [ -133.544, 54.7794 ], [ -133.5447, 54.8317 ] ] ], [ [ [ -132.9988, 54.838 ], [ -133.0071, 54.8661 ], [ -133.0371, 54.8774 ], [ -133.0491, 54.8889 ], [ -133.0515, 54.9025 ], [ -133.0381, 54.9135 ], [ -133.1007, 54.9203 ], [ -133.1007, 54.9277 ], [ -133.0637, 54.9357 ], [ -133.0586, 54.9408 ], [ -133.0646, 54.9471 ], [ -133.1391, 54.9453 ], [ -133.1479, 54.9544 ], [ -133.1413, 54.9631 ], [ -133.1435, 54.9731 ], [ -133.1548, 54.9818 ], [ -133.1348, 54.9975 ], [ -133.1368, 55.0 ], [ -132.945, 55.0 ], [ -132.9425, 54.9482 ], [ -132.9328, 54.9455 ], [ -132.9066, 54.9514 ], [ -132.8941, 54.9482 ], [ -132.9015, 54.9408 ], [ -132.8873, 54.9346 ], [ -132.9015, 54.9135 ], [ -132.8605, 54.9003 ], [ -132.8438, 54.8891 ], [ -132.8395, 54.8725 ], [ -132.8246, 54.8752 ], [ -132.815, 54.8676 ], [ -132.8144, 54.8555 ], [ -132.8265, 54.8445 ], [ -132.7845, 54.8369 ], [ -132.7626, 54.8244 ], [ -132.7507, 54.8037 ], [ -132.7225, 54.7766 ], [ -132.7252, 54.7674 ], [ -132.7507, 54.7564 ], [ -132.7439, 54.749 ], [ -132.7576, 54.7422 ], [ -132.7054, 54.7288 ], [ -132.6883, 54.718 ], [ -132.703, 54.7012 ], [ -132.6712, 54.6773 ], [ -132.7576, 54.6739 ], [ -132.7682, 54.693 ], [ -132.7938, 54.6981 ], [ -132.8429, 54.6938 ], [ -132.8638, 54.7416 ], [ -132.8395, 54.7422 ], [ -132.9381, 54.7877 ], [ -132.9562, 54.8037 ], [ -132.9256, 54.8153 ], [ -132.911, 54.8264 ], [ -132.9084, 54.8383 ], [ -132.9217, 54.8452 ], [ -132.9804, 54.8315 ], [ -132.9988, 54.838 ] ] ], [ [ [ -163.2314, 54.8448 ], [ -163.2775, 54.8337 ], [ -163.3208, 54.8139 ], [ -163.3414, 54.8111 ], [ -163.3574, 54.8176 ], [ -163.3898, 54.8589 ], [ -163.3271, 54.8862 ], [ -163.3209, 54.9073 ], [ -163.3015, 54.9137 ], [ -163.2799, 54.9135 ], [ -163.2968, 54.9276 ], [ -163.3453, 54.9194 ], [ -163.3476, 54.9408 ], [ -163.3292, 54.9669 ], [ -163.2814, 54.9446 ], [ -163.2551, 54.9513 ], [ -163.246, 54.97 ], [ -163.2821, 54.9901 ], [ -163.2867, 55.0 ], [ -163.1638, 55.0 ], [ -163.114, 54.9923 ], [ -163.0673, 54.9733 ], [ -163.0533, 54.9612 ], [ -163.0499, 54.9418 ], [ -163.0626, 54.9288 ], [ -163.1352, 54.9037 ], [ -163.1712, 54.8819 ], [ -163.2004, 54.873 ], [ -163.2314, 54.8448 ] ] ], [ [ [ -159.2464, 54.8896 ], [ -159.2866, 54.8717 ], [ -159.3178, 54.8847 ], [ -159.3262, 54.9079 ], [ -159.2982, 54.9203 ], [ -159.3177, 54.9338 ], [ -159.3392, 54.9346 ], [ -159.2923, 54.9517 ], [ -159.2771, 54.9482 ], [ -159.2845, 54.9408 ], [ -159.269, 54.9296 ], [ -159.2126, 54.9311 ], [ -159.2088, 54.9185 ], [ -159.2464, 54.8896 ] ] ], [ [ [ -162.2378, 54.9681 ], [ -162.2304, 54.9392 ], [ -162.2309, 54.9073 ], [ -162.2788, 54.852 ], [ -162.309, 54.8373 ], [ -162.3422, 54.8395 ], [ -162.3744, 54.8531 ], [ -162.4016, 54.8725 ], [ -162.4242, 54.8979 ], [ -162.4364, 54.9277 ], [ -162.4267, 54.9387 ], [ -162.3749, 54.9544 ], [ -162.3026, 54.9857 ], [ -162.2627, 54.9892 ], [ -162.2378, 54.9681 ] ] ], [ [ [ -160.2402, 54.9271 ], [ -160.2303, 54.9345 ], [ -160.1889, 54.9482 ], [ -160.1493, 55.0 ], [ -160.0791, 55.0 ], [ -160.1298, 54.966 ], [ -160.1833, 54.9189 ], [ -160.1964, 54.9052 ], [ -160.2084, 54.8738 ], [ -160.2227, 54.8761 ], [ -160.237, 54.8886 ], [ -160.2435, 54.9036 ], [ -160.2402, 54.9271 ] ] ], [ [ [ -162.9705, 55.0 ], [ -162.6997, 55.0 ], [ -162.7238, 54.9755 ], [ -162.7166, 54.9634 ], [ -162.7674, 54.9396 ], [ -162.8504, 54.935 ], [ -162.8776, 54.939 ], [ -162.9208, 54.9574 ], [ -162.935, 54.977 ], [ -162.9674, 54.9923 ], [ -162.9705, 55.0 ] ] ], [ [ [ -159.4515, 54.9565 ], [ -159.4553, 54.9818 ], [ -159.4457, 54.9851 ], [ -159.4081, 54.9818 ], [ -159.4156, 55.0 ], [ -159.3609, 55.0 ], [ -159.3392, 54.9755 ], [ -159.4011, 54.9503 ], [ -159.4343, 54.9418 ], [ -159.4627, 54.9482 ], [ -159.4515, 54.9565 ] ] ], [ [ [ -162.5599, 54.9612 ], [ -162.5848, 54.9658 ], [ -162.647, 55.0 ], [ -162.58, 55.0 ], [ -162.5599, 54.9612 ] ] ], [ [ [ -132.7427, 55.0 ], [ -132.7507, 54.9954 ], [ -132.7535, 55.0 ], [ -132.7427, 55.0 ] ] ], [ [ [ -131.024, 51.9466 ], [ -131.0507, 51.9536 ], [ -131.1127, 52.0019 ], [ -131.0898, 52.0211 ], [ -131.0878, 52.0311 ], [ -131.1131, 52.0422 ], [ -131.1282, 52.0981 ], [ -131.1268, 52.1116 ], [ -131.1088, 52.154 ], [ -131.0674, 52.1511 ], [ -131.0609, 52.1474 ], [ -131.06, 52.1406 ], [ -131.0649, 52.1309 ], [ -131.0168, 52.108 ], [ -131.0099, 52.106 ], [ -130.9967, 52.1117 ], [ -130.9603, 52.1043 ], [ -130.9508, 52.0949 ], [ -130.9551, 52.0769 ], [ -130.9669, 52.0679 ], [ -131.0172, 52.0695 ], [ -131.0448, 52.0616 ], [ -131.0546, 52.0654 ], [ -131.0649, 52.0837 ], [ -131.0714, 52.061 ], [ -131.0553, 52.0467 ], [ -131.0097, 52.0285 ], [ -130.9923, 52.0134 ], [ -131.0015, 52.0119 ], [ -131.0444, 52.0285 ], [ -131.04, 52.0137 ], [ -131.0175, 51.995 ], [ -131.0097, 51.9801 ], [ -131.0444, 51.9739 ], [ -131.024, 51.9466 ] ] ], [ [ [ -129.1259, 52.5871 ], [ -129.119, 52.6114 ], [ -129.1547, 52.6049 ], [ -129.1842, 52.6266 ], [ -129.2277, 52.6802 ], [ -129.2118, 52.6848 ], [ -129.1942, 52.6802 ], [ -129.2089, 52.6945 ], [ -129.2557, 52.714 ], [ -129.2761, 52.7274 ], [ -129.2687, 52.7343 ], [ -129.292, 52.7626 ], [ -129.2868, 52.7742 ], [ -129.2687, 52.7895 ], [ -129.2815, 52.8105 ], [ -129.2751, 52.8247 ], [ -129.257, 52.8281 ], [ -129.1805, 52.7895 ], [ -129.1357, 52.7532 ], [ -129.1018, 52.7434 ], [ -128.9301, 52.6144 ], [ -128.9249, 52.6018 ], [ -128.9263, 52.5278 ], [ -128.9325, 52.499 ], [ -128.9496, 52.4733 ], [ -128.9813, 52.4537 ], [ -128.9865, 52.48 ], [ -128.9925, 52.4874 ], [ -129.0092, 52.4879 ], [ -129.0006, 52.5041 ], [ -129.0037, 52.5203 ], [ -129.0138, 52.5299 ], [ -129.0434, 52.5175 ], [ -129.0602, 52.5241 ], [ -129.0729, 52.5393 ], [ -129.0781, 52.5567 ], [ -129.1023, 52.5537 ], [ -129.1193, 52.5659 ], [ -129.1259, 52.5871 ] ] ], [ [ [ -129.4024, 52.6466 ], [ -129.4355, 52.6377 ], [ -129.4496, 52.644 ], [ -129.4274, 52.6743 ], [ -129.4328, 52.6831 ], [ -129.4133, 52.6876 ], [ -129.4001, 52.6795 ], [ -129.4024, 52.6466 ] ] ], [ [ [ -131.51, 52.6318 ], [ -131.5709, 52.6616 ], [ -131.5925, 52.666 ], [ -131.5863, 52.6591 ], [ -131.5936, 52.6388 ], [ -131.5546, 52.6147 ], [ -131.5788, 52.5977 ], [ -131.602, 52.5952 ], [ -131.619, 52.6057 ], [ -131.654, 52.6455 ], [ -131.647, 52.6646 ], [ -131.6956, 52.7002 ], [ -131.7024, 52.7213 ], [ -131.679, 52.7348 ], [ -131.6388, 52.7371 ], [ -131.5646, 52.7274 ], [ -131.5917, 52.7216 ], [ -131.6569, 52.7216 ], [ -131.6744, 52.7069 ], [ -131.6446, 52.7139 ], [ -131.6334, 52.708 ], [ -131.6273, 52.6933 ], [ -131.607, 52.6985 ], [ -131.5547, 52.7001 ], [ -131.5441, 52.7038 ], [ -131.5339, 52.7187 ], [ -131.4854, 52.736 ], [ -131.469, 52.7343 ], [ -131.4447, 52.7027 ], [ -131.4469, 52.685 ], [ -131.4621, 52.6591 ], [ -131.4527, 52.6452 ], [ -131.4669, 52.6361 ], [ -131.51, 52.6318 ] ] ], [ [ [ -131.3375, 52.2161 ], [ -131.3455, 52.2346 ], [ -131.3523, 52.2346 ], [ -131.3566, 52.2004 ], [ -131.38, 52.2029 ], [ -131.4318, 52.2445 ], [ -131.4586, 52.2844 ], [ -131.4891, 52.2941 ], [ -131.5174, 52.3302 ], [ -131.5375, 52.3227 ], [ -131.5584, 52.3302 ], [ -131.5379, 52.3581 ], [ -131.557, 52.3518 ], [ -131.5754, 52.3544 ], [ -131.5863, 52.3886 ], [ -131.5749, 52.4033 ], [ -131.5491, 52.404 ], [ -131.5032, 52.3917 ], [ -131.5116, 52.4085 ], [ -131.5292, 52.4214 ], [ -131.5683, 52.4326 ], [ -131.6037, 52.4229 ], [ -131.6471, 52.4571 ], [ -131.6578, 52.4779 ], [ -131.6829, 52.4897 ], [ -131.761, 52.5117 ], [ -131.8826, 52.5762 ], [ -131.8973, 52.5875 ], [ -131.9023, 52.6203 ], [ -131.9298, 52.6296 ], [ -131.9283, 52.6489 ], [ -132.0102, 52.6802 ], [ -132.086, 52.7343 ], [ -132.0601, 52.7593 ], [ -132.0452, 52.765 ], [ -132.0111, 52.7563 ], [ -131.9693, 52.7274 ], [ -131.963, 52.7343 ], [ -132.0171, 52.7752 ], [ -132.004, 52.7827 ], [ -131.9221, 52.7274 ], [ -131.9303, 52.7409 ], [ -131.9413, 52.7485 ], [ -131.9388, 52.7731 ], [ -131.9626, 52.7869 ], [ -132.0171, 52.8032 ], [ -132.0363, 52.817 ], [ -132.065, 52.85 ], [ -132.086, 52.8577 ], [ -132.0605, 52.8035 ], [ -132.0901, 52.7879 ], [ -132.1103, 52.7571 ], [ -132.1338, 52.7547 ], [ -132.1754, 52.7827 ], [ -132.1822, 52.7957 ], [ -132.2129, 52.8062 ], [ -132.2401, 52.8341 ], [ -132.2429, 52.8508 ], [ -132.2231, 52.8646 ], [ -132.2889, 52.883 ], [ -132.3268, 52.9133 ], [ -132.3423, 52.9425 ], [ -132.3174, 52.9544 ], [ -132.2891, 52.949 ], [ -132.2598, 52.9577 ], [ -132.2368, 52.954 ], [ -132.1993, 52.9324 ], [ -132.1804, 52.9273 ], [ -132.1679, 52.9403 ], [ -132.1894, 52.9487 ], [ -132.202, 52.9676 ], [ -132.1406, 52.9335 ], [ -132.1455, 52.9504 ], [ -132.161, 52.9602 ], [ -132.161, 52.9676 ], [ -132.1303, 52.98 ], [ -132.1167, 52.9909 ], [ -132.1139, 53.0012 ], [ -132.1291, 53.0064 ], [ -132.1802, 52.9985 ], [ -132.1989, 53.0049 ], [ -132.231, 53.0264 ], [ -132.269, 53.0307 ], [ -132.3467, 53.0285 ], [ -132.3392, 53.0427 ], [ -132.3931, 53.035 ], [ -132.4081, 53.0285 ], [ -132.4205, 53.0428 ], [ -132.4696, 53.0285 ], [ -132.4888, 53.0317 ], [ -132.5044, 53.0404 ], [ -132.5094, 53.0537 ], [ -132.4975, 53.07 ], [ -132.5169, 53.0749 ], [ -132.5516, 53.0991 ], [ -132.5484, 53.1048 ], [ -132.5326, 53.1098 ], [ -132.5658, 53.1457 ], [ -132.5421, 53.152 ], [ -132.4596, 53.1321 ], [ -132.3731, 53.1327 ], [ -132.3467, 53.1383 ], [ -132.3119, 53.1594 ], [ -132.2951, 53.1612 ], [ -132.2467, 53.1519 ], [ -132.0655, 53.1613 ], [ -132.0404, 53.1826 ], [ -131.9767, 53.2147 ], [ -131.9556, 53.2147 ], [ -131.9413, 53.2283 ], [ -131.904, 53.2407 ], [ -131.8392, 53.2419 ], [ -131.8103, 53.2574 ], [ -131.798, 53.2556 ], [ -131.7655, 53.1988 ], [ -131.7643, 53.1817 ], [ -131.7843, 53.1737 ], [ -131.7843, 53.1662 ], [ -131.7196, 53.153 ], [ -131.7024, 53.1457 ], [ -131.6819, 53.1185 ], [ -131.6511, 53.116 ], [ -131.6409, 53.111 ], [ -131.613, 53.0563 ], [ -131.5956, 53.0419 ], [ -131.618, 53.0334 ], [ -131.6304, 53.0349 ], [ -131.6691, 53.0549 ], [ -131.7211, 53.0555 ], [ -131.7842, 53.0737 ], [ -131.829, 53.0768 ], [ -131.9041, 53.0639 ], [ -132.004, 53.0639 ], [ -131.9913, 53.0544 ], [ -131.9502, 53.0468 ], [ -131.9413, 53.0393 ], [ -131.9371, 53.0091 ], [ -131.9221, 52.9875 ], [ -131.9004, 53.0222 ], [ -131.8563, 53.0465 ], [ -131.8367, 53.0503 ], [ -131.7502, 53.0222 ], [ -131.6804, 53.0125 ], [ -131.6262, 52.9981 ], [ -131.5951, 52.9765 ], [ -131.6029, 52.9654 ], [ -131.6198, 52.954 ], [ -131.6273, 52.9403 ], [ -131.6182, 52.9382 ], [ -131.613, 52.9267 ], [ -131.6745, 52.884 ], [ -131.6947, 52.8769 ], [ -131.8, 52.8748 ], [ -131.8208, 52.879 ], [ -131.8776, 52.9303 ], [ -131.8976, 52.9398 ], [ -131.9221, 52.9403 ], [ -131.9488, 52.9335 ], [ -131.9254, 52.9221 ], [ -131.8942, 52.9192 ], [ -131.8942, 52.913 ], [ -131.9836, 52.8851 ], [ -131.9836, 52.8782 ], [ -131.9523, 52.8807 ], [ -131.9005, 52.8947 ], [ -131.8737, 52.8851 ], [ -131.8563, 52.8751 ], [ -131.8524, 52.8672 ], [ -131.8786, 52.8437 ], [ -131.8777, 52.8308 ], [ -131.8563, 52.8339 ], [ -131.829, 52.8032 ], [ -131.6609, 52.8057 ], [ -131.654, 52.7957 ], [ -131.7711, 52.7833 ], [ -131.798, 52.7622 ], [ -131.8243, 52.7732 ], [ -131.8532, 52.7684 ], [ -131.8274, 52.7647 ], [ -131.8048, 52.7547 ], [ -131.8336, 52.7261 ], [ -131.8395, 52.7138 ], [ -131.782, 52.7174 ], [ -131.756, 52.7141 ], [ -131.7296, 52.7007 ], [ -131.6924, 52.6541 ], [ -131.6873, 52.631 ], [ -131.7092, 52.625 ], [ -131.6592, 52.5834 ], [ -131.6205, 52.5732 ], [ -131.6252, 52.5644 ], [ -131.6608, 52.5493 ], [ -131.6608, 52.5424 ], [ -131.6236, 52.5362 ], [ -131.6155, 52.5329 ], [ -131.6046, 52.5185 ], [ -131.5925, 52.5151 ], [ -131.5557, 52.5366 ], [ -131.5379, 52.5294 ], [ -131.5399, 52.5131 ], [ -131.5199, 52.5078 ], [ -131.469, 52.5077 ], [ -131.4831, 52.4852 ], [ -131.4144, 52.4537 ], [ -131.4486, 52.3917 ], [ -131.4235, 52.394 ], [ -131.3978, 52.3898 ], [ -131.3872, 52.3781 ], [ -131.4076, 52.3581 ], [ -131.3661, 52.3701 ], [ -131.3523, 52.3643 ], [ -131.3548, 52.4124 ], [ -131.3455, 52.4264 ], [ -131.3304, 52.434 ], [ -131.2484, 52.4469 ], [ -131.2415, 52.4352 ], [ -131.2479, 52.4198 ], [ -131.2831, 52.407 ], [ -131.2963, 52.394 ], [ -131.3041, 52.3765 ], [ -131.3045, 52.3581 ], [ -131.2811, 52.3706 ], [ -131.2499, 52.3712 ], [ -131.2545, 52.3553 ], [ -131.307, 52.3431 ], [ -131.3256, 52.3302 ], [ -131.3406, 52.3544 ], [ -131.3497, 52.3559 ], [ -131.3597, 52.3444 ], [ -131.3444, 52.3354 ], [ -131.3322, 52.2972 ], [ -131.3182, 52.2818 ], [ -131.3019, 52.2936 ], [ -131.2429, 52.2622 ], [ -131.2157, 52.2613 ], [ -131.2481, 52.2784 ], [ -131.2602, 52.2897 ], [ -131.2567, 52.3035 ], [ -131.2493, 52.3057 ], [ -131.2257, 52.296 ], [ -131.1842, 52.3184 ], [ -131.1426, 52.3162 ], [ -131.1281, 52.2962 ], [ -131.0985, 52.288 ], [ -131.0854, 52.2756 ], [ -131.0995, 52.2561 ], [ -131.1549, 52.2477 ], [ -131.181, 52.2408 ], [ -131.181, 52.2346 ], [ -131.1261, 52.2345 ], [ -131.1004, 52.2305 ], [ -131.0786, 52.2204 ], [ -131.0239, 52.2353 ], [ -131.0097, 52.2271 ], [ -131.0081, 52.2122 ], [ -131.0156, 52.1953 ], [ -131.0377, 52.1719 ], [ -131.0985, 52.169 ], [ -131.1127, 52.1719 ], [ -131.123, 52.1846 ], [ -131.1278, 52.2091 ], [ -131.1475, 52.2128 ], [ -131.1405, 52.1769 ], [ -131.1521, 52.1424 ], [ -131.175, 52.1245 ], [ -131.2015, 52.1384 ], [ -131.2157, 52.1998 ], [ -131.243, 52.2228 ], [ -131.2772, 52.2408 ], [ -131.2428, 52.1705 ], [ -131.2372, 52.1361 ], [ -131.2629, 52.1247 ], [ -131.2797, 52.1324 ], [ -131.2928, 52.1472 ], [ -131.3104, 52.1901 ], [ -131.3375, 52.2161 ] ] ], [ [ [ -129.3662, 52.8145 ], [ -129.3677, 52.845 ], [ -129.3547, 52.8625 ], [ -129.312, 52.8393 ], [ -129.324, 52.8206 ], [ -129.3289, 52.7996 ], [ -129.3477, 52.7999 ], [ -129.3662, 52.8145 ] ] ], [ [ [ -131.7435, 52.8113 ], [ -131.7794, 52.8116 ], [ -131.808, 52.8149 ], [ -131.8319, 52.8262 ], [ -131.8376, 52.841 ], [ -131.7594, 52.8571 ], [ -131.7358, 52.8537 ], [ -131.7305, 52.8446 ], [ -131.7435, 52.8402 ], [ -131.6652, 52.8413 ], [ -131.6536, 52.8377 ], [ -131.6552, 52.8305 ], [ -131.7008, 52.8177 ], [ -131.7435, 52.8113 ] ] ], [ [ [ -132.3241, 52.9687 ], [ -132.3826, 53.0041 ], [ -132.3647, 53.0073 ], [ -132.2296, 52.9952 ], [ -132.2019, 52.9844 ], [ -132.2157, 52.975 ], [ -132.3031, 52.9667 ], [ -132.3241, 52.9687 ] ] ], [ [ [ -129.6205, 52.9582 ], [ -129.6293, 52.9923 ], [ -129.6535, 53.0222 ], [ -129.5987, 53.0252 ], [ -129.5721, 53.0197 ], [ -129.5298, 52.9649 ], [ -129.5436, 52.9602 ], [ -129.5585, 52.9644 ], [ -129.5789, 52.9809 ], [ -129.592, 52.9819 ], [ -129.6094, 52.9617 ], [ -129.6205, 52.9582 ] ] ], [ [ [ -129.5262, 53.0192 ], [ -129.5436, 53.0086 ], [ -129.5619, 53.0314 ], [ -129.5823, 53.038 ], [ -129.6017, 53.0285 ], [ -129.6458, 53.0517 ], [ -129.6876, 53.0639 ], [ -129.6187, 53.0563 ], [ -129.5747, 53.0596 ], [ -129.5329, 53.0352 ], [ -129.5157, 53.0359 ], [ -129.5262, 53.0192 ] ] ], [ [ [ -129.5517, 53.1429 ], [ -129.5504, 53.1662 ], [ -129.5341, 53.1848 ], [ -129.5098, 53.1917 ], [ -129.4611, 53.1867 ], [ -129.4566, 53.1695 ], [ -129.4139, 53.1383 ], [ -129.3624, 53.0803 ], [ -129.3153, 53.0533 ], [ -129.3041, 53.0359 ], [ -129.2923, 53.0006 ], [ -129.2911, 52.9823 ], [ -129.3004, 52.9744 ], [ -129.338, 52.9726 ], [ -129.3754, 52.9949 ], [ -129.3949, 53.0004 ], [ -129.4269, 53.0427 ], [ -129.4709, 53.0822 ], [ -129.4796, 53.112 ], [ -129.5058, 53.0974 ], [ -129.5154, 53.1002 ], [ -129.5163, 53.1068 ], [ -129.5027, 53.1185 ], [ -129.5155, 53.1301 ], [ -129.5517, 53.1429 ] ] ], [ [ [ -129.722, 53.1369 ], [ -129.6681, 53.1374 ], [ -129.6276, 53.1177 ], [ -129.5989, 53.0936 ], [ -129.5889, 53.0718 ], [ -129.6187, 53.0639 ], [ -129.6612, 53.0699 ], [ -129.6936, 53.0832 ], [ -129.7196, 53.1039 ], [ -129.7429, 53.1321 ], [ -129.722, 53.1369 ] ] ], [ [ [ -129.16, 53.1867 ], [ -129.1547, 53.1636 ], [ -129.1342, 53.1202 ], [ -129.1396, 53.1048 ], [ -129.1628, 53.0994 ], [ -129.2403, 53.1004 ], [ -129.2624, 53.1048 ], [ -129.2694, 53.0928 ], [ -129.2767, 53.092 ], [ -129.3314, 53.1321 ], [ -129.3384, 53.1537 ], [ -129.3388, 53.1782 ], [ -129.3239, 53.2209 ], [ -129.2621, 53.2654 ], [ -129.2494, 53.2829 ], [ -129.2541, 53.3043 ], [ -129.2724, 53.3205 ], [ -129.2757, 53.331 ], [ -129.2414, 53.3336 ], [ -129.213, 53.327 ], [ -129.1839, 53.3137 ], [ -129.1737, 53.3028 ], [ -129.1701, 53.2921 ], [ -129.1737, 53.2618 ], [ -129.1526, 53.2283 ], [ -129.16, 53.1867 ] ] ], [ [ [ -130.0849, 53.2792 ], [ -130.0862, 53.3123 ], [ -130.0941, 53.3226 ], [ -130.1122, 53.3301 ], [ -130.1444, 53.3317 ], [ -130.1556, 53.3372 ], [ -130.1647, 53.3628 ], [ -130.1982, 53.3649 ], [ -130.222, 53.3854 ], [ -130.3145, 53.3928 ], [ -130.3255, 53.4 ], [ -130.3654, 53.4474 ], [ -130.4076, 53.4848 ], [ -130.4139, 53.4986 ], [ -130.4043, 53.5102 ], [ -130.3821, 53.5153 ], [ -130.3381, 53.5163 ], [ -130.3649, 53.5273 ], [ -130.4498, 53.5168 ], [ -130.4698, 53.5249 ], [ -130.5026, 53.5498 ], [ -130.5271, 53.5527 ], [ -130.5298, 53.5829 ], [ -130.5256, 53.609 ], [ -130.5153, 53.6304 ], [ -130.4961, 53.6392 ], [ -130.4445, 53.6354 ], [ -130.366, 53.6129 ], [ -130.3156, 53.5898 ], [ -130.2613, 53.5806 ], [ -130.1879, 53.5436 ], [ -130.1151, 53.5194 ], [ -130.075, 53.4929 ], [ -129.974, 53.458 ], [ -129.9286, 53.4326 ], [ -129.8826, 53.3982 ], [ -129.8678, 53.3676 ], [ -129.7661, 53.2646 ], [ -129.7429, 53.2353 ], [ -129.7367, 53.2156 ], [ -129.7379, 53.1914 ], [ -129.7484, 53.1699 ], [ -129.7696, 53.1594 ], [ -129.7853, 53.1624 ], [ -129.8174, 53.1867 ], [ -129.8307, 53.1837 ], [ -129.8583, 53.1594 ], [ -129.913, 53.1594 ], [ -129.9394, 53.1689 ], [ -129.994, 53.2142 ], [ -130.0077, 53.2313 ], [ -130.0098, 53.2482 ], [ -130.0756, 53.269 ], [ -130.0849, 53.2792 ] ] ], [ [ [ -129.0217, 53.5321 ], [ -128.9972, 53.5439 ], [ -128.9881, 53.5294 ], [ -128.9866, 53.5009 ], [ -128.9768, 53.4802 ], [ -128.9136, 53.4064 ], [ -128.9064, 53.3912 ], [ -128.9064, 53.3809 ], [ -128.9273, 53.3581 ], [ -128.92, 53.3494 ], [ -128.9207, 53.3381 ], [ -128.928, 53.3282 ], [ -128.94, 53.3239 ], [ -129.0128, 53.3403 ], [ -129.0753, 53.3334 ], [ -129.1037, 53.3188 ], [ -129.1185, 53.3205 ], [ -129.1482, 53.3637 ], [ -129.1122, 53.4093 ], [ -129.0658, 53.4525 ], [ -129.0638, 53.4883 ], [ -129.0485, 53.5086 ], [ -129.0217, 53.5321 ] ] ], [ [ [ -130.6247, 53.4815 ], [ -130.6361, 53.4984 ], [ -130.6165, 53.5064 ], [ -130.5921, 53.4962 ], [ -130.587, 53.4662 ], [ -130.6247, 53.4815 ] ] ], [ [ [ -128.8646, 53.6528 ], [ -128.8817, 53.6213 ], [ -128.8798, 53.5921 ], [ -128.8843, 53.5762 ], [ -128.9534, 53.5915 ], [ -128.9805, 53.5847 ], [ -129.0694, 53.5205 ], [ -129.0939, 53.5089 ], [ -129.0935, 53.4926 ], [ -129.0843, 53.4679 ], [ -129.0914, 53.4503 ], [ -129.129, 53.4304 ], [ -129.1662, 53.3854 ], [ -129.1743, 53.4503 ], [ -129.1717, 53.4932 ], [ -129.1588, 53.5327 ], [ -129.1662, 53.5908 ], [ -129.16, 53.627 ], [ -129.1361, 53.6494 ], [ -129.0796, 53.6674 ], [ -129.0607, 53.6843 ], [ -128.9955, 53.7006 ], [ -128.9027, 53.7006 ], [ -128.8422, 53.716 ], [ -128.8236, 53.7081 ], [ -128.8575, 53.6828 ], [ -128.8683, 53.6675 ], [ -128.8646, 53.6528 ] ] ], [ [ [ -129.6163, 53.4991 ], [ -129.6298, 53.4968 ], [ -129.6392, 53.4815 ], [ -129.6119, 53.4883 ], [ -129.588, 53.4747 ], [ -129.5599, 53.4713 ], [ -129.4989, 53.4748 ], [ -129.4781, 53.4683 ], [ -129.427, 53.435 ], [ -129.4028, 53.3984 ], [ -129.3688, 53.3839 ], [ -129.3365, 53.3606 ], [ -129.3458, 53.3281 ], [ -129.3258, 53.2959 ], [ -129.3287, 53.2634 ], [ -129.3614, 53.2455 ], [ -129.3794, 53.2802 ], [ -129.3966, 53.2924 ], [ -129.3909, 53.3087 ], [ -129.4065, 53.3322 ], [ -129.4296, 53.3356 ], [ -129.4591, 53.2948 ], [ -129.4752, 53.2974 ], [ -129.5027, 53.3171 ], [ -129.5129, 53.3107 ], [ -129.5026, 53.2816 ], [ -129.5027, 53.2686 ], [ -129.4823, 53.2449 ], [ -129.483, 53.2241 ], [ -129.4986, 53.2156 ], [ -129.5231, 53.2283 ], [ -129.5451, 53.2177 ], [ -129.5675, 53.2153 ], [ -129.585, 53.2237 ], [ -129.592, 53.2451 ], [ -129.6597, 53.3096 ], [ -129.6392, 53.3171 ], [ -129.6739, 53.3301 ], [ -129.6739, 53.3376 ], [ -129.6597, 53.3444 ], [ -129.6726, 53.3493 ], [ -129.6986, 53.3389 ], [ -129.715, 53.3376 ], [ -129.7628, 53.3649 ], [ -129.7621, 53.3827 ], [ -129.7661, 53.3854 ], [ -129.7969, 53.3785 ], [ -129.831, 53.4127 ], [ -129.8185, 53.4594 ], [ -129.821, 53.4713 ], [ -129.8755, 53.4664 ], [ -129.8968, 53.4781 ], [ -129.8719, 53.5362 ], [ -129.877, 53.5541 ], [ -129.8887, 53.5617 ], [ -129.9272, 53.5629 ], [ -129.9187, 53.5715 ], [ -129.8863, 53.5846 ], [ -129.9134, 53.5954 ], [ -129.9268, 53.5966 ], [ -129.9409, 53.5908 ], [ -129.9409, 53.5982 ], [ -129.913, 53.6113 ], [ -129.9386, 53.6204 ], [ -129.9542, 53.6098 ], [ -129.9674, 53.5932 ], [ -129.9855, 53.5846 ], [ -130.0303, 53.5816 ], [ -130.0496, 53.5878 ], [ -130.0575, 53.6079 ], [ -130.0333, 53.6313 ], [ -129.9781, 53.643 ], [ -129.9181, 53.6431 ], [ -129.8794, 53.6318 ], [ -129.8719, 53.6392 ], [ -129.9025, 53.6588 ], [ -129.9462, 53.6643 ], [ -129.9923, 53.6607 ], [ -130.0758, 53.6376 ], [ -130.0917, 53.6461 ], [ -130.0976, 53.6613 ], [ -130.0924, 53.6931 ], [ -130.0985, 53.7081 ], [ -130.1674, 53.728 ], [ -130.2024, 53.7303 ], [ -130.2115, 53.7366 ], [ -130.2146, 53.7553 ], [ -130.2041, 53.8012 ], [ -130.2146, 53.8173 ], [ -130.2312, 53.8257 ], [ -130.2909, 53.8378 ], [ -130.2673, 53.8861 ], [ -130.1962, 53.9166 ], [ -130.1064, 53.8804 ], [ -130.0705, 53.8564 ], [ -130.0303, 53.8481 ], [ -130.0267, 53.8385 ], [ -130.0181, 53.8325 ], [ -129.9962, 53.8242 ], [ -129.9327, 53.7819 ], [ -129.9003, 53.7734 ], [ -129.8651, 53.7462 ], [ -129.831, 53.7354 ], [ -129.6748, 53.5927 ], [ -129.5346, 53.5081 ], [ -129.5157, 53.4883 ], [ -129.5509, 53.4822 ], [ -129.6163, 53.4991 ] ] ], [ [ [ -132.5189, 53.3617 ], [ -132.4648, 53.3271 ], [ -132.4276, 53.3155 ], [ -132.4149, 53.2966 ], [ -132.4001, 53.3303 ], [ -132.4252, 53.3508 ], [ -132.4975, 53.3785 ], [ -132.5179, 53.4127 ], [ -132.529, 53.4173 ], [ -132.6412, 53.4323 ], [ -132.6614, 53.4399 ], [ -132.6553, 53.463 ], [ -132.661, 53.4831 ], [ -132.6706, 53.491 ], [ -132.6847, 53.4577 ], [ -132.7065, 53.4509 ], [ -132.7576, 53.4611 ], [ -132.7576, 53.4679 ], [ -132.7275, 53.4901 ], [ -132.7226, 53.505 ], [ -132.7364, 53.5163 ], [ -132.7489, 53.5162 ], [ -132.761, 53.4952 ], [ -132.8423, 53.4689 ], [ -132.8619, 53.4669 ], [ -132.8736, 53.4748 ], [ -132.8702, 53.488 ], [ -132.8265, 53.5225 ], [ -132.9289, 53.5225 ], [ -132.9053, 53.5504 ], [ -132.8941, 53.5566 ], [ -132.908, 53.5676 ], [ -132.9773, 53.5566 ], [ -132.9724, 53.5765 ], [ -132.9906, 53.5898 ], [ -132.9698, 53.5982 ], [ -132.9485, 53.5983 ], [ -132.9002, 53.5889 ], [ -132.8842, 53.5945 ], [ -132.8911, 53.6197 ], [ -132.9839, 53.6672 ], [ -133.0108, 53.687 ], [ -132.9868, 53.6799 ], [ -132.9698, 53.6945 ], [ -132.9558, 53.6878 ], [ -132.9402, 53.6861 ], [ -132.9308, 53.6901 ], [ -132.9357, 53.7006 ], [ -132.9837, 53.7176 ], [ -132.9773, 53.7354 ], [ -132.9819, 53.7449 ], [ -132.9781, 53.7633 ], [ -132.9835, 53.7695 ], [ -132.9952, 53.7707 ], [ -133.0182, 53.7553 ], [ -133.0287, 53.7555 ], [ -133.0614, 53.7647 ], [ -133.1104, 53.7866 ], [ -133.1114, 53.7979 ], [ -133.0973, 53.8073 ], [ -133.0654, 53.8173 ], [ -133.0788, 53.8333 ], [ -133.1374, 53.8757 ], [ -133.1444, 53.8969 ], [ -133.1207, 53.9409 ], [ -133.1008, 53.9545 ], [ -133.1047, 53.9875 ], [ -133.1007, 54.0023 ], [ -133.0729, 54.0023 ], [ -133.0654, 54.016 ], [ -133.0381, 54.0439 ], [ -133.0467, 54.0497 ], [ -133.0666, 54.0949 ], [ -133.0865, 54.1047 ], [ -133.0447, 54.148 ], [ -133.0405, 54.1645 ], [ -133.0729, 54.1668 ], [ -133.0534, 54.1831 ], [ -132.9979, 54.1636 ], [ -132.9528, 54.1677 ], [ -132.9088, 54.1453 ], [ -132.8344, 54.1282 ], [ -132.7781, 54.1252 ], [ -132.6756, 54.1457 ], [ -132.5757, 54.1184 ], [ -132.5669, 54.1081 ], [ -132.5634, 54.085 ], [ -132.5658, 54.0439 ], [ -132.5801, 54.0227 ], [ -132.6228, 54.0105 ], [ -132.6446, 53.9989 ], [ -132.6752, 53.9687 ], [ -132.6813, 53.9508 ], [ -132.6614, 53.9409 ], [ -132.621, 53.9705 ], [ -132.5681, 53.9818 ], [ -132.5551, 53.9987 ], [ -132.5447, 54.0402 ], [ -132.4565, 54.0638 ], [ -132.4068, 54.0994 ], [ -132.2967, 54.1123 ], [ -132.284, 54.1085 ], [ -132.2755, 54.0952 ], [ -132.2384, 54.0716 ], [ -132.23, 54.0535 ], [ -132.2338, 54.035 ], [ -132.2304, 54.0307 ], [ -132.2163, 54.0228 ], [ -132.1739, 54.015 ], [ -132.161, 54.0085 ], [ -132.1485, 53.9925 ], [ -132.1445, 53.9743 ], [ -132.1549, 53.934 ], [ -132.1268, 53.902 ], [ -132.1142, 53.8813 ], [ -132.117, 53.872 ], [ -132.144, 53.8413 ], [ -132.1959, 53.831 ], [ -132.2406, 53.777 ], [ -132.2678, 53.7695 ], [ -132.374, 53.7621 ], [ -132.3953, 53.7533 ], [ -132.4333, 53.7268 ], [ -132.5251, 53.7038 ], [ -132.6372, 53.701 ], [ -132.6579, 53.6907 ], [ -132.6659, 53.6769 ], [ -132.6151, 53.6796 ], [ -132.5984, 53.671 ], [ -132.5941, 53.6538 ], [ -132.6068, 53.6318 ], [ -132.5893, 53.6371 ], [ -132.5671, 53.6593 ], [ -132.5521, 53.6665 ], [ -132.4975, 53.6461 ], [ -132.4618, 53.6511 ], [ -132.3911, 53.6711 ], [ -132.3529, 53.6728 ], [ -132.3815, 53.6479 ], [ -132.4593, 53.6164 ], [ -132.4838, 53.5771 ], [ -132.4679, 53.5778 ], [ -132.4348, 53.6044 ], [ -132.408, 53.613 ], [ -132.2898, 53.6227 ], [ -132.2709, 53.6392 ], [ -132.3103, 53.6417 ], [ -132.3282, 53.6485 ], [ -132.333, 53.6597 ], [ -132.3188, 53.6728 ], [ -132.2961, 53.6737 ], [ -132.2023, 53.6555 ], [ -132.1887, 53.6811 ], [ -132.1592, 53.6999 ], [ -132.1549, 53.7143 ], [ -132.1625, 53.7261 ], [ -132.1881, 53.7414 ], [ -132.1959, 53.7553 ], [ -132.1938, 53.774 ], [ -132.161, 53.8137 ], [ -132.117, 53.8413 ], [ -132.0785, 53.8925 ], [ -132.1139, 53.9303 ], [ -132.1269, 53.975 ], [ -132.1304, 54.0109 ], [ -132.1609, 54.0263 ], [ -132.1822, 54.0439 ], [ -132.1671, 54.0458 ], [ -132.1304, 54.0337 ], [ -132.0465, 54.0227 ], [ -131.9935, 54.0258 ], [ -131.9164, 54.0401 ], [ -131.8644, 54.067 ], [ -131.7943, 54.0804 ], [ -131.7548, 54.1025 ], [ -131.7092, 54.1184 ], [ -131.6815, 54.1415 ], [ -131.6608, 54.1668 ], [ -131.6683, 54.1531 ], [ -131.6603, 54.1369 ], [ -131.6683, 54.1252 ], [ -131.6787, 54.0342 ], [ -131.6933, 53.9919 ], [ -131.7154, 53.9538 ], [ -131.7486, 53.9165 ], [ -131.8191, 53.8549 ], [ -131.8644, 53.8 ], [ -131.8705, 53.7829 ], [ -131.8765, 53.7182 ], [ -131.8839, 53.6979 ], [ -131.9333, 53.6186 ], [ -131.9362, 53.5961 ], [ -131.9222, 53.5638 ], [ -131.9426, 53.5216 ], [ -131.9158, 53.453 ], [ -131.919, 53.3889 ], [ -131.9078, 53.3581 ], [ -131.9248, 53.342 ], [ -131.963, 53.2829 ], [ -131.9844, 53.2609 ], [ -132.0079, 53.2536 ], [ -132.0956, 53.2545 ], [ -132.1658, 53.2459 ], [ -132.1964, 53.2346 ], [ -132.2244, 53.2307 ], [ -132.2357, 53.2076 ], [ -132.2777, 53.2147 ], [ -132.2611, 53.2005 ], [ -132.2451, 53.1966 ], [ -132.2095, 53.201 ], [ -132.1269, 53.201 ], [ -132.1547, 53.176 ], [ -132.1959, 53.1594 ], [ -132.2275, 53.1568 ], [ -132.2554, 53.1613 ], [ -132.2799, 53.1727 ], [ -132.3151, 53.1981 ], [ -132.3197, 53.1905 ], [ -132.3187, 53.17 ], [ -132.3245, 53.1653 ], [ -132.3745, 53.1573 ], [ -132.4005, 53.1479 ], [ -132.4433, 53.146 ], [ -132.4696, 53.1519 ], [ -132.4578, 53.1705 ], [ -132.4596, 53.1845 ], [ -132.4733, 53.1868 ], [ -132.4845, 53.1679 ], [ -132.5034, 53.1674 ], [ -132.5384, 53.1799 ], [ -132.5384, 53.1867 ], [ -132.5179, 53.1935 ], [ -132.5794, 53.2072 ], [ -132.5619, 53.22 ], [ -132.5521, 53.2352 ], [ -132.5711, 53.2353 ], [ -132.6272, 53.2556 ], [ -132.7098, 53.2618 ], [ -132.6985, 53.2789 ], [ -132.6204, 53.3028 ], [ -132.6161, 53.3137 ], [ -132.5788, 53.3239 ], [ -132.5426, 53.3121 ], [ -132.5384, 53.327 ], [ -132.569, 53.3369 ], [ -132.7576, 53.3171 ], [ -132.703, 53.3785 ], [ -132.6483, 53.3649 ], [ -132.5189, 53.3617 ] ] ], [ [ [ -130.1265, 53.6318 ], [ -130.1058, 53.6039 ], [ -130.0917, 53.5703 ], [ -130.117, 53.5704 ], [ -130.1737, 53.5908 ], [ -130.2516, 53.5971 ], [ -130.2938, 53.6191 ], [ -130.3319, 53.624 ], [ -130.3486, 53.6355 ], [ -130.3729, 53.6665 ], [ -130.4064, 53.687 ], [ -130.2909, 53.7553 ], [ -130.3017, 53.7895 ], [ -130.2964, 53.801 ], [ -130.2773, 53.8037 ], [ -130.222, 53.7764 ], [ -130.2351, 53.7531 ], [ -130.2289, 53.728 ], [ -130.2168, 53.7181 ], [ -130.1844, 53.7154 ], [ -130.1247, 53.6956 ], [ -130.119, 53.6836 ], [ -130.1275, 53.6535 ], [ -130.119, 53.6392 ], [ -130.1265, 53.6318 ] ] ], [ [ [ -130.5694, 53.8367 ], [ -130.5098, 53.8263 ], [ -130.42, 53.7833 ], [ -130.4379, 53.7569 ], [ -130.4973, 53.7652 ], [ -130.5127, 53.7935 ], [ -130.5533, 53.7844 ], [ -130.6091, 53.797 ], [ -130.6172, 53.8232 ], [ -130.5694, 53.8367 ] ] ], [ [ [ -130.6282, 53.8433 ], [ -130.6503, 53.8378 ], [ -130.6813, 53.8515 ], [ -130.7081, 53.8529 ], [ -130.7155, 53.8577 ], [ -130.7084, 53.9058 ], [ -130.7236, 53.9205 ], [ -130.7055, 53.9538 ], [ -130.6865, 53.9651 ], [ -130.6739, 53.9892 ], [ -130.6466, 53.9892 ], [ -130.6038, 54.0253 ], [ -130.5666, 54.0329 ], [ -130.5162, 54.057 ], [ -130.5185, 54.0687 ], [ -130.4343, 54.0811 ], [ -130.4216, 54.1 ], [ -130.3925, 54.0954 ], [ -130.3381, 54.0712 ], [ -130.2459, 53.9964 ], [ -130.2315, 53.9738 ], [ -130.2289, 53.9538 ], [ -130.2418, 53.9374 ], [ -130.3009, 53.9027 ], [ -130.3279, 53.8757 ], [ -130.3412, 53.8458 ], [ -130.362, 53.8362 ], [ -130.4064, 53.8378 ], [ -130.4244, 53.872 ], [ -130.4619, 53.8488 ], [ -130.4786, 53.8439 ], [ -130.4914, 53.8775 ], [ -130.4601, 53.8923 ], [ -130.4107, 53.9532 ], [ -130.3961, 53.9621 ], [ -130.3313, 53.9676 ], [ -130.3313, 53.975 ], [ -130.3502, 53.9825 ], [ -130.3381, 53.9954 ], [ -130.3494, 53.9994 ], [ -130.3865, 53.9892 ], [ -130.4327, 53.9878 ], [ -130.4474, 53.9818 ], [ -130.4576, 53.9631 ], [ -130.4715, 53.9102 ], [ -130.4892, 53.8993 ], [ -130.5226, 53.9022 ], [ -130.5443, 53.9107 ], [ -130.5817, 53.944 ], [ -130.6186, 53.9657 ], [ -130.6295, 53.9644 ], [ -130.649, 53.9494 ], [ -130.6573, 53.951 ], [ -130.6603, 53.9676 ], [ -130.6758, 53.961 ], [ -130.7012, 53.9204 ], [ -130.6902, 53.9058 ], [ -130.6404, 53.8856 ], [ -130.6278, 53.8722 ], [ -130.6222, 53.8564 ], [ -130.6282, 53.8433 ] ] ], [ [ [ -130.1859, 54.1799 ], [ -130.1625, 54.161 ], [ -130.1559, 54.1416 ], [ -130.2292, 54.1184 ], [ -130.2434, 54.1226 ], [ -130.2698, 54.1531 ], [ -130.2528, 54.1907 ], [ -130.2278, 54.1972 ], [ -130.2165, 54.1944 ], [ -130.2146, 54.1873 ], [ -130.1859, 54.1799 ] ] ], [ [ [ -130.8048, 54.1737 ], [ -130.776, 54.2141 ], [ -130.7565, 54.2145 ], [ -130.6811, 54.1721 ], [ -130.6494, 54.1446 ], [ -130.654, 54.1184 ], [ -130.6728, 54.1128 ], [ -130.6976, 54.1149 ], [ -130.7192, 54.1233 ], [ -130.7285, 54.1361 ], [ -130.7394, 54.1364 ], [ -130.8048, 54.1737 ] ] ], [ [ [ -130.4509, 54.3276 ], [ -130.4369, 54.3327 ], [ -130.4206, 54.3319 ], [ -130.3797, 54.3039 ], [ -130.353, 54.269 ], [ -130.3707, 54.2523 ], [ -130.3654, 54.2425 ], [ -130.3944, 54.2541 ], [ -130.4441, 54.2912 ], [ -130.4691, 54.3039 ], [ -130.4509, 54.3276 ] ] ], [ [ [ -130.2985, 54.2536 ], [ -130.3381, 54.2556 ], [ -130.354, 54.272 ], [ -130.3542, 54.2968 ], [ -130.3343, 54.3198 ], [ -130.305, 54.3337 ], [ -130.2773, 54.3319 ], [ -130.253, 54.3113 ], [ -130.265, 54.2788 ], [ -130.2985, 54.2536 ] ] ], [ [ [ -130.7086, 54.4064 ], [ -130.7012, 54.4138 ], [ -130.695, 54.4006 ], [ -130.6876, 54.3996 ], [ -130.695, 54.3859 ], [ -130.6911, 54.3671 ], [ -130.7134, 54.359 ], [ -130.7602, 54.362 ], [ -130.7696, 54.3812 ], [ -130.756, 54.3939 ], [ -130.7155, 54.4138 ], [ -130.7086, 54.4064 ] ] ], [ [ [ -130.79, 54.4937 ], [ -130.7285, 54.4378 ], [ -130.7296, 54.4208 ], [ -130.7847, 54.4123 ], [ -130.8234, 54.4209 ], [ -130.8286, 54.4387 ], [ -130.87, 54.4348 ], [ -130.8614, 54.4554 ], [ -130.8176, 54.4863 ], [ -130.79, 54.4937 ] ] ], [ [ [ -130.8542, 54.6301 ], [ -130.808, 54.6118 ], [ -130.757, 54.6337 ], [ -130.7428, 54.6056 ], [ -130.7557, 54.5753 ], [ -130.7769, 54.5504 ], [ -130.8384, 54.5128 ], [ -130.9619, 54.4548 ], [ -130.9691, 54.462 ], [ -130.9619, 54.4852 ], [ -130.9619, 54.5398 ], [ -130.9588, 54.55 ], [ -130.9451, 54.56 ], [ -130.9278, 54.5914 ], [ -130.9352, 54.614 ], [ -130.9312, 54.6227 ], [ -130.9171, 54.6301 ], [ -130.8973, 54.6337 ], [ -130.88, 54.6309 ], [ -130.8732, 54.6193 ], [ -130.8542, 54.6301 ] ] ], [ [ [ -131.05, 54.606 ], [ -131.0694, 54.5879 ], [ -131.0909, 54.5822 ], [ -131.1022, 54.5956 ], [ -131.0988, 54.628 ], [ -131.0568, 54.6257 ], [ -131.05, 54.606 ] ] ], [ [ [ -130.2084, 54.8111 ], [ -130.2128, 54.7973 ], [ -130.222, 54.79 ], [ -130.2015, 54.79 ], [ -130.2084, 54.7626 ], [ -130.2213, 54.7437 ], [ -130.24, 54.7305 ], [ -130.297, 54.7123 ], [ -130.3244, 54.7106 ], [ -130.3777, 54.6982 ], [ -130.3763, 54.7047 ], [ -130.3404, 54.7369 ], [ -130.3195, 54.7507 ], [ -130.2741, 54.7651 ], [ -130.2331, 54.803 ], [ -130.2084, 54.8111 ] ] ], [ [ [ -130.5786, 54.7739 ], [ -130.5099, 54.8049 ], [ -130.4836, 54.8104 ], [ -130.4616, 54.8037 ], [ -130.4343, 54.7695 ], [ -130.4618, 54.7121 ], [ -130.5101, 54.7217 ], [ -130.5217, 54.7104 ], [ -130.5347, 54.706 ], [ -130.5816, 54.7338 ], [ -130.6097, 54.7555 ], [ -130.6151, 54.7651 ], [ -130.5786, 54.7739 ] ] ], [ [ [ -132.2472, 54.7433 ], [ -132.2777, 54.7148 ], [ -132.2924, 54.7275 ], [ -132.2976, 54.7445 ], [ -132.2944, 54.7622 ], [ -132.284, 54.7769 ], [ -132.2656, 54.7847 ], [ -132.2245, 54.7917 ], [ -132.2163, 54.8037 ], [ -132.2189, 54.8103 ], [ -132.2467, 54.8179 ], [ -132.2591, 54.8152 ], [ -132.2777, 54.7974 ], [ -132.2998, 54.7943 ], [ -132.3365, 54.8034 ], [ -132.3597, 54.8037 ], [ -132.283, 54.831 ], [ -132.2648, 54.8445 ], [ -132.2759, 54.8537 ], [ -132.3256, 54.8663 ], [ -132.3028, 54.8724 ], [ -132.2777, 54.8725 ], [ -132.2777, 54.8793 ], [ -132.3357, 54.8879 ], [ -132.3497, 54.8964 ], [ -132.3499, 54.918 ], [ -132.3786, 54.924 ], [ -132.3939, 54.9346 ], [ -132.3597, 54.9408 ], [ -132.3873, 54.9644 ], [ -132.3939, 54.9755 ], [ -132.3913, 55.0 ], [ -132.2117, 55.0 ], [ -132.2231, 54.9892 ], [ -132.1671, 54.9873 ], [ -132.1346, 54.9702 ], [ -132.102, 54.9882 ], [ -132.0922, 54.9755 ], [ -132.071, 55.0 ], [ -131.979, 55.0 ], [ -131.9767, 54.9954 ], [ -131.9971, 54.9844 ], [ -132.0102, 54.9681 ], [ -131.9767, 54.9697 ], [ -131.9693, 54.9681 ], [ -131.9618, 54.9577 ], [ -131.9767, 54.9408 ], [ -131.9761, 54.9081 ], [ -132.0336, 54.9056 ], [ -132.047, 54.8986 ], [ -132.0454, 54.8872 ], [ -132.0239, 54.8725 ], [ -131.9686, 54.8535 ], [ -131.9556, 54.8383 ], [ -131.965, 54.832 ], [ -131.9767, 54.8315 ], [ -131.9577, 54.8281 ], [ -131.959, 54.803 ], [ -131.9488, 54.79 ], [ -131.9784, 54.7838 ], [ -132.0102, 54.7838 ], [ -131.9966, 54.7769 ], [ -132.0024, 54.7654 ], [ -131.9966, 54.7353 ], [ -132.0082, 54.704 ], [ -132.004, 54.6938 ], [ -132.0675, 54.699 ], [ -132.1111, 54.7167 ], [ -132.1177, 54.7137 ], [ -132.1064, 54.7012 ], [ -132.15, 54.6986 ], [ -132.2472, 54.7433 ] ] ], [ [ [ -132.7848, 54.9277 ], [ -132.7781, 54.9346 ], [ -132.7576, 54.9203 ], [ -132.7506, 54.9311 ], [ -132.7098, 54.9408 ], [ -132.7198, 54.9269 ], [ -132.7364, 54.9203 ], [ -132.7152, 54.9152 ], [ -132.6955, 54.9277 ], [ -132.6651, 54.9119 ], [ -132.6614, 54.9036 ], [ -132.6293, 54.904 ], [ -132.6204, 54.893 ], [ -132.6169, 54.8762 ], [ -132.6346, 54.8793 ], [ -132.6356, 54.8675 ], [ -132.6286, 54.8478 ], [ -132.6378, 54.8445 ], [ -132.6749, 54.8498 ], [ -132.6893, 54.8445 ], [ -132.6756, 54.8374 ], [ -132.6627, 54.821 ], [ -132.6371, 54.814 ], [ -132.6264, 54.8048 ], [ -132.6129, 54.7838 ], [ -132.6162, 54.7602 ], [ -132.6361, 54.7575 ], [ -132.6616, 54.7679 ], [ -132.6818, 54.7838 ], [ -132.6924, 54.8073 ], [ -132.7197, 54.8213 ], [ -132.7302, 54.8445 ], [ -132.7576, 54.852 ], [ -132.772, 54.8623 ], [ -132.7882, 54.8896 ], [ -132.7941, 54.9019 ], [ -132.7824, 54.9189 ], [ -132.7848, 54.9277 ] ] ], [ [ [ -130.6025, 54.8145 ], [ -130.5609, 54.8514 ], [ -130.5851, 54.852 ], [ -130.6065, 54.8386 ], [ -130.6715, 54.772 ], [ -130.6913, 54.7626 ], [ -130.7184, 54.773 ], [ -130.7289, 54.7841 ], [ -130.7285, 54.7974 ], [ -130.6908, 54.8068 ], [ -130.6778, 54.8145 ], [ -130.7051, 54.8505 ], [ -130.7235, 54.8874 ], [ -130.7285, 54.9073 ], [ -130.7285, 54.9482 ], [ -130.7436, 54.9663 ], [ -130.7525, 54.9694 ], [ -130.7565, 54.9578 ], [ -130.7544, 54.8928 ], [ -130.7502, 54.8725 ], [ -130.734, 54.8431 ], [ -130.736, 54.8315 ], [ -130.7452, 54.8217 ], [ -130.7561, 54.8195 ], [ -130.7769, 54.8315 ], [ -130.7889, 54.8039 ], [ -130.8066, 54.7788 ], [ -130.8319, 54.7654 ], [ -130.8663, 54.7732 ], [ -130.9183, 54.8029 ], [ -130.9342, 54.8244 ], [ -130.9278, 54.852 ], [ -130.942, 54.8589 ], [ -130.9334, 54.8802 ], [ -130.9552, 54.9094 ], [ -130.9619, 54.9277 ], [ -130.9412, 54.9254 ], [ -130.9327, 54.9402 ], [ -130.9397, 54.9589 ], [ -130.9653, 54.9681 ], [ -130.9822, 54.9911 ], [ -131.0095, 55.0 ], [ -130.2788, 55.0 ], [ -130.2943, 54.9719 ], [ -130.3266, 54.9521 ], [ -130.3654, 54.9073 ], [ -130.4308, 54.8813 ], [ -130.4888, 54.8442 ], [ -130.5803, 54.8064 ], [ -130.6046, 54.8022 ], [ -130.6025, 54.8145 ] ] ], [ [ [ -130.4616, 54.8315 ], [ -130.4211, 54.8509 ], [ -130.2547, 54.9697 ], [ -130.2249, 55.0 ], [ -130.1582, 55.0 ], [ -130.1501, 54.9694 ], [ -130.1578, 54.9477 ], [ -130.1774, 54.924 ], [ -130.2255, 54.8896 ], [ -130.2698, 54.8315 ], [ -130.3245, 54.8111 ], [ -130.3708, 54.7816 ], [ -130.3996, 54.7694 ], [ -130.4095, 54.7674 ], [ -130.4381, 54.7949 ], [ -130.4616, 54.8315 ] ] ], [ [ [ -131.4516, 54.9544 ], [ -131.3715, 54.967 ], [ -131.3523, 54.9755 ], [ -131.3302, 54.9614 ], [ -131.2638, 54.9969 ], [ -131.2362, 54.9954 ], [ -131.2437, 54.9892 ], [ -131.2372, 54.9495 ], [ -131.2437, 54.9346 ], [ -131.1975, 54.9203 ], [ -131.1947, 54.9073 ], [ -131.2502, 54.8793 ], [ -131.2998, 54.8792 ], [ -131.3312, 54.8612 ], [ -131.3501, 54.8609 ], [ -131.3871, 54.8725 ], [ -131.3876, 54.8842 ], [ -131.4264, 54.9058 ], [ -131.4417, 54.9203 ], [ -131.4682, 54.9124 ], [ -131.4822, 54.9256 ], [ -131.4784, 54.9447 ], [ -131.4516, 54.9544 ] ] ], [ [ [ -132.4565, 54.9408 ], [ -132.4442, 54.963 ], [ -132.4522, 54.9805 ], [ -132.4841, 55.0 ], [ -132.4093, 55.0 ], [ -132.4176, 54.9439 ], [ -132.4286, 54.9203 ], [ -132.473, 54.9073 ], [ -132.4953, 54.9089 ], [ -132.5015, 54.9138 ], [ -132.5037, 54.924 ], [ -132.4977, 54.9331 ], [ -132.4565, 54.9408 ] ] ], [ [ [ -132.5555, 54.9864 ], [ -132.552, 55.0 ], [ -132.4905, 55.0 ], [ -132.4955, 54.9653 ], [ -132.5189, 54.9442 ], [ -132.5502, 54.9403 ], [ -132.5794, 54.9544 ], [ -132.5934, 54.9682 ], [ -132.5999, 54.9855 ], [ -132.596, 54.9891 ], [ -132.5658, 54.9755 ], [ -132.5555, 54.9864 ] ] ], [ [ [ -129.7757, 55.0 ], [ -129.6577, 55.0 ], [ -129.6756, 54.9946 ], [ -129.7757, 55.0 ] ] ], [ [ [ -131.6006, 55.0 ], [ -131.5757, 55.0 ], [ -131.5925, 54.9954 ], [ -131.6006, 55.0 ] ] ], [ [ [ -130.1119, 55.0 ], [ -130.0729, 55.0 ], [ -130.1058, 54.9975 ], [ -130.1119, 55.0 ] ] ], [ [ [ -125.9541, 49.1813 ], [ -125.9603, 49.1721 ], [ -125.962, 49.1527 ], [ -125.9689, 49.1487 ], [ -126.0117, 49.1591 ], [ -126.0183, 49.1815 ], [ -126.0302, 49.1903 ], [ -126.035, 49.2018 ], [ -126.0243, 49.212 ], [ -126.0065, 49.2141 ], [ -125.9613, 49.2049 ], [ -125.9373, 49.1907 ], [ -125.9381, 49.1849 ], [ -125.9541, 49.1813 ] ] ], [ [ [ -125.8802, 49.1611 ], [ -125.8876, 49.1731 ], [ -125.915, 49.1763 ], [ -125.9234, 49.197 ], [ -125.9149, 49.2133 ], [ -125.9011, 49.2255 ], [ -125.8616, 49.2374 ], [ -125.8307, 49.2371 ], [ -125.797, 49.227 ], [ -125.786, 49.2093 ], [ -125.8014, 49.1439 ], [ -125.8417, 49.1338 ], [ -125.8799, 49.146 ], [ -125.8802, 49.1611 ] ] ], [ [ [ -126.0751, 49.3385 ], [ -126.0833, 49.3149 ], [ -126.0637, 49.2776 ], [ -126.0485, 49.267 ], [ -126.0694, 49.2555 ], [ -126.0896, 49.2543 ], [ -126.1583, 49.2736 ], [ -126.1925, 49.2723 ], [ -126.2235, 49.2771 ], [ -126.2403, 49.3018 ], [ -126.2274, 49.3078 ], [ -126.2403, 49.3428 ], [ -126.2313, 49.3573 ], [ -126.2314, 49.3786 ], [ -126.2267, 49.3825 ], [ -126.1317, 49.3968 ], [ -126.108, 49.3841 ], [ -126.0863, 49.3631 ], [ -126.0751, 49.3385 ] ] ], [ [ [ -124.6913, 49.5093 ], [ -124.7038, 49.5212 ], [ -124.7025, 49.5377 ], [ -124.6837, 49.5493 ], [ -124.6551, 49.5471 ], [ -124.6074, 49.5309 ], [ -124.5941, 49.5216 ], [ -124.6245, 49.5234 ], [ -124.6356, 49.5174 ], [ -124.6532, 49.496 ], [ -124.6629, 49.4943 ], [ -124.6913, 49.5093 ] ] ], [ [ [ -124.8272, 49.603 ], [ -124.7925, 49.5797 ], [ -124.7165, 49.4995 ], [ -124.6942, 49.4906 ], [ -124.6908, 49.4829 ], [ -124.7096, 49.48 ], [ -124.7464, 49.4885 ], [ -124.8254, 49.5401 ], [ -124.8385, 49.5566 ], [ -124.836, 49.5977 ], [ -124.8272, 49.603 ] ] ], [ [ [ -123.6678, 48.3176 ], [ -123.685, 48.3322 ], [ -123.7806, 48.3629 ], [ -123.8412, 48.3619 ], [ -123.8908, 48.3669 ], [ -124.1315, 48.4335 ], [ -124.3891, 48.518 ], [ -124.4379, 48.5255 ], [ -124.4297, 48.5385 ], [ -124.3907, 48.5607 ], [ -124.4014, 48.5653 ], [ -124.4453, 48.5682 ], [ -124.4857, 48.5402 ], [ -124.6654, 48.5732 ], [ -124.7312, 48.5964 ], [ -124.7694, 48.6151 ], [ -124.8162, 48.6471 ], [ -125.094, 48.73 ], [ -125.1088, 48.7388 ], [ -125.1439, 48.7744 ], [ -125.1852, 48.801 ], [ -125.1711, 48.8159 ], [ -125.11, 48.8419 ], [ -125.0956, 48.8635 ], [ -125.0784, 48.8762 ], [ -125.0115, 48.892 ], [ -125.007, 48.9002 ], [ -125.0137, 48.9281 ], [ -124.9841, 48.956 ], [ -124.9183, 48.9722 ], [ -124.8827, 48.9905 ], [ -124.847, 49.0205 ], [ -124.8194, 49.058 ], [ -124.8084, 49.0992 ], [ -124.7794, 49.152 ], [ -124.7988, 49.1888 ], [ -124.8084, 49.2466 ], [ -124.8289, 49.2255 ], [ -124.822, 49.1814 ], [ -124.822, 49.1401 ], [ -124.828, 49.1199 ], [ -124.8699, 49.0747 ], [ -124.8792, 49.0323 ], [ -124.888, 49.014 ], [ -124.9676, 48.9879 ], [ -124.9927, 48.9859 ], [ -125.0448, 48.9927 ], [ -125.0858, 48.9791 ], [ -125.1112, 48.9839 ], [ -125.1469, 48.9985 ], [ -125.1715, 48.9927 ], [ -125.2213, 48.9548 ], [ -125.2404, 48.9555 ], [ -125.265, 48.963 ], [ -125.3152, 48.9653 ], [ -125.336, 48.9722 ], [ -125.3025, 49.0031 ], [ -125.2828, 49.0154 ], [ -125.2609, 49.0207 ], [ -125.2609, 49.0275 ], [ -125.3087, 49.0275 ], [ -125.3334, 49.0418 ], [ -125.3428, 49.0412 ], [ -125.3539, 49.0272 ], [ -125.3663, 48.9874 ], [ -125.4005, 48.9726 ], [ -125.4298, 48.944 ], [ -125.449, 48.9374 ], [ -125.4606, 48.9207 ], [ -125.4894, 48.9186 ], [ -125.5311, 48.9325 ], [ -125.5731, 48.9558 ], [ -125.6066, 48.9619 ], [ -125.6202, 48.9688 ], [ -125.637, 48.9927 ], [ -125.7358, 49.053 ], [ -125.8363, 49.069 ], [ -125.8628, 49.0808 ], [ -125.8717, 49.0902 ], [ -125.871, 49.1026 ], [ -125.8616, 49.11 ], [ -125.8309, 49.1144 ], [ -125.8158, 49.123 ], [ -125.7848, 49.1049 ], [ -125.7676, 49.1035 ], [ -125.7469, 49.1094 ], [ -125.7013, 49.1347 ], [ -125.6923, 49.1334 ], [ -125.6836, 49.1484 ], [ -125.6457, 49.164 ], [ -125.6323, 49.1879 ], [ -125.6129, 49.2064 ], [ -125.6103, 49.2255 ], [ -125.6986, 49.1811 ], [ -125.7467, 49.1481 ], [ -125.7551, 49.1689 ], [ -125.7537, 49.2224 ], [ -125.7405, 49.2674 ], [ -125.7773, 49.2477 ], [ -125.7911, 49.247 ], [ -125.8021, 49.2534 ], [ -125.802, 49.3002 ], [ -125.7816, 49.3384 ], [ -125.7748, 49.3701 ], [ -125.7816, 49.3701 ], [ -125.8063, 49.3435 ], [ -125.8178, 49.324 ], [ -125.83, 49.2838 ], [ -125.8437, 49.267 ], [ -125.8517, 49.2664 ], [ -125.8773, 49.2801 ], [ -125.9012, 49.2745 ], [ -125.9398, 49.2409 ], [ -125.956, 49.2329 ], [ -125.9944, 49.2423 ], [ -126.0281, 49.2739 ], [ -126.0089, 49.2923 ], [ -125.9509, 49.3203 ], [ -125.9288, 49.373 ], [ -125.899, 49.4222 ], [ -125.912, 49.4384 ], [ -125.9218, 49.4198 ], [ -125.9585, 49.3933 ], [ -125.9792, 49.3418 ], [ -126.0144, 49.3223 ], [ -126.0591, 49.3459 ], [ -126.0765, 49.3837 ], [ -126.0582, 49.4119 ], [ -126.0551, 49.4453 ], [ -126.174, 49.4154 ], [ -126.1857, 49.4042 ], [ -126.2271, 49.4128 ], [ -126.2435, 49.4463 ], [ -126.2548, 49.4505 ], [ -126.2682, 49.4452 ], [ -126.2588, 49.4315 ], [ -126.2567, 49.4159 ], [ -126.2613, 49.4003 ], [ -126.2843, 49.3665 ], [ -126.2974, 49.3625 ], [ -126.3092, 49.3763 ], [ -126.3377, 49.3861 ], [ -126.405, 49.4214 ], [ -126.3912, 49.4309 ], [ -126.4321, 49.4726 ], [ -126.4484, 49.4705 ], [ -126.4653, 49.4602 ], [ -126.4874, 49.4384 ], [ -126.4639, 49.4056 ], [ -126.4643, 49.3957 ], [ -126.5104, 49.3778 ], [ -126.5278, 49.3789 ], [ -126.5423, 49.3857 ], [ -126.5727, 49.4143 ], [ -126.5743, 49.4257 ], [ -126.5624, 49.4589 ], [ -126.5576, 49.5104 ], [ -126.5624, 49.5209 ], [ -126.5563, 49.5209 ], [ -126.5563, 49.5272 ], [ -126.5768, 49.5482 ], [ -126.571, 49.5541 ], [ -126.5718, 49.5665 ], [ -126.5626, 49.5874 ], [ -126.533, 49.6025 ], [ -126.4991, 49.6106 ], [ -126.4525, 49.6363 ], [ -126.4171, 49.6385 ], [ -126.3365, 49.6308 ], [ -126.2182, 49.6457 ], [ -126.1857, 49.6575 ], [ -126.1379, 49.6501 ], [ -126.0895, 49.6609 ], [ -126.092, 49.67 ], [ -126.0985, 49.6778 ], [ -126.1171, 49.6855 ], [ -126.195, 49.6814 ], [ -126.2968, 49.6608 ], [ -126.3244, 49.6483 ], [ -126.4532, 49.6743 ], [ -126.4772, 49.684 ], [ -126.4874, 49.6951 ], [ -126.4794, 49.7118 ], [ -126.412, 49.7717 ], [ -126.4112, 49.7782 ], [ -126.4674, 49.7923 ], [ -126.4737, 49.7844 ], [ -126.4723, 49.7497 ], [ -126.4778, 49.7349 ], [ -126.4936, 49.7189 ], [ -126.5167, 49.7084 ], [ -126.5453, 49.7044 ], [ -126.5731, 49.7069 ], [ -126.5935, 49.7158 ], [ -126.6052, 49.7321 ], [ -126.6373, 49.8171 ], [ -126.6497, 49.898 ], [ -126.6637, 49.8969 ], [ -126.7059, 49.8772 ], [ -126.7264, 49.8824 ], [ -126.7672, 49.9124 ], [ -126.7829, 49.9425 ], [ -126.8436, 49.9735 ], [ -126.8426, 49.9606 ], [ -126.8109, 49.9433 ], [ -126.8026, 49.9281 ], [ -126.8085, 49.9144 ], [ -126.8395, 49.8882 ], [ -126.8717, 49.8825 ], [ -126.8834, 49.8831 ], [ -126.8916, 49.891 ], [ -126.9102, 49.9574 ], [ -126.9193, 49.9735 ], [ -126.9286, 49.9333 ], [ -126.9298, 49.8831 ], [ -126.9361, 49.8666 ], [ -127.1219, 49.8577 ], [ -127.1419, 49.8666 ], [ -127.2291, 49.9465 ], [ -127.2375, 49.9618 ], [ -127.2309, 49.9765 ], [ -127.1999, 50.0075 ], [ -127.1836, 50.0133 ], [ -127.1796, 50.0262 ], [ -127.1863, 50.029 ], [ -127.1863, 50.0342 ], [ -127.1643, 50.0712 ], [ -127.1475, 50.0844 ], [ -127.1061, 50.0955 ], [ -127.0887, 50.1107 ], [ -127.0831, 50.1308 ], [ -127.0969, 50.1509 ], [ -127.1064, 50.1433 ], [ -127.1173, 50.1174 ], [ -127.1475, 50.1105 ], [ -127.1639, 50.0974 ], [ -127.1897, 50.0956 ], [ -127.2154, 50.0994 ], [ -127.2512, 50.1319 ], [ -127.2853, 50.1509 ], [ -127.2921, 50.1443 ], [ -127.2756, 50.0929 ], [ -127.2833, 50.0624 ], [ -127.3166, 50.0411 ], [ -127.3625, 50.0325 ], [ -127.4053, 50.0411 ], [ -127.4405, 50.0606 ], [ -127.4674, 50.0895 ], [ -127.4695, 50.1079 ], [ -127.4589, 50.1164 ], [ -127.419, 50.1304 ], [ -127.4879, 50.1304 ], [ -127.4629, 50.1562 ], [ -127.4264, 50.1789 ], [ -127.4634, 50.187 ], [ -127.4955, 50.1686 ], [ -127.5246, 50.1433 ], [ -127.5528, 50.1304 ], [ -127.6142, 50.1188 ], [ -127.6313, 50.1304 ], [ -127.6356, 50.1454 ], [ -127.6308, 50.1601 ], [ -127.6108, 50.185 ], [ -127.6499, 50.178 ], [ -127.6887, 50.1601 ], [ -127.7247, 50.136 ], [ -127.7742, 50.0919 ], [ -127.7964, 50.0827 ], [ -127.8265, 50.1032 ], [ -127.8756, 50.106 ], [ -127.8981, 50.1141 ], [ -127.9062, 50.1304 ], [ -127.8968, 50.143 ], [ -127.8404, 50.1754 ], [ -127.7753, 50.2329 ], [ -127.747, 50.2432 ], [ -127.748, 50.254 ], [ -127.7551, 50.2595 ], [ -127.8043, 50.2529 ], [ -127.8335, 50.2745 ], [ -127.851, 50.2812 ], [ -127.8409, 50.2917 ], [ -127.8135, 50.2947 ], [ -127.8026, 50.3017 ], [ -127.8003, 50.3144 ], [ -127.8089, 50.3218 ], [ -127.8427, 50.3188 ], [ -127.878, 50.3427 ], [ -127.9187, 50.3223 ], [ -127.944, 50.3279 ], [ -127.9681, 50.3422 ], [ -127.9788, 50.357 ], [ -127.9643, 50.3638 ], [ -127.9421, 50.4144 ], [ -127.9261, 50.4253 ], [ -127.9313, 50.441 ], [ -127.9258, 50.4621 ], [ -127.9155, 50.4663 ], [ -127.8805, 50.4584 ], [ -127.8641, 50.4595 ], [ -127.8578, 50.4737 ], [ -127.8244, 50.4664 ], [ -127.7445, 50.4868 ], [ -127.5912, 50.4857 ], [ -127.5696, 50.4784 ], [ -127.5524, 50.4641 ], [ -127.4978, 50.4008 ], [ -127.4755, 50.3837 ], [ -127.4469, 50.3769 ], [ -127.4822, 50.4352 ], [ -127.5079, 50.466 ], [ -127.5579, 50.493 ], [ -127.5625, 50.5211 ], [ -127.5496, 50.5439 ], [ -127.5226, 50.542 ], [ -127.5005, 50.5672 ], [ -127.4237, 50.5812 ], [ -127.419, 50.6035 ], [ -127.5118, 50.5891 ], [ -127.5458, 50.5702 ], [ -127.6002, 50.6002 ], [ -127.6146, 50.6035 ], [ -127.8199, 50.6112 ], [ -127.8777, 50.6301 ], [ -127.866, 50.6173 ], [ -127.8433, 50.6039 ], [ -127.7995, 50.5892 ], [ -127.6865, 50.5892 ], [ -127.6348, 50.5797 ], [ -127.5937, 50.5587 ], [ -127.5926, 50.5436 ], [ -127.6149, 50.5366 ], [ -127.6627, 50.5346 ], [ -127.8374, 50.4902 ], [ -127.8459, 50.5063 ], [ -127.8659, 50.5044 ], [ -127.9062, 50.4868 ], [ -127.9505, 50.4773 ], [ -127.997, 50.474 ], [ -128.0325, 50.4922 ], [ -128.05, 50.4958 ], [ -128.0639, 50.4793 ], [ -128.052, 50.477 ], [ -128.0417, 50.4599 ], [ -128.0435, 50.4547 ], [ -128.0602, 50.4526 ], [ -128.0775, 50.4586 ], [ -128.1043, 50.4766 ], [ -128.1453, 50.4868 ], [ -128.1732, 50.5141 ], [ -128.218, 50.5302 ], [ -128.2382, 50.5629 ], [ -128.2482, 50.5966 ], [ -128.2892, 50.6103 ], [ -128.3198, 50.6098 ], [ -128.3387, 50.6472 ], [ -128.2843, 50.6621 ], [ -128.2777, 50.6691 ], [ -128.2967, 50.6723 ], [ -128.3411, 50.6649 ], [ -128.3734, 50.6823 ], [ -128.4059, 50.7441 ], [ -128.4059, 50.7611 ], [ -128.4172, 50.7719 ], [ -128.4068, 50.7805 ], [ -128.3683, 50.7884 ], [ -128.3482, 50.8051 ], [ -128.3035, 50.8021 ], [ -128.2672, 50.8121 ], [ -128.1868, 50.845 ], [ -128.1527, 50.8362 ], [ -128.0979, 50.8658 ], [ -128.077, 50.8703 ], [ -128.0177, 50.8622 ], [ -127.9184, 50.8708 ], [ -127.8825, 50.8669 ], [ -127.5181, 50.7798 ], [ -127.4956, 50.7624 ], [ -127.4879, 50.7474 ], [ -127.4945, 50.7313 ], [ -127.4736, 50.699 ], [ -127.4451, 50.7379 ], [ -127.429, 50.7519 ], [ -127.4053, 50.7474 ], [ -127.4213, 50.7289 ], [ -127.4036, 50.7077 ], [ -127.3501, 50.6785 ], [ -127.2633, 50.6559 ], [ -127.2347, 50.6444 ], [ -127.1986, 50.6213 ], [ -127.1794, 50.6171 ], [ -127.1265, 50.62 ], [ -127.1112, 50.6171 ], [ -127.0969, 50.5966 ], [ -126.9869, 50.5878 ], [ -126.974, 50.583 ], [ -126.9945, 50.5693 ], [ -126.9772, 50.563 ], [ -126.8573, 50.5591 ], [ -126.8505, 50.5516 ], [ -126.8642, 50.5301 ], [ -126.8445, 50.5303 ], [ -126.8293, 50.5482 ], [ -126.7655, 50.5444 ], [ -126.6315, 50.5071 ], [ -126.5953, 50.4802 ], [ -126.5693, 50.4793 ], [ -126.563, 50.4843 ], [ -126.5622, 50.4981 ], [ -126.5557, 50.501 ], [ -126.4926, 50.4874 ], [ -126.4598, 50.4748 ], [ -126.3644, 50.4868 ], [ -126.2716, 50.4663 ], [ -126.1931, 50.4697 ], [ -126.1173, 50.4554 ], [ -126.0235, 50.4256 ], [ -125.9575, 50.395 ], [ -125.8375, 50.3873 ], [ -125.7891, 50.3769 ], [ -125.7403, 50.3564 ], [ -125.5892, 50.3707 ], [ -125.5643, 50.3662 ], [ -125.5244, 50.3471 ], [ -125.4767, 50.339 ], [ -125.4545, 50.3288 ], [ -125.4362, 50.3136 ], [ -125.4247, 50.2949 ], [ -125.4322, 50.2875 ], [ -125.4105, 50.2569 ], [ -125.3881, 50.1986 ], [ -125.3496, 50.1441 ], [ -125.3695, 50.1386 ], [ -125.3501, 50.1249 ], [ -125.3019, 50.1066 ], [ -125.2927, 50.0904 ], [ -125.2591, 50.0646 ], [ -125.2609, 50.0485 ], [ -125.223, 50.0178 ], [ -125.2159, 49.9831 ], [ -125.1783, 49.925 ], [ -124.8821, 49.7249 ], [ -124.8729, 49.7126 ], [ -124.8699, 49.6951 ], [ -124.8758, 49.6774 ], [ -124.891, 49.6721 ], [ -124.9733, 49.685 ], [ -124.9797, 49.6817 ], [ -124.9762, 49.668 ], [ -124.9183, 49.6308 ], [ -124.838, 49.5173 ], [ -124.8084, 49.5067 ], [ -124.7947, 49.4726 ], [ -124.7726, 49.4615 ], [ -124.7236, 49.4651 ], [ -124.6576, 49.4384 ], [ -124.6371, 49.4111 ], [ -124.596, 49.3912 ], [ -124.5451, 49.3772 ], [ -124.4453, 49.3627 ], [ -124.36, 49.3566 ], [ -124.3196, 49.3349 ], [ -124.2085, 49.3081 ], [ -124.1747, 49.3149 ], [ -124.1592, 49.3105 ], [ -124.1095, 49.2801 ], [ -124.1268, 49.2743 ], [ -124.1631, 49.2717 ], [ -124.1784, 49.2602 ], [ -124.1649, 49.2549 ], [ -124.1229, 49.2602 ], [ -124.0714, 49.2466 ], [ -124.0094, 49.2459 ], [ -123.9777, 49.241 ], [ -123.9549, 49.2292 ], [ -123.9458, 49.2152 ], [ -123.9463, 49.2084 ], [ -123.9642, 49.2031 ], [ -123.9308, 49.1435 ], [ -123.9171, 49.1349 ], [ -123.8836, 49.1367 ], [ -123.8417, 49.1276 ], [ -123.8284, 49.13 ], [ -123.8134, 49.1186 ], [ -123.7873, 49.069 ], [ -123.7569, 49.0421 ], [ -123.7514, 49.028 ], [ -123.7738, 49.0207 ], [ -123.7609, 48.9958 ], [ -123.7649, 48.9875 ], [ -123.7799, 48.9859 ], [ -123.816, 49.0127 ], [ -123.8351, 49.0064 ], [ -123.8351, 49.0002 ], [ -123.7873, 48.9654 ], [ -123.7397, 48.9429 ], [ -123.7179, 48.9215 ], [ -123.5938, 48.837 ], [ -123.5799, 48.8216 ], [ -123.5961, 48.8114 ], [ -123.6023, 48.7973 ], [ -123.5987, 48.7941 ], [ -123.5751, 48.7982 ], [ -123.5683, 48.7941 ], [ -123.5666, 48.7607 ], [ -123.573, 48.7462 ], [ -123.6176, 48.7633 ], [ -123.6508, 48.76 ], [ -123.6508, 48.7531 ], [ -123.5609, 48.7121 ], [ -123.5267, 48.678 ], [ -123.5299, 48.6647 ], [ -123.5423, 48.6503 ], [ -123.5409, 48.6365 ], [ -123.517, 48.6108 ], [ -123.5137, 48.5954 ], [ -123.5176, 48.5804 ], [ -123.5409, 48.5545 ], [ -123.5355, 48.5401 ], [ -123.5136, 48.5476 ], [ -123.472, 48.575 ], [ -123.4785, 48.5908 ], [ -123.475, 48.6212 ], [ -123.4789, 48.6365 ], [ -123.4373, 48.6501 ], [ -123.4718, 48.6724 ], [ -123.472, 48.6849 ], [ -123.446, 48.6921 ], [ -123.4168, 48.6911 ], [ -123.3992, 48.6815 ], [ -123.3903, 48.6462 ], [ -123.3887, 48.6348 ], [ -123.3932, 48.6296 ], [ -123.39, 48.6204 ], [ -123.3553, 48.5607 ], [ -123.3458, 48.5234 ], [ -123.3371, 48.508 ], [ -123.3022, 48.4842 ], [ -123.2872, 48.4683 ], [ -123.2806, 48.4484 ], [ -123.2871, 48.4241 ], [ -123.3025, 48.4143 ], [ -123.357, 48.4006 ], [ -123.4373, 48.4446 ], [ -123.4534, 48.4336 ], [ -123.4802, 48.3923 ], [ -123.5111, 48.3805 ], [ -123.5198, 48.3553 ], [ -123.5546, 48.3279 ], [ -123.5506, 48.3131 ], [ -123.5722, 48.3061 ], [ -123.5953, 48.31 ], [ -123.5956, 48.3279 ], [ -123.6539, 48.3143 ], [ -123.6678, 48.3176 ] ] ], [ [ [ -124.2941, 49.6499 ], [ -124.2825, 49.6278 ], [ -124.2698, 49.6159 ], [ -124.1732, 49.5541 ], [ -124.144, 49.5296 ], [ -124.1232, 49.4998 ], [ -124.1434, 49.4893 ], [ -124.1623, 49.496 ], [ -124.1976, 49.5209 ], [ -124.3784, 49.6029 ], [ -124.4388, 49.6119 ], [ -124.4391, 49.6308 ], [ -124.4621, 49.6538 ], [ -124.4726, 49.6718 ], [ -124.4931, 49.6718 ], [ -124.5721, 49.7084 ], [ -124.6144, 49.7165 ], [ -124.6644, 49.7469 ], [ -124.6517, 49.7615 ], [ -124.6576, 49.7742 ], [ -124.6543, 49.788 ], [ -124.6576, 49.8015 ], [ -124.6205, 49.7993 ], [ -124.597, 49.7856 ], [ -124.576, 49.7619 ], [ -124.562, 49.7537 ], [ -124.5211, 49.7469 ], [ -124.4878, 49.7342 ], [ -124.3913, 49.72 ], [ -124.3479, 49.7042 ], [ -124.3227, 49.6708 ], [ -124.2941, 49.6499 ] ] ], [ [ [ -126.8641, 49.7733 ], [ -126.8557, 49.7799 ], [ -126.8641, 49.7878 ], [ -126.8739, 49.7889 ], [ -126.8983, 49.781 ], [ -126.944, 49.8062 ], [ -126.987, 49.8151 ], [ -126.9781, 49.8286 ], [ -126.8642, 49.8555 ], [ -126.8009, 49.8808 ], [ -126.7685, 49.8834 ], [ -126.7422, 49.8564 ], [ -126.7229, 49.8498 ], [ -126.7027, 49.8602 ], [ -126.6905, 49.8571 ], [ -126.6426, 49.7587 ], [ -126.6339, 49.6923 ], [ -126.6192, 49.6528 ], [ -126.6177, 49.6308 ], [ -126.6388, 49.595 ], [ -126.6794, 49.5918 ], [ -126.8068, 49.6274 ], [ -126.8561, 49.6657 ], [ -126.9125, 49.6916 ], [ -126.974, 49.736 ], [ -126.9706, 49.7547 ], [ -126.9615, 49.7585 ], [ -126.933, 49.7394 ], [ -126.9193, 49.7589 ], [ -126.9088, 49.7651 ], [ -126.8641, 49.7733 ] ] ], [ [ [ -127.2723, 49.978 ], [ -127.285, 49.9786 ], [ -127.3186, 49.9996 ], [ -127.3135, 50.02 ], [ -127.3016, 50.0323 ], [ -127.286, 50.0371 ], [ -127.2635, 50.0343 ], [ -127.2406, 50.0217 ], [ -127.2318, 50.0102 ], [ -127.2342, 50.0054 ], [ -127.251, 49.9996 ], [ -127.2723, 49.978 ] ] ], [ [ [ -125.0055, 50.0176 ], [ -125.0107, 50.0296 ], [ -125.0074, 50.0723 ], [ -125.0529, 50.1052 ], [ -125.0598, 50.1155 ], [ -124.9858, 50.1789 ], [ -124.9797, 50.1888 ], [ -125.007, 50.2329 ], [ -124.9865, 50.226 ], [ -124.9291, 50.1694 ], [ -124.9183, 50.1509 ], [ -124.9188, 50.133 ], [ -124.9257, 50.1277 ], [ -124.9108, 50.1137 ], [ -124.9061, 50.0878 ], [ -124.891, 50.069 ], [ -124.963, 50.0488 ], [ -124.9763, 50.0217 ], [ -124.9865, 50.0144 ], [ -125.0055, 50.0176 ] ] ], [ [ [ -125.2472, 50.2875 ], [ -125.2301, 50.2608 ], [ -125.2154, 50.2565 ], [ -125.1986, 50.2373 ], [ -125.1798, 50.2289 ], [ -125.1657, 50.206 ], [ -125.1647, 50.1925 ], [ -125.1913, 50.1582 ], [ -125.1852, 50.1441 ], [ -125.2252, 50.1317 ], [ -125.2277, 50.1208 ], [ -125.2125, 50.1032 ], [ -125.1861, 50.0915 ], [ -125.1783, 50.0827 ], [ -125.1606, 50.0031 ], [ -125.1631, 49.9932 ], [ -125.1783, 50.0001 ], [ -125.1869, 50.0098 ], [ -125.1988, 50.0411 ], [ -125.2267, 50.069 ], [ -125.2125, 50.0752 ], [ -125.2303, 50.0897 ], [ -125.3237, 50.1433 ], [ -125.3348, 50.1938 ], [ -125.3489, 50.22 ], [ -125.3494, 50.2417 ], [ -125.3441, 50.2617 ], [ -125.336, 50.2745 ], [ -125.2903, 50.2913 ], [ -125.2632, 50.294 ], [ -125.2472, 50.2875 ] ] ], [ [ [ -124.8668, 50.1547 ], [ -124.8694, 50.1663 ], [ -124.8289, 50.185 ], [ -124.8404, 50.1983 ], [ -124.9127, 50.1943 ], [ -124.9259, 50.1999 ], [ -124.9578, 50.2343 ], [ -124.9652, 50.2492 ], [ -124.9643, 50.2621 ], [ -124.9368, 50.2762 ], [ -124.9171, 50.3035 ], [ -124.8827, 50.2896 ], [ -124.8357, 50.2812 ], [ -124.8119, 50.2695 ], [ -124.822, 50.2465 ], [ -124.8157, 50.2116 ], [ -124.7659, 50.1892 ], [ -124.7538, 50.1683 ], [ -124.7862, 50.1392 ], [ -124.8323, 50.1174 ], [ -124.8523, 50.1333 ], [ -124.8668, 50.1547 ] ] ], [ [ [ -124.7272, 50.2912 ], [ -124.7268, 50.2663 ], [ -124.7567, 50.2194 ], [ -124.768, 50.2143 ], [ -124.7825, 50.2192 ], [ -124.8083, 50.2319 ], [ -124.8122, 50.2398 ], [ -124.7865, 50.2773 ], [ -124.7485, 50.3039 ], [ -124.7251, 50.3045 ], [ -124.6898, 50.2907 ], [ -124.6614, 50.2628 ], [ -124.6507, 50.2244 ], [ -124.6645, 50.1912 ], [ -124.6938, 50.171 ], [ -124.7156, 50.1622 ], [ -124.7258, 50.1632 ], [ -124.7428, 50.2042 ], [ -124.7269, 50.2432 ], [ -124.7086, 50.2604 ], [ -124.7054, 50.2741 ], [ -124.7233, 50.2929 ], [ -124.7272, 50.2912 ] ] ], [ [ [ -125.1151, 50.2972 ], [ -125.0685, 50.2502 ], [ -125.049, 50.2191 ], [ -125.048, 50.2056 ], [ -125.0552, 50.1945 ], [ -125.0653, 50.1936 ], [ -125.0828, 50.2056 ], [ -125.1061, 50.1452 ], [ -125.1422, 50.1258 ], [ -125.1544, 50.1339 ], [ -125.1374, 50.1721 ], [ -125.1301, 50.2135 ], [ -125.1361, 50.2324 ], [ -125.167, 50.2473 ], [ -125.18, 50.2635 ], [ -125.2125, 50.3223 ], [ -125.2458, 50.3144 ], [ -125.277, 50.3266 ], [ -125.3126, 50.3198 ], [ -125.336, 50.3017 ], [ -125.3602, 50.295 ], [ -125.3822, 50.2963 ], [ -125.3981, 50.3078 ], [ -125.4042, 50.3322 ], [ -125.3944, 50.3495 ], [ -125.3717, 50.351 ], [ -125.3292, 50.3427 ], [ -125.3137, 50.3497 ], [ -125.3148, 50.3974 ], [ -125.3004, 50.4275 ], [ -125.288, 50.4374 ], [ -125.2162, 50.4091 ], [ -125.1988, 50.3911 ], [ -125.1715, 50.3911 ], [ -125.1525, 50.3445 ], [ -125.129, 50.3212 ], [ -125.1151, 50.2972 ] ] ], [ [ [ -125.3885, 50.4591 ], [ -125.368, 50.4611 ], [ -125.3396, 50.4525 ], [ -125.3279, 50.4337 ], [ -125.3463, 50.4023 ], [ -125.3821, 50.3935 ], [ -125.3765, 50.3826 ], [ -125.3786, 50.3756 ], [ -125.3924, 50.3674 ], [ -125.4477, 50.3537 ], [ -125.4866, 50.3577 ], [ -125.5448, 50.3778 ], [ -125.5398, 50.3844 ], [ -125.4995, 50.4011 ], [ -125.4901, 50.4133 ], [ -125.491, 50.4219 ], [ -125.478, 50.4295 ], [ -125.4086, 50.4477 ], [ -125.3885, 50.4591 ] ] ], [ [ [ -125.5032, 50.4049 ], [ -125.592, 50.388 ], [ -125.609, 50.3909 ], [ -125.6358, 50.3825 ], [ -125.7435, 50.3773 ], [ -125.7808, 50.3857 ], [ -125.7834, 50.3974 ], [ -125.7349, 50.4107 ], [ -125.6877, 50.4103 ], [ -125.593, 50.4379 ], [ -125.5469, 50.4434 ], [ -125.5234, 50.4417 ], [ -125.5067, 50.4308 ], [ -125.5023, 50.4138 ], [ -125.5032, 50.4049 ] ] ], [ [ [ -125.9654, 50.4382 ], [ -125.8886, 50.4612 ], [ -125.8058, 50.475 ], [ -125.77, 50.4592 ], [ -125.7639, 50.4487 ], [ -125.7432, 50.4367 ], [ -125.7392, 50.4286 ], [ -125.7851, 50.4119 ], [ -125.8236, 50.4088 ], [ -125.9486, 50.425 ], [ -125.9654, 50.4382 ] ] ], [ [ [ -126.2449, 50.5715 ], [ -126.2267, 50.5693 ], [ -126.2349, 50.5571 ], [ -126.2682, 50.555 ], [ -126.3055, 50.5346 ], [ -126.4127, 50.5274 ], [ -126.4482, 50.5192 ], [ -126.6245, 50.5346 ], [ -126.5841, 50.5481 ], [ -126.3676, 50.583 ], [ -126.3468, 50.5988 ], [ -126.3249, 50.6048 ], [ -126.2881, 50.6035 ], [ -126.2449, 50.5715 ] ] ], [ [ [ -126.6579, 50.5639 ], [ -126.6483, 50.5699 ], [ -126.6537, 50.5786 ], [ -126.6709, 50.5896 ], [ -126.5869, 50.5949 ], [ -126.5759, 50.5886 ], [ -126.5244, 50.5794 ], [ -126.5184, 50.5757 ], [ -126.519, 50.57 ], [ -126.6149, 50.5527 ], [ -126.6503, 50.5587 ], [ -126.6579, 50.5639 ] ] ], [ [ [ -126.3744, 50.605 ], [ -126.4256, 50.5886 ], [ -126.4526, 50.5881 ], [ -126.4854, 50.5786 ], [ -126.5109, 50.5819 ], [ -126.5132, 50.5845 ], [ -126.5066, 50.5858 ], [ -126.538, 50.5959 ], [ -126.5362, 50.5985 ], [ -126.5585, 50.6032 ], [ -126.5476, 50.6137 ], [ -126.4713, 50.6282 ], [ -126.3846, 50.6286 ], [ -126.3635, 50.6188 ], [ -126.3744, 50.605 ] ] ], [ [ [ -126.838, 50.6219 ], [ -126.8625, 50.6286 ], [ -126.8971, 50.621 ], [ -127.0032, 50.6265 ], [ -127.0375, 50.6401 ], [ -127.1221, 50.63 ], [ -127.1504, 50.64 ], [ -127.1415, 50.6548 ], [ -127.1075, 50.6711 ], [ -127.0371, 50.6625 ], [ -126.9346, 50.6603 ], [ -126.8948, 50.6659 ], [ -126.8397, 50.6337 ], [ -126.8331, 50.6252 ], [ -126.838, 50.6219 ] ] ], [ [ [ -126.2329, 50.727 ], [ -126.2447, 50.7174 ], [ -126.2682, 50.6853 ], [ -126.2644, 50.6646 ], [ -126.2881, 50.6546 ], [ -126.3502, 50.6518 ], [ -126.4346, 50.6691 ], [ -126.4601, 50.6649 ], [ -126.4493, 50.657 ], [ -126.449, 50.6505 ], [ -126.4703, 50.6444 ], [ -126.5215, 50.658 ], [ -126.576, 50.6523 ], [ -126.6034, 50.6549 ], [ -126.6177, 50.6723 ], [ -126.5902, 50.6793 ], [ -126.5848, 50.6878 ], [ -126.5877, 50.7011 ], [ -126.55, 50.7329 ], [ -126.527, 50.7437 ], [ -126.5078, 50.7399 ], [ -126.4283, 50.7945 ], [ -126.3979, 50.8083 ], [ -126.3235, 50.8157 ], [ -126.2895, 50.8286 ], [ -126.2723, 50.83 ], [ -126.2442, 50.8163 ], [ -126.2236, 50.7951 ], [ -126.2134, 50.7716 ], [ -126.1853, 50.7597 ], [ -126.1789, 50.7508 ], [ -126.1859, 50.7416 ], [ -126.2329, 50.727 ] ] ], [ [ [ -128.6015, 50.7931 ], [ -128.6034, 50.7851 ], [ -128.6159, 50.7828 ], [ -128.6351, 50.7899 ], [ -128.6391, 50.8047 ], [ -128.6269, 50.8119 ], [ -128.6065, 50.8123 ], [ -128.6037, 50.8198 ], [ -128.5741, 50.8085 ], [ -128.5722, 50.8026 ], [ -128.5726, 50.7952 ], [ -128.6015, 50.7931 ] ] ], [ [ [ -126.5624, 50.8021 ], [ -126.6034, 50.8083 ], [ -126.7412, 50.7747 ], [ -126.7685, 50.7884 ], [ -126.7821, 50.7747 ], [ -126.7961, 50.775 ], [ -126.8548, 50.786 ], [ -126.9051, 50.8219 ], [ -126.9051, 50.8293 ], [ -126.8627, 50.8361 ], [ -126.8263, 50.8362 ], [ -126.7934, 50.8073 ], [ -126.7821, 50.8219 ], [ -126.7843, 50.8323 ], [ -126.7707, 50.8363 ], [ -126.6824, 50.8344 ], [ -126.6661, 50.8362 ], [ -126.641, 50.8498 ], [ -126.5881, 50.8223 ], [ -126.5624, 50.8021 ] ] ], [ [ [ -128.7148, 50.8239 ], [ -128.7021, 50.8366 ], [ -128.6979, 50.8317 ], [ -128.6622, 50.825 ], [ -128.6705, 50.8189 ], [ -128.655, 50.8088 ], [ -128.6916, 50.8015 ], [ -128.7158, 50.8144 ], [ -128.7148, 50.8239 ] ] ], [ [ [ -127.8174, 50.8686 ], [ -127.8344, 50.8787 ], [ -127.8348, 50.8891 ], [ -127.7449, 50.9125 ], [ -127.7135, 50.913 ], [ -127.6882, 50.9009 ], [ -127.6692, 50.8804 ], [ -127.656, 50.8378 ], [ -127.7289, 50.8461 ], [ -127.7526, 50.8592 ], [ -127.8174, 50.8686 ] ] ], [ [ [ -127.875, 50.8904 ], [ -127.895, 50.8969 ], [ -127.9233, 50.8967 ], [ -127.9372, 50.9049 ], [ -127.9545, 50.9023 ], [ -127.981, 50.907 ], [ -127.983, 50.9167 ], [ -127.94, 50.9249 ], [ -127.9154, 50.9396 ], [ -127.8606, 50.9357 ], [ -127.8478, 50.9293 ], [ -127.839, 50.9116 ], [ -127.8402, 50.9033 ], [ -127.875, 50.8904 ] ] ], [ [ [ -127.5265, 51.0662 ], [ -127.542, 51.0522 ], [ -127.5912, 51.0519 ], [ -127.6117, 51.0751 ], [ -127.5453, 51.0898 ], [ -127.5269, 51.0837 ], [ -127.5265, 51.0662 ] ] ], [ [ [ -128.1453, 51.5903 ], [ -128.1566, 51.6279 ], [ -128.139, 51.658 ], [ -128.1043, 51.6818 ], [ -128.0262, 51.7198 ], [ -128.0099, 51.7237 ], [ -127.9766, 51.6821 ], [ -127.9713, 51.664 ], [ -127.9814, 51.6518 ], [ -127.9506, 51.6289 ], [ -127.9203, 51.5961 ], [ -127.9049, 51.5587 ], [ -127.9187, 51.522 ], [ -127.9037, 51.5143 ], [ -127.8883, 51.4958 ], [ -127.8715, 51.4565 ], [ -127.8793, 51.4422 ], [ -127.8975, 51.4298 ], [ -127.9329, 51.419 ], [ -128.0076, 51.4677 ], [ -128.027, 51.4587 ], [ -128.0503, 51.4599 ], [ -128.0686, 51.4695 ], [ -128.086, 51.4869 ], [ -128.0991, 51.5087 ], [ -128.1091, 51.5452 ], [ -128.1453, 51.5903 ] ] ], [ [ [ -127.9534, 52.049 ], [ -127.9606, 52.0023 ], [ -127.9534, 51.9875 ], [ -127.9875, 51.9118 ], [ -128.036, 51.8436 ], [ -128.0286, 51.8367 ], [ -128.036, 51.8299 ], [ -128.0096, 51.7955 ], [ -128.0093, 51.7821 ], [ -128.0326, 51.7642 ], [ -128.0639, 51.7548 ], [ -128.0751, 51.7651 ], [ -128.1352, 51.7473 ], [ -128.14, 51.7526 ], [ -128.1383, 51.7639 ], [ -128.1175, 51.8015 ], [ -128.1222, 51.8239 ], [ -128.1383, 51.8436 ], [ -128.1339, 51.8574 ], [ -128.1383, 51.864 ], [ -128.1626, 51.8572 ], [ -128.2056, 51.8545 ], [ -128.2304, 51.856 ], [ -128.2482, 51.864 ], [ -128.251, 51.8759 ], [ -128.2446, 51.8918 ], [ -128.2306, 51.9059 ], [ -128.196, 51.9161 ], [ -128.2222, 51.9542 ], [ -128.1777, 52.0158 ], [ -128.1593, 52.0348 ], [ -128.1418, 52.0428 ], [ -128.0943, 52.0565 ], [ -128.0662, 52.0556 ], [ -127.9989, 52.0657 ], [ -127.9704, 52.0632 ], [ -127.9534, 52.049 ] ] ], [ [ [ -128.4927, 51.926 ], [ -128.487, 51.9537 ], [ -128.4382, 51.9808 ], [ -128.4321, 51.9951 ], [ -128.4174, 52.0035 ], [ -128.4135, 51.9832 ], [ -128.4232, 51.9259 ], [ -128.4324, 51.9024 ], [ -128.4455, 51.8981 ], [ -128.4544, 51.9174 ], [ -128.4788, 51.9068 ], [ -128.4927, 51.926 ] ] ], [ [ [ -128.2029, 52.0288 ], [ -128.216, 52.0178 ], [ -128.2482, 52.0217 ], [ -128.2551, 52.049 ], [ -128.279, 52.0908 ], [ -128.2964, 52.1059 ], [ -128.2907, 52.1247 ], [ -128.2423, 52.1839 ], [ -128.2015, 52.198 ], [ -128.1602, 52.1986 ], [ -128.1453, 52.1936 ], [ -128.1527, 52.1862 ], [ -128.1551, 52.0943 ], [ -128.1626, 52.0732 ], [ -128.1936, 52.0565 ], [ -128.2029, 52.0288 ] ] ], [ [ [ -128.077, 52.1452 ], [ -128.036, 52.1657 ], [ -127.9466, 52.1657 ], [ -127.9093, 52.1589 ], [ -127.8895, 52.171 ], [ -127.8777, 52.1719 ], [ -127.8949, 52.1358 ], [ -127.9198, 52.1188 ], [ -127.9398, 52.0899 ], [ -127.9615, 52.0828 ], [ -128.0144, 52.0915 ], [ -128.0525, 52.0763 ], [ -128.0699, 52.0803 ], [ -128.0974, 52.0974 ], [ -128.1217, 52.1418 ], [ -128.123, 52.1517 ], [ -128.077, 52.1452 ] ] ], [ [ [ -128.5054, 52.1531 ], [ -128.5224, 52.1576 ], [ -128.518, 52.1748 ], [ -128.4837, 52.1866 ], [ -128.4715, 52.2029 ], [ -128.4565, 52.2109 ], [ -128.4553, 52.2249 ], [ -128.4473, 52.238 ], [ -128.3662, 52.2348 ], [ -128.3445, 52.2408 ], [ -128.2789, 52.2372 ], [ -128.2466, 52.2289 ], [ -128.2278, 52.2128 ], [ -128.266, 52.1976 ], [ -128.2784, 52.1848 ], [ -128.3035, 52.1309 ], [ -128.3136, 52.1314 ], [ -128.3298, 52.1479 ], [ -128.3367, 52.1162 ], [ -128.3215, 52.0904 ], [ -128.3398, 52.0793 ], [ -128.3843, 52.098 ], [ -128.3578, 52.1445 ], [ -128.3946, 52.1555 ], [ -128.4224, 52.1277 ], [ -128.4417, 52.1228 ], [ -128.4547, 52.1309 ], [ -128.4301, 52.154 ], [ -128.5054, 52.1531 ] ] ], [ [ [ -127.6422, 52.1381 ], [ -127.6933, 52.0676 ], [ -127.7057, 52.0434 ], [ -127.6981, 52.0041 ], [ -127.7181, 51.9882 ], [ -127.7691, 51.9739 ], [ -127.8198, 51.9709 ], [ -127.8729, 51.9547 ], [ -127.8883, 51.9534 ], [ -127.9022, 51.9682 ], [ -127.8997, 52.0016 ], [ -127.8782, 52.0836 ], [ -127.8647, 52.1042 ], [ -127.8436, 52.1179 ], [ -127.851, 52.1486 ], [ -127.8418, 52.1681 ], [ -127.8202, 52.1957 ], [ -127.7951, 52.2177 ], [ -127.7753, 52.2204 ], [ -127.751, 52.2502 ], [ -127.6706, 52.2551 ], [ -127.619, 52.2809 ], [ -127.5773, 52.2899 ], [ -127.5425, 52.3083 ], [ -127.5116, 52.3129 ], [ -127.4989, 52.327 ], [ -127.4758, 52.3362 ], [ -127.4469, 52.378 ], [ -127.4318, 52.3872 ], [ -127.3118, 52.4133 ], [ -127.2704, 52.4354 ], [ -127.2588, 52.4355 ], [ -127.2408, 52.4264 ], [ -127.2357, 52.404 ], [ -127.241, 52.3838 ], [ -127.2376, 52.366 ], [ -127.2067, 52.3507 ], [ -127.238, 52.3129 ], [ -127.277, 52.2894 ], [ -127.3644, 52.2613 ], [ -127.378, 52.2482 ], [ -127.4128, 52.2551 ], [ -127.4538, 52.2377 ], [ -127.4629, 52.2227 ], [ -127.4844, 52.2102 ], [ -127.5289, 52.1936 ], [ -127.5766, 52.1862 ], [ -127.5946, 52.1562 ], [ -127.6252, 52.1483 ], [ -127.6422, 52.1381 ] ] ], [ [ [ -128.0867, 52.216 ], [ -128.0731, 52.224 ], [ -128.0335, 52.2315 ], [ -128.0207, 52.2411 ], [ -128.0216, 52.2507 ], [ -128.0543, 52.2535 ], [ -128.078, 52.2451 ], [ -128.1181, 52.2394 ], [ -128.1377, 52.2416 ], [ -128.1732, 52.2551 ], [ -128.1002, 52.2785 ], [ -128.0555, 52.3035 ], [ -127.9853, 52.3021 ], [ -127.9608, 52.296 ], [ -127.9267, 52.2265 ], [ -127.9077, 52.2009 ], [ -127.9155, 52.1828 ], [ -127.932, 52.1762 ], [ -127.995, 52.1862 ], [ -128.0713, 52.1823 ], [ -128.0912, 52.1936 ], [ -128.094, 52.2051 ], [ -128.0867, 52.216 ] ] ], [ [ [ -128.6728, 52.4879 ], [ -128.6728, 52.4809 ], [ -128.6871, 52.4674 ], [ -128.6529, 52.4809 ], [ -128.6237, 52.4631 ], [ -128.6182, 52.4537 ], [ -128.6183, 52.4351 ], [ -128.6256, 52.4196 ], [ -128.6128, 52.3774 ], [ -128.6232, 52.3301 ], [ -128.6483, 52.2897 ], [ -128.6796, 52.2681 ], [ -128.6864, 52.2861 ], [ -128.7167, 52.3078 ], [ -128.7281, 52.3227 ], [ -128.7281, 52.3643 ], [ -128.7485, 52.3712 ], [ -128.7485, 52.3917 ], [ -128.7628, 52.4285 ], [ -128.7638, 52.4495 ], [ -128.7554, 52.4674 ], [ -128.7175, 52.4809 ], [ -128.6728, 52.4879 ] ] ], [ [ [ -128.7572, 52.4903 ], [ -128.8175, 52.522 ], [ -128.8119, 52.5407 ], [ -128.8013, 52.547 ], [ -128.769, 52.5362 ], [ -128.7349, 52.5151 ], [ -128.7132, 52.5289 ], [ -128.7001, 52.522 ], [ -128.6939, 52.5294 ], [ -128.7212, 52.5424 ], [ -128.7076, 52.5493 ], [ -128.7383, 52.5598 ], [ -128.7405, 52.5668 ], [ -128.7356, 52.5814 ], [ -128.7419, 52.5862 ], [ -128.7389, 52.5908 ], [ -128.7247, 52.5977 ], [ -128.5833, 52.6005 ], [ -128.563, 52.6114 ], [ -128.5661, 52.6296 ], [ -128.5613, 52.6522 ], [ -128.5506, 52.6647 ], [ -128.5362, 52.6523 ], [ -128.5251, 52.598 ], [ -128.4721, 52.4883 ], [ -128.4847, 52.4432 ], [ -128.4979, 52.4363 ], [ -128.5341, 52.4359 ], [ -128.5607, 52.4533 ], [ -128.5929, 52.4614 ], [ -128.6193, 52.4779 ], [ -128.6787, 52.5009 ], [ -128.6989, 52.5181 ], [ -128.7137, 52.5077 ], [ -128.7018, 52.4987 ], [ -128.7063, 52.491 ], [ -128.7197, 52.4883 ], [ -128.7349, 52.4946 ], [ -128.7572, 52.4903 ] ] ], [ [ [ -128.4352, 52.7613 ], [ -128.4146, 52.7824 ], [ -128.3913, 52.7965 ], [ -128.3717, 52.7957 ], [ -128.3519, 52.7175 ], [ -128.3186, 52.6876 ], [ -128.324, 52.6591 ], [ -128.3146, 52.5882 ], [ -128.3031, 52.5735 ], [ -128.2953, 52.5342 ], [ -128.2816, 52.4982 ], [ -128.2841, 52.4785 ], [ -128.3104, 52.4294 ], [ -128.3786, 52.378 ], [ -128.4386, 52.3743 ], [ -128.4664, 52.3827 ], [ -128.4642, 52.4025 ], [ -128.411, 52.4394 ], [ -128.4059, 52.4605 ], [ -128.3985, 52.4674 ], [ -128.425, 52.4876 ], [ -128.4359, 52.5264 ], [ -128.4401, 52.6114 ], [ -128.4519, 52.6309 ], [ -128.438, 52.6525 ], [ -128.4416, 52.6728 ], [ -128.4261, 52.7001 ], [ -128.4244, 52.7152 ], [ -128.4315, 52.7289 ], [ -128.4469, 52.741 ], [ -128.4352, 52.7613 ] ] ], [ [ [ -128.2877, 52.6074 ], [ -128.2911, 52.6227 ], [ -128.283, 52.6455 ], [ -128.2967, 52.666 ], [ -128.2885, 52.6837 ], [ -128.2918, 52.6997 ], [ -128.3233, 52.7507 ], [ -128.323, 52.7788 ], [ -128.2795, 52.7873 ], [ -128.2351, 52.7877 ], [ -128.2141, 52.7957 ], [ -128.1998, 52.8214 ], [ -128.1901, 52.8301 ], [ -128.1732, 52.8236 ], [ -128.1827, 52.7755 ], [ -128.2005, 52.7516 ], [ -128.2105, 52.7067 ], [ -128.2278, 52.6837 ], [ -128.2512, 52.6242 ], [ -128.275, 52.6025 ], [ -128.2877, 52.6074 ] ] ], [ [ [ -128.5328, 52.7274 ], [ -128.536, 52.7664 ], [ -128.5232, 52.8018 ], [ -128.5104, 52.8628 ], [ -128.5021, 52.872 ], [ -128.4849, 52.8655 ], [ -128.4734, 52.8536 ], [ -128.4577, 52.8095 ], [ -128.4556, 52.789 ], [ -128.4612, 52.7758 ], [ -128.481, 52.7827 ], [ -128.4777, 52.7066 ], [ -128.5099, 52.6539 ], [ -128.5167, 52.654 ], [ -128.5294, 52.6802 ], [ -128.522, 52.6871 ], [ -128.5395, 52.7085 ], [ -128.5424, 52.7216 ], [ -128.5328, 52.7274 ] ] ], [ [ [ -129.0365, 52.9056 ], [ -128.9887, 52.9338 ], [ -128.9652, 52.9659 ], [ -128.9471, 52.9744 ], [ -128.9477, 52.999 ], [ -128.914, 53.0168 ], [ -128.838, 53.0359 ], [ -128.8517, 53.0516 ], [ -128.9054, 53.0897 ], [ -128.9338, 53.1002 ], [ -129.0155, 53.1457 ], [ -129.0123, 53.1245 ], [ -128.992, 53.0964 ], [ -128.9789, 53.1044 ], [ -128.9634, 53.1044 ], [ -128.9099, 53.0734 ], [ -128.8817, 53.0468 ], [ -128.8646, 53.0427 ], [ -128.8646, 53.0359 ], [ -128.9049, 53.0341 ], [ -128.9403, 53.0222 ], [ -128.9666, 53.0035 ], [ -128.9881, 52.9676 ], [ -129.0128, 52.9467 ], [ -129.0574, 52.918 ], [ -129.1, 52.903 ], [ -129.1256, 52.9319 ], [ -129.1605, 52.9303 ], [ -129.1771, 52.9368 ], [ -129.1891, 52.9692 ], [ -129.1942, 53.0049 ], [ -129.1898, 53.0233 ], [ -129.1706, 53.0472 ], [ -129.1589, 53.0742 ], [ -129.1428, 53.0821 ], [ -129.1266, 53.0815 ], [ -129.119, 53.07 ], [ -129.0906, 53.0886 ], [ -129.079, 53.1111 ], [ -129.0823, 53.2014 ], [ -129.0652, 53.2145 ], [ -129.064, 53.2311 ], [ -129.0707, 53.2618 ], [ -129.0884, 53.291 ], [ -129.0781, 53.3028 ], [ -129.0421, 53.3106 ], [ -129.0198, 53.3105 ], [ -128.9761, 53.2949 ], [ -128.905, 53.2934 ], [ -128.8688, 53.2725 ], [ -128.7952, 53.2187 ], [ -128.7046, 53.1746 ], [ -128.6796, 53.1662 ], [ -128.6347, 53.1632 ], [ -128.6219, 53.1557 ], [ -128.587, 53.1136 ], [ -128.5387, 53.0197 ], [ -128.5275, 52.981 ], [ -128.522, 52.9335 ], [ -128.5323, 52.8466 ], [ -128.5645, 52.7432 ], [ -128.5713, 52.7374 ], [ -128.5846, 52.741 ], [ -128.5775, 52.701 ], [ -128.5841, 52.6862 ], [ -128.6051, 52.666 ], [ -128.59, 52.666 ], [ -128.5772, 52.6591 ], [ -128.5946, 52.6144 ], [ -128.7036, 52.6112 ], [ -128.7485, 52.5977 ], [ -128.7554, 52.6039 ], [ -128.736, 52.6562 ], [ -128.7372, 52.6916 ], [ -128.7485, 52.7448 ], [ -128.7431, 52.7637 ], [ -128.7191, 52.7954 ], [ -128.7108, 52.8367 ], [ -128.7023, 52.8474 ], [ -128.6728, 52.8646 ], [ -128.6484, 52.9161 ], [ -128.6461, 52.9602 ], [ -128.6645, 52.9709 ], [ -128.675, 52.9713 ], [ -128.6796, 52.9639 ], [ -128.6696, 52.9275 ], [ -128.6693, 52.9079 ], [ -128.6833, 52.8994 ], [ -128.733, 52.918 ], [ -128.7485, 52.913 ], [ -128.7369, 52.8995 ], [ -128.7276, 52.8761 ], [ -128.7279, 52.8539 ], [ -128.7572, 52.8349 ], [ -128.7787, 52.7301 ], [ -128.7773, 52.7152 ], [ -128.7593, 52.6869 ], [ -128.7567, 52.6768 ], [ -128.7604, 52.6691 ], [ -128.7728, 52.666 ], [ -128.7819, 52.6698 ], [ -128.8038, 52.7007 ], [ -128.8258, 52.6716 ], [ -128.8564, 52.659 ], [ -128.8915, 52.6602 ], [ -129.0172, 52.7158 ], [ -129.057, 52.741 ], [ -129.0365, 52.7547 ], [ -129.0365, 52.7622 ], [ -129.063, 52.7683 ], [ -129.0773, 52.7783 ], [ -129.1107, 52.8201 ], [ -129.1254, 52.8679 ], [ -129.1153, 52.8782 ], [ -129.0297, 52.8577 ], [ -129.0168, 52.8593 ], [ -129.0707, 52.8925 ], [ -129.0365, 52.9056 ] ] ], [ [ [ -114.7209, 18.3457 ], [ -114.734, 18.3293 ], [ -114.7819, 18.3245 ], [ -114.7986, 18.3309 ], [ -114.7986, 18.3425 ], [ -114.7755, 18.3549 ], [ -114.724, 18.3549 ], [ -114.7209, 18.3457 ] ] ], [ [ [ -115.7538, 24.9535 ], [ -115.7538, 24.9544 ], [ -115.7523, 24.9533 ], [ -115.7538, 24.9535 ] ] ], [ [ [ -115.218, 27.8961 ], [ -115.1624, 27.8683 ], [ -115.1593, 27.8599 ], [ -115.1646, 27.8513 ], [ -115.1784, 27.8507 ], [ -115.1822, 27.8687 ], [ -115.1938, 27.8814 ], [ -115.2204, 27.8886 ], [ -115.218, 27.8961 ] ] ], [ [ [ -115.2063, 28.0379 ], [ -115.2281, 28.0283 ], [ -115.2339, 28.0361 ], [ -115.247, 28.0337 ], [ -115.254, 28.0403 ], [ -115.2618, 28.0701 ], [ -115.2803, 28.0875 ], [ -115.3035, 28.0947 ], [ -115.3367, 28.0844 ], [ -115.3466, 28.0711 ], [ -115.3581, 28.0826 ], [ -115.3522, 28.1164 ], [ -115.334, 28.1249 ], [ -115.2737, 28.1895 ], [ -115.2398, 28.2336 ], [ -115.2552, 28.2639 ], [ -115.2625, 28.2988 ], [ -115.2486, 28.3593 ], [ -115.2149, 28.3783 ], [ -115.192, 28.3608 ], [ -115.195, 28.3414 ], [ -115.1841, 28.3147 ], [ -115.1739, 28.3088 ], [ -115.1758, 28.2988 ], [ -115.1627, 28.2613 ], [ -115.1728, 28.2346 ], [ -115.1723, 28.2126 ], [ -115.1588, 28.1928 ], [ -115.1555, 28.1707 ], [ -115.1597, 28.1507 ], [ -115.1558, 28.1408 ], [ -115.1627, 28.1296 ], [ -115.1753, 28.1245 ], [ -115.1858, 28.1062 ], [ -115.183, 28.0951 ], [ -115.188, 28.0868 ], [ -115.1821, 28.0702 ], [ -115.1883, 28.0563 ], [ -115.1793, 28.0403 ], [ -115.1817, 28.0276 ], [ -115.2063, 28.0379 ] ] ], [ [ [ -115.601, 28.316 ], [ -115.5938, 28.3172 ], [ -115.5883, 28.3098 ], [ -115.5678, 28.3137 ], [ -115.5647, 28.3074 ], [ -115.5755, 28.3073 ], [ -115.5791, 28.3008 ], [ -115.5923, 28.2975 ], [ -115.6027, 28.3043 ], [ -115.601, 28.316 ] ] ], [ [ [ -118.3555, 29.067 ], [ -118.3688, 29.1144 ], [ -118.3568, 29.1495 ], [ -118.3367, 29.1633 ], [ -118.3092, 29.1716 ], [ -118.2963, 29.1862 ], [ -118.2738, 29.1896 ], [ -118.2559, 29.1809 ], [ -118.2837, 29.1519 ], [ -118.2862, 29.1364 ], [ -118.2672, 29.0981 ], [ -118.2515, 29.0894 ], [ -118.2296, 29.0617 ], [ -118.2205, 29.0152 ], [ -118.2291, 28.996 ], [ -118.2214, 28.9593 ], [ -118.2258, 28.9151 ], [ -118.2514, 28.8845 ], [ -118.2704, 28.8862 ], [ -118.2892, 28.8789 ], [ -118.2888, 28.8681 ], [ -118.2984, 28.8768 ], [ -118.2947, 28.8886 ], [ -118.2836, 28.8926 ], [ -118.2975, 28.9309 ], [ -118.294, 28.9481 ], [ -118.3, 28.9678 ], [ -118.316, 28.9817 ], [ -118.3043, 28.998 ], [ -118.3137, 29.0256 ], [ -118.3235, 29.04 ], [ -118.3555, 29.067 ] ] ], [ [ [ -113.521, 29.079 ], [ -113.5271, 29.0923 ], [ -113.5188, 29.0956 ], [ -113.5047, 29.0922 ], [ -113.5089, 29.0787 ], [ -113.5041, 29.0753 ], [ -113.506, 29.0626 ], [ -113.492, 29.0359 ], [ -113.5068, 29.0397 ], [ -113.5047, 29.0442 ], [ -113.5143, 29.0533 ], [ -113.5094, 29.0608 ], [ -113.5136, 29.0632 ], [ -113.5148, 29.0762 ], [ -113.521, 29.079 ] ] ], [ [ [ -114.4185, 29.9868 ], [ -114.4018, 29.986 ], [ -114.3948, 29.9602 ], [ -114.4071, 29.9586 ], [ -114.422, 29.9662 ], [ -114.4159, 29.9761 ], [ -114.4185, 29.9868 ] ] ], [ [ [ -116.1228, 30.4916 ], [ -116.1096, 30.4953 ], [ -116.1042, 30.4826 ], [ -116.1228, 30.4852 ], [ -116.1228, 30.4916 ] ] ], [ [ [ -114.7982, 31.7567 ], [ -114.7861, 31.803 ], [ -114.7552, 31.7978 ], [ -114.7101, 31.7637 ], [ -114.6695, 31.7209 ], [ -114.6527, 31.6898 ], [ -114.678, 31.6944 ], [ -114.6937, 31.7103 ], [ -114.7156, 31.6952 ], [ -114.7626, 31.7156 ], [ -114.7982, 31.7567 ] ] ], [ [ [ -117.2537, 32.4208 ], [ -117.2476, 32.4186 ], [ -117.2393, 32.3891 ], [ -117.2432, 32.3887 ], [ -117.2537, 32.4208 ] ] ], [ [ [ -118.6072, 33.0309 ], [ -118.5957, 33.0353 ], [ -118.5899, 33.03 ], [ -118.5772, 33.0325 ], [ -118.5644, 33.0238 ], [ -118.5602, 33.0063 ], [ -118.5498, 33.0016 ], [ -118.545, 32.9856 ], [ -118.5044, 32.9413 ], [ -118.382, 32.8477 ], [ -118.3509, 32.8187 ], [ -118.3636, 32.8168 ], [ -118.3842, 32.8244 ], [ -118.4015, 32.82 ], [ -118.4042, 32.8124 ], [ -118.429, 32.8029 ], [ -118.4384, 32.8169 ], [ -118.4499, 32.8188 ], [ -118.4743, 32.8381 ], [ -118.4991, 32.8506 ], [ -118.5086, 32.8765 ], [ -118.5469, 32.9188 ], [ -118.5517, 32.9454 ], [ -118.5755, 32.969 ], [ -118.5799, 32.9878 ], [ -118.5938, 33.0139 ], [ -118.6082, 33.0144 ], [ -118.6072, 33.0309 ] ] ], [ [ [ -119.4886, 33.2672 ], [ -119.4622, 33.2565 ], [ -119.4345, 33.2313 ], [ -119.4392, 33.2198 ], [ -119.4566, 33.216 ], [ -119.4954, 33.2173 ], [ -119.5442, 33.2313 ], [ -119.5669, 33.2475 ], [ -119.5742, 33.2588 ], [ -119.5779, 33.2793 ], [ -119.5624, 33.2717 ], [ -119.5321, 33.2863 ], [ -119.4978, 33.2661 ], [ -119.4886, 33.2672 ] ] ], [ [ [ -118.4448, 33.4286 ], [ -118.4211, 33.4279 ], [ -118.3692, 33.4084 ], [ -118.3683, 33.389 ], [ -118.3318, 33.3591 ], [ -118.3263, 33.3446 ], [ -118.3087, 33.3364 ], [ -118.3043, 33.3193 ], [ -118.3106, 33.3142 ], [ -118.3043, 33.309 ], [ -118.326, 33.2986 ], [ -118.3748, 33.3195 ], [ -118.4227, 33.3166 ], [ -118.4636, 33.3235 ], [ -118.4842, 33.3461 ], [ -118.4896, 33.3585 ], [ -118.4862, 33.3724 ], [ -118.4749, 33.3824 ], [ -118.4872, 33.4028 ], [ -118.4863, 33.416 ], [ -118.5729, 33.4379 ], [ -118.5741, 33.4466 ], [ -118.6039, 33.4766 ], [ -118.5634, 33.4734 ], [ -118.5359, 33.4773 ], [ -118.5177, 33.4598 ], [ -118.4997, 33.4518 ], [ -118.4988, 33.4427 ], [ -118.4769, 33.4474 ], [ -118.4448, 33.4286 ] ] ], [ [ [ -118.2501, 33.7236 ], [ -118.2456, 33.7149 ], [ -118.2576, 33.7166 ], [ -118.2613, 33.725 ], [ -118.2443, 33.7343 ], [ -118.249, 33.7494 ], [ -118.2539, 33.7462 ], [ -118.2511, 33.7363 ], [ -118.2686, 33.7289 ], [ -118.2675, 33.747 ], [ -118.255, 33.7581 ], [ -118.2266, 33.7654 ], [ -118.2239, 33.7561 ], [ -118.2439, 33.7508 ], [ -118.2363, 33.728 ], [ -118.2501, 33.7236 ] ] ], [ [ [ -120.2255, 33.9885 ], [ -120.2485, 34.0011 ], [ -120.2366, 34.0088 ], [ -120.2176, 34.0105 ], [ -120.2011, 34.0047 ], [ -120.171, 34.0074 ], [ -120.1455, 34.0245 ], [ -120.0967, 34.0179 ], [ -120.0725, 34.0249 ], [ -120.0579, 34.0378 ], [ -120.0441, 34.0373 ], [ -120.0423, 34.0281 ], [ -120.0499, 34.0156 ], [ -120.047, 34.0038 ], [ -120.034, 33.9896 ], [ -120.0083, 33.979 ], [ -119.9804, 33.9835 ], [ -119.9788, 33.9594 ], [ -119.9707, 33.9529 ], [ -119.9688, 33.9411 ], [ -119.9996, 33.9415 ], [ -120.0497, 33.9148 ], [ -120.0806, 33.9064 ], [ -120.1013, 33.9069 ], [ -120.1099, 33.8931 ], [ -120.1242, 33.8951 ], [ -120.1756, 33.9222 ], [ -120.2102, 33.9725 ], [ -120.2194, 33.9767 ], [ -120.2255, 33.9885 ] ] ], [ [ [ -119.8508, 33.9674 ], [ -119.8741, 33.98 ], [ -119.8813, 33.9913 ], [ -119.8871, 34.0088 ], [ -119.8771, 34.0244 ], [ -119.8772, 34.0325 ], [ -119.8992, 34.0496 ], [ -119.933, 34.0602 ], [ -119.9172, 34.0788 ], [ -119.8564, 34.0706 ], [ -119.8244, 34.0551 ], [ -119.807, 34.0519 ], [ -119.7593, 34.0558 ], [ -119.7118, 34.0423 ], [ -119.6854, 34.0199 ], [ -119.6332, 34.0136 ], [ -119.6156, 34.0195 ], [ -119.6079, 34.0295 ], [ -119.6101, 34.0396 ], [ -119.5649, 34.0553 ], [ -119.5215, 34.0343 ], [ -119.5294, 34.0252 ], [ -119.5427, 34.0202 ], [ -119.5478, 34.0038 ], [ -119.5595, 33.9943 ], [ -119.6577, 33.9861 ], [ -119.7065, 33.9687 ], [ -119.7195, 33.9591 ], [ -119.7535, 33.9623 ], [ -119.7592, 33.9573 ], [ -119.8016, 33.9632 ], [ -119.8172, 33.9593 ], [ -119.8252, 33.9665 ], [ -119.8508, 33.9674 ] ] ], [ [ [ -120.394, 34.0533 ], [ -120.38, 34.0609 ], [ -120.3691, 34.0762 ], [ -120.359, 34.065 ], [ -120.3563, 34.0585 ], [ -120.3607, 34.0531 ], [ -120.356, 34.0471 ], [ -120.3303, 34.0472 ], [ -120.3066, 34.0264 ], [ -120.3083, 34.0182 ], [ -120.3512, 34.019 ], [ -120.3604, 34.0148 ], [ -120.4152, 34.0325 ], [ -120.4238, 34.0249 ], [ -120.4461, 34.0302 ], [ -120.4492, 34.0359 ], [ -120.438, 34.0385 ], [ -120.4153, 34.0545 ], [ -120.394, 34.0533 ] ] ], [ [ [ -123.4171, 46.2048 ], [ -123.405, 46.2009 ], [ -123.3157, 46.1485 ], [ -123.338, 46.1476 ], [ -123.3769, 46.1561 ], [ -123.411, 46.1751 ], [ -123.423, 46.1878 ], [ -123.4171, 46.2048 ] ] ], [ [ [ -123.4367, 46.2204 ], [ -123.4408, 46.2132 ], [ -123.4684, 46.225 ], [ -123.4778, 46.2361 ], [ -123.4807, 46.2559 ], [ -123.4712, 46.2548 ], [ -123.4443, 46.2359 ], [ -123.4367, 46.2204 ] ] ], [ [ [ -123.9811, 46.4975 ], [ -123.9482, 46.4642 ], [ -123.9455, 46.4176 ], [ -123.9641, 46.4068 ], [ -123.9747, 46.4402 ], [ -123.9978, 46.4534 ], [ -123.9903, 46.4883 ], [ -123.9811, 46.4975 ] ] ], [ [ [ -122.7422, 47.1437 ], [ -122.7464, 47.1537 ], [ -122.7294, 47.1622 ], [ -122.7181, 47.1806 ], [ -122.6855, 47.1806 ], [ -122.6756, 47.1763 ], [ -122.6714, 47.165 ], [ -122.6771, 47.1396 ], [ -122.7011, 47.124 ], [ -122.7422, 47.1437 ] ] ], [ [ [ -122.8695, 47.2429 ], [ -122.8483, 47.2202 ], [ -122.8483, 47.1933 ], [ -122.8597, 47.1777 ], [ -122.8739, 47.1679 ], [ -122.8979, 47.2089 ], [ -122.9219, 47.2287 ], [ -122.912, 47.2697 ], [ -122.9049, 47.2783 ], [ -122.8908, 47.2783 ], [ -122.8469, 47.298 ], [ -122.8526, 47.2853 ], [ -122.8668, 47.2783 ], [ -122.8695, 47.2429 ] ] ], [ [ [ -122.4922, 47.3442 ], [ -122.5034, 47.3315 ], [ -122.5183, 47.3373 ], [ -122.5315, 47.3569 ], [ -122.5177, 47.3804 ], [ -122.5102, 47.4558 ], [ -122.489, 47.4827 ], [ -122.4556, 47.5009 ], [ -122.4621, 47.4868 ], [ -122.4413, 47.4667 ], [ -122.4351, 47.4257 ], [ -122.4224, 47.4088 ], [ -122.3668, 47.3835 ], [ -122.4178, 47.3708 ], [ -122.4692, 47.3364 ], [ -122.4747, 47.3496 ], [ -122.4738, 47.3629 ], [ -122.4664, 47.3732 ], [ -122.4423, 47.3825 ], [ -122.4398, 47.3928 ], [ -122.4464, 47.4006 ], [ -122.463, 47.3978 ], [ -122.4556, 47.391 ], [ -122.4854, 47.3798 ], [ -122.4897, 47.3739 ], [ -122.4922, 47.3442 ] ] ], [ [ [ -122.4996, 47.6487 ], [ -122.4899, 47.6413 ], [ -122.511, 47.6276 ], [ -122.5002, 47.6193 ], [ -122.4933, 47.5942 ], [ -122.4804, 47.5869 ], [ -122.4988, 47.5712 ], [ -122.5209, 47.574 ], [ -122.5423, 47.5955 ], [ -122.5705, 47.5961 ], [ -122.5779, 47.6015 ], [ -122.5677, 47.6296 ], [ -122.5793, 47.6487 ], [ -122.5789, 47.6694 ], [ -122.5619, 47.6856 ], [ -122.5578, 47.7138 ], [ -122.5377, 47.7148 ], [ -122.511, 47.6959 ], [ -122.5058, 47.6633 ], [ -122.4996, 47.6487 ] ] ], [ [ [ -122.7189, 48.1022 ], [ -122.7012, 48.0976 ], [ -122.6771, 48.0487 ], [ -122.6732, 48.0237 ], [ -122.6815, 48.0073 ], [ -122.7002, 48.0078 ], [ -122.7176, 48.023 ], [ -122.7367, 48.0557 ], [ -122.7389, 48.0825 ], [ -122.7293, 48.083 ], [ -122.723, 48.0762 ], [ -122.7163, 48.0483 ], [ -122.702, 48.0492 ], [ -122.7016, 48.0644 ], [ -122.712, 48.0836 ], [ -122.7293, 48.0967 ], [ -122.7189, 48.1022 ] ] ], [ [ [ -122.5303, 47.9674 ], [ -122.562, 47.9874 ], [ -122.5802, 48.0049 ], [ -122.5933, 48.0254 ], [ -122.5922, 48.0421 ], [ -122.6098, 48.0605 ], [ -122.6149, 48.0749 ], [ -122.6002, 48.1301 ], [ -122.6072, 48.1538 ], [ -122.623, 48.1633 ], [ -122.6444, 48.1614 ], [ -122.6684, 48.1506 ], [ -122.6932, 48.1802 ], [ -122.7441, 48.2059 ], [ -122.7557, 48.2296 ], [ -122.7512, 48.2499 ], [ -122.6684, 48.3629 ], [ -122.6566, 48.3851 ], [ -122.6308, 48.3847 ], [ -122.5958, 48.4019 ], [ -122.579, 48.3771 ], [ -122.5777, 48.3567 ], [ -122.516, 48.322 ], [ -122.5176, 48.294 ], [ -122.5309, 48.2838 ], [ -122.5464, 48.2814 ], [ -122.5621, 48.2862 ], [ -122.594, 48.3079 ], [ -122.609, 48.2991 ], [ -122.6274, 48.2673 ], [ -122.6413, 48.288 ], [ -122.6468, 48.2808 ], [ -122.6514, 48.2499 ], [ -122.6659, 48.2422 ], [ -122.7237, 48.2338 ], [ -122.7101, 48.2214 ], [ -122.6519, 48.2241 ], [ -122.5955, 48.2054 ], [ -122.5806, 48.1885 ], [ -122.5587, 48.1213 ], [ -122.5466, 48.017 ], [ -122.5355, 48.0059 ], [ -122.522, 48.0119 ], [ -122.5102, 48.0352 ], [ -122.5229, 48.0571 ], [ -122.524, 48.0794 ], [ -122.514, 48.0908 ], [ -122.46, 48.0535 ], [ -122.3811, 48.0158 ], [ -122.3655, 47.9997 ], [ -122.3468, 47.9506 ], [ -122.3495, 47.9459 ], [ -122.3867, 47.9049 ], [ -122.393, 47.9051 ], [ -122.4004, 47.9192 ], [ -122.4354, 47.9105 ], [ -122.4413, 47.9155 ], [ -122.4497, 47.9595 ], [ -122.4605, 47.9779 ], [ -122.4761, 47.9869 ], [ -122.4885, 47.9851 ], [ -122.5177, 47.9663 ], [ -122.5303, 47.9674 ] ] ], [ [ [ -122.877, 48.5659 ], [ -122.8607, 48.5396 ], [ -122.8585, 48.4728 ], [ -122.8494, 48.4616 ], [ -122.8363, 48.4599 ], [ -122.821, 48.4726 ], [ -122.8083, 48.4582 ], [ -122.8061, 48.442 ], [ -122.8131, 48.4273 ], [ -122.8277, 48.4174 ], [ -122.8899, 48.4241 ], [ -122.8835, 48.4415 ], [ -122.9376, 48.4583 ], [ -122.9425, 48.4758 ], [ -122.937, 48.4932 ], [ -122.9249, 48.5071 ], [ -122.9103, 48.5136 ], [ -122.917, 48.5336 ], [ -122.9103, 48.5471 ], [ -122.8871, 48.5637 ], [ -122.877, 48.5659 ] ] ], [ [ [ -123.1291, 48.6201 ], [ -123.1021, 48.6091 ], [ -123.0938, 48.5976 ], [ -123.0578, 48.5729 ], [ -123.0246, 48.5628 ], [ -123.0043, 48.5395 ], [ -122.9777, 48.5313 ], [ -122.9923, 48.5136 ], [ -123.0023, 48.5092 ], [ -123.0166, 48.5114 ], [ -123.0202, 48.4993 ], [ -122.9991, 48.4726 ], [ -122.965, 48.4583 ], [ -122.965, 48.4515 ], [ -122.9793, 48.4564 ], [ -123.0165, 48.4515 ], [ -123.03, 48.4538 ], [ -123.0704, 48.4801 ], [ -123.0916, 48.4788 ], [ -123.1164, 48.4842 ], [ -123.1492, 48.5056 ], [ -123.1666, 48.5435 ], [ -123.1776, 48.5988 ], [ -123.1584, 48.6146 ], [ -123.1291, 48.6201 ] ] ], [ [ [ -122.7268, 48.6015 ], [ -122.7155, 48.606 ], [ -122.7029, 48.6004 ], [ -122.6745, 48.5688 ], [ -122.6941, 48.5435 ], [ -122.7143, 48.5419 ], [ -122.7229, 48.5482 ], [ -122.737, 48.5771 ], [ -122.7354, 48.5904 ], [ -122.7268, 48.6015 ] ] ], [ [ [ -123.338, 48.6342 ], [ -123.3327, 48.6295 ], [ -123.3319, 48.6344 ], [ -123.3375, 48.6484 ], [ -123.3053, 48.6188 ], [ -123.2831, 48.6113 ], [ -123.2803, 48.6013 ], [ -123.288, 48.5913 ], [ -123.3029, 48.597 ], [ -123.3367, 48.6311 ], [ -123.338, 48.6342 ] ] ], [ [ [ -122.9333, 48.5928 ], [ -122.9513, 48.6234 ], [ -122.9801, 48.6386 ], [ -122.9855, 48.633 ], [ -122.9896, 48.6046 ], [ -122.9971, 48.5972 ], [ -123.0222, 48.6184 ], [ -123.0264, 48.6365 ], [ -123.0209, 48.6425 ], [ -122.9971, 48.6606 ], [ -122.9778, 48.6678 ], [ -122.9293, 48.7084 ], [ -122.918, 48.7114 ], [ -122.8578, 48.7087 ], [ -122.7458, 48.6644 ], [ -122.7572, 48.6501 ], [ -122.8004, 48.6296 ], [ -122.8089, 48.6113 ], [ -122.821, 48.6091 ], [ -122.8414, 48.6209 ], [ -122.8659, 48.6496 ], [ -122.8868, 48.6963 ], [ -122.9059, 48.6973 ], [ -122.9103, 48.688 ], [ -122.9056, 48.6661 ], [ -122.9103, 48.6575 ], [ -122.8619, 48.6017 ], [ -122.8744, 48.5937 ], [ -122.9171, 48.5887 ], [ -122.9333, 48.5928 ] ] ], [ [ [ -122.6985, 48.7347 ], [ -122.6714, 48.7048 ], [ -122.6284, 48.6771 ], [ -122.6131, 48.6484 ], [ -122.6205, 48.6459 ], [ -122.6551, 48.6647 ], [ -122.7165, 48.7152 ], [ -122.7203, 48.7249 ], [ -122.7152, 48.7391 ], [ -122.6985, 48.7347 ] ] ], [ [ [ -123.3127, 48.8171 ], [ -123.2872, 48.8128 ], [ -123.2518, 48.7902 ], [ -123.2504, 48.7661 ], [ -123.1881, 48.7562 ], [ -123.1824, 48.7435 ], [ -123.1867, 48.7364 ], [ -123.1995, 48.7321 ], [ -123.2575, 48.7392 ], [ -123.307, 48.7646 ], [ -123.3113, 48.7717 ], [ -123.3113, 48.7973 ], [ -123.3226, 48.8057 ], [ -123.3226, 48.8128 ], [ -123.3127, 48.8171 ] ] ], [ [ [ -123.1584, 48.7633 ], [ -123.2037, 48.7845 ], [ -123.2037, 48.8085 ], [ -123.2079, 48.8156 ], [ -123.2221, 48.8227 ], [ -123.2235, 48.8327 ], [ -123.2037, 48.8298 ], [ -123.1414, 48.8015 ], [ -123.0536, 48.7958 ], [ -123.0423, 48.7845 ], [ -123.0706, 48.7788 ], [ -123.1017, 48.7619 ], [ -123.1584, 48.7633 ] ] ], [ [ [ -123.5472, 48.8624 ], [ -123.5867, 48.898 ], [ -123.5937, 48.9191 ], [ -123.5956, 48.9518 ], [ -123.5819, 48.9313 ], [ -123.5031, 48.8917 ], [ -123.4311, 48.8419 ], [ -123.4588, 48.8449 ], [ -123.4886, 48.8623 ], [ -123.4988, 48.8563 ], [ -123.496, 48.8455 ], [ -123.472, 48.8283 ], [ -123.369, 48.7742 ], [ -123.3823, 48.7562 ], [ -123.4076, 48.7541 ], [ -123.4584, 48.7674 ], [ -123.4285, 48.7383 ], [ -123.4276, 48.7296 ], [ -123.461, 48.7154 ], [ -123.4821, 48.7122 ], [ -123.4962, 48.7156 ], [ -123.5311, 48.7344 ], [ -123.5409, 48.7463 ], [ -123.5497, 48.7707 ], [ -123.5468, 48.7839 ], [ -123.5335, 48.7941 ], [ -123.5335, 48.801 ], [ -123.5698, 48.8324 ], [ -123.5715, 48.8498 ], [ -123.5472, 48.8624 ] ] ], [ [ [ -123.3693, 48.8619 ], [ -123.3945, 48.8724 ], [ -123.4373, 48.904 ], [ -123.5308, 48.942 ], [ -123.6329, 49.0244 ], [ -123.6539, 49.0337 ], [ -123.698, 49.0821 ], [ -123.7027, 49.0999 ], [ -123.6973, 49.1093 ], [ -123.687, 49.1085 ], [ -123.6586, 49.0727 ], [ -123.5704, 48.9918 ], [ -123.5467, 48.9762 ], [ -123.4719, 48.9381 ], [ -123.3909, 48.9202 ], [ -123.366, 48.9071 ], [ -123.3345, 48.903 ], [ -123.3218, 48.8966 ], [ -123.3144, 48.8823 ], [ -123.3171, 48.8698 ], [ -123.3274, 48.864 ], [ -123.3424, 48.8698 ], [ -123.3693, 48.8619 ] ] ], [ [ [ -123.697, 49.1477 ], [ -123.6971, 49.1371 ], [ -123.7495, 49.1289 ], [ -123.7767, 49.1333 ], [ -123.8428, 49.151 ], [ -123.862, 49.1636 ], [ -123.8698, 49.1905 ], [ -123.8634, 49.1963 ], [ -123.8339, 49.2012 ], [ -123.824, 49.1987 ], [ -123.8093, 49.1841 ], [ -123.7686, 49.169 ], [ -123.7044, 49.156 ], [ -123.697, 49.1477 ] ] ], [ [ [ -123.4258, 49.3675 ], [ -123.4181, 49.3809 ], [ -123.3697, 49.4114 ], [ -123.3263, 49.4205 ], [ -123.3152, 49.4134 ], [ -123.3366, 49.3646 ], [ -123.3594, 49.3429 ], [ -123.3759, 49.3371 ], [ -123.4262, 49.3401 ], [ -123.4294, 49.3467 ], [ -123.4258, 49.3675 ] ] ], [ [ [ -124.1862, 49.447 ], [ -124.2324, 49.4586 ], [ -124.297, 49.4579 ], [ -124.3523, 49.4749 ], [ -124.3611, 49.48 ], [ -124.3557, 49.4904 ], [ -124.3765, 49.4999 ], [ -124.3791, 49.5073 ], [ -124.3649, 49.5211 ], [ -124.2513, 49.5043 ], [ -124.2322, 49.4993 ], [ -124.1717, 49.4643 ], [ -124.1717, 49.4547 ], [ -124.1862, 49.447 ] ] ], [ [ [ -123.3894, 49.4674 ], [ -123.4038, 49.4657 ], [ -123.4334, 49.446 ], [ -123.4516, 49.4452 ], [ -123.4491, 49.4587 ], [ -123.4567, 49.4782 ], [ -123.4447, 49.4862 ], [ -123.4447, 49.4936 ], [ -123.4526, 49.5081 ], [ -123.4397, 49.5213 ], [ -123.3725, 49.5421 ], [ -123.3622, 49.5408 ], [ -123.3424, 49.5067 ], [ -123.3225, 49.4861 ], [ -123.3238, 49.4619 ], [ -123.3427, 49.4429 ], [ -123.3758, 49.4384 ], [ -123.3674, 49.4538 ], [ -123.3746, 49.4635 ], [ -123.3894, 49.4674 ] ] ], [ [ [ -124.1332, 49.7539 ], [ -124.1191, 49.7548 ], [ -124.1027, 49.7469 ], [ -124.0981, 49.767 ], [ -124.0902, 49.7703 ], [ -124.0201, 49.781 ], [ -124.0212, 49.7751 ], [ -124.0745, 49.7414 ], [ -124.1095, 49.678 ], [ -124.1364, 49.6566 ], [ -124.1637, 49.6598 ], [ -124.1877, 49.6789 ], [ -124.2051, 49.7053 ], [ -124.1332, 49.7539 ] ] ], [ [ [ -109.2259, 10.311 ], [ -109.212, 10.3027 ], [ -109.2104, 10.2887 ], [ -109.2186, 10.2816 ], [ -109.2342, 10.3079 ], [ -109.2259, 10.311 ] ] ], [ [ [ -110.9459, 18.8 ], [ -110.9322, 18.7947 ], [ -110.9194, 18.7807 ], [ -110.9112, 18.7625 ], [ -110.9112, 18.7447 ], [ -110.9243, 18.7274 ], [ -110.9612, 18.727 ], [ -110.9795, 18.7168 ], [ -111.0084, 18.7424 ], [ -111.0673, 18.7687 ], [ -111.0531, 18.816 ], [ -111.0386, 18.8354 ], [ -111.0006, 18.8682 ], [ -110.9801, 18.8608 ], [ -110.9562, 18.8437 ], [ -110.9408, 18.8217 ], [ -110.9459, 18.8 ] ] ], [ [ [ -110.8143, 19.348 ], [ -110.7987, 19.3338 ], [ -110.7877, 19.3139 ], [ -110.8241, 19.2863 ], [ -110.8302, 19.2733 ], [ -110.836, 19.2934 ], [ -110.8143, 19.3344 ], [ -110.8143, 19.348 ] ] ], [ [ [ -106.2275, 21.2912 ], [ -106.237, 21.2951 ], [ -106.2473, 21.2897 ], [ -106.2702, 21.301 ], [ -106.2794, 21.3147 ], [ -106.26, 21.3341 ], [ -106.2319, 21.3352 ], [ -106.224, 21.3287 ], [ -106.2275, 21.2912 ] ] ], [ [ [ -106.3629, 21.4643 ], [ -106.3626, 21.4551 ], [ -106.3807, 21.447 ], [ -106.3871, 21.4206 ], [ -106.4437, 21.4368 ], [ -106.4593, 21.4483 ], [ -106.4787, 21.4514 ], [ -106.4926, 21.469 ], [ -106.4596, 21.4949 ], [ -106.4371, 21.4959 ], [ -106.4247, 21.488 ], [ -106.3727, 21.482 ], [ -106.3719, 21.4718 ], [ -106.3629, 21.4643 ] ] ], [ [ [ -106.6422, 21.6966 ], [ -106.621, 21.6904 ], [ -106.6, 21.6915 ], [ -106.548, 21.6685 ], [ -106.5345, 21.6576 ], [ -106.5394, 21.6364 ], [ -106.5048, 21.6029 ], [ -106.516, 21.5888 ], [ -106.5117, 21.5719 ], [ -106.5199, 21.5681 ], [ -106.5321, 21.5504 ], [ -106.5324, 21.5416 ], [ -106.5418, 21.5435 ], [ -106.5377, 21.5554 ], [ -106.5451, 21.5619 ], [ -106.5913, 21.5772 ], [ -106.6312, 21.6009 ], [ -106.6288, 21.6168 ], [ -106.656, 21.6583 ], [ -106.6495, 21.6625 ], [ -106.6506, 21.6841 ], [ -106.6608, 21.6931 ], [ -106.6422, 21.6966 ] ] ], [ [ [ -106.6638, 21.7772 ], [ -106.663, 21.7696 ], [ -106.658, 21.7671 ], [ -106.656, 21.7543 ], [ -106.6635, 21.7469 ], [ -106.6578, 21.7399 ], [ -106.679, 21.727 ], [ -106.6889, 21.7468 ], [ -106.6781, 21.7748 ], [ -106.6714, 21.7719 ], [ -106.6638, 21.7772 ] ] ], [ [ [ -97.6514, 21.7879 ], [ -97.6017, 21.7519 ], [ -97.6105, 21.7402 ], [ -97.64, 21.7451 ], [ -97.6635, 21.7785 ], [ -97.6793, 21.8232 ], [ -97.6849, 21.8625 ], [ -97.6703, 21.8486 ], [ -97.6514, 21.7879 ] ] ], [ [ [ -97.8176, 22.6948 ], [ -97.8432, 22.6849 ], [ -97.8153, 22.7202 ], [ -97.7984, 22.7625 ], [ -97.7886, 22.7748 ], [ -97.7845, 22.7558 ], [ -97.7961, 22.7238 ], [ -97.8176, 22.6948 ] ] ], [ [ [ -109.8922, 24.3163 ], [ -109.8706, 24.2724 ], [ -109.8426, 24.2303 ], [ -109.8228, 24.2094 ], [ -109.7984, 24.1552 ], [ -109.8029, 24.1371 ], [ -109.8739, 24.1517 ], [ -109.8718, 24.1597 ], [ -109.9004, 24.1992 ], [ -109.9239, 24.2666 ], [ -109.9166, 24.2848 ], [ -109.9374, 24.3251 ], [ -109.9332, 24.3744 ], [ -109.9268, 24.3729 ], [ -109.9192, 24.362 ], [ -109.9174, 24.3485 ], [ -109.8922, 24.3163 ] ] ], [ [ [ -111.6648, 24.3519 ], [ -111.6733, 24.3584 ], [ -111.6578, 24.3752 ], [ -111.646, 24.3711 ], [ -111.5616, 24.3781 ], [ -111.5096, 24.364 ], [ -111.4671, 24.3367 ], [ -111.463, 24.3298 ], [ -111.5328, 24.3583 ], [ -111.5613, 24.3624 ], [ -111.5972, 24.3651 ], [ -111.6648, 24.3519 ] ] ], [ [ [ -111.8644, 24.5205 ], [ -111.8506, 24.5098 ], [ -111.8373, 24.5128 ], [ -111.8385, 24.5 ], [ -111.831, 24.4863 ], [ -111.8214, 24.4805 ], [ -111.8182, 24.4676 ], [ -111.7755, 24.462 ], [ -111.7535, 24.447 ], [ -111.7242, 24.3962 ], [ -111.7062, 24.3798 ], [ -111.6947, 24.3812 ], [ -111.6923, 24.3739 ], [ -111.6998, 24.3589 ], [ -111.6939, 24.3476 ], [ -111.7104, 24.3183 ], [ -111.7081, 24.2999 ], [ -111.7586, 24.3561 ], [ -111.8716, 24.4391 ], [ -111.9262, 24.4681 ], [ -111.9408, 24.4836 ], [ -112.0018, 24.5063 ], [ -112.0068, 24.5144 ], [ -111.989, 24.5277 ], [ -111.9716, 24.5185 ], [ -111.8644, 24.5205 ] ] ], [ [ [ -110.3602, 24.4575 ], [ -110.3846, 24.4737 ], [ -110.392, 24.4978 ], [ -110.3876, 24.5056 ], [ -110.3968, 24.5112 ], [ -110.3959, 24.5191 ], [ -110.3762, 24.5308 ], [ -110.3851, 24.5294 ], [ -110.396, 24.535 ], [ -110.3944, 24.5461 ], [ -110.4056, 24.5438 ], [ -110.4077, 24.5513 ], [ -110.4033, 24.5591 ], [ -110.4125, 24.5626 ], [ -110.4157, 24.5696 ], [ -110.4002, 24.5813 ], [ -110.3975, 24.5908 ], [ -110.3865, 24.5869 ], [ -110.3636, 24.5569 ], [ -110.3605, 24.5467 ], [ -110.364, 24.5325 ], [ -110.3459, 24.5304 ], [ -110.3152, 24.5046 ], [ -110.305, 24.5032 ], [ -110.3024, 24.4888 ], [ -110.2879, 24.4697 ], [ -110.2923, 24.4582 ], [ -110.3065, 24.4565 ], [ -110.3127, 24.4467 ], [ -110.3079, 24.4327 ], [ -110.3226, 24.4173 ], [ -110.3265, 24.4007 ], [ -110.348, 24.4025 ], [ -110.3527, 24.418 ], [ -110.3488, 24.4296 ], [ -110.3551, 24.4351 ], [ -110.3632, 24.4364 ], [ -110.3704, 24.4297 ], [ -110.3757, 24.4468 ], [ -110.3586, 24.4522 ], [ -110.3602, 24.4575 ] ] ], [ [ [ -110.5868, 24.8289 ], [ -110.5692, 24.8438 ], [ -110.5652, 24.8409 ], [ -110.5676, 24.8302 ], [ -110.5614, 24.815 ], [ -110.5681, 24.8152 ], [ -110.5684, 24.8222 ], [ -110.5803, 24.8212 ], [ -110.5868, 24.8289 ] ] ], [ [ [ -112.1663, 24.6709 ], [ -112.1448, 24.6709 ], [ -112.1384, 24.6803 ], [ -112.1359, 24.698 ], [ -112.1395, 24.7147 ], [ -112.1558, 24.7434 ], [ -112.1895, 24.7739 ], [ -112.2139, 24.7848 ], [ -112.2378, 24.7892 ], [ -112.2505, 24.7878 ], [ -112.2609, 24.7766 ], [ -112.2594, 24.7494 ], [ -112.2686, 24.7581 ], [ -112.2725, 24.773 ], [ -112.3046, 24.7922 ], [ -112.302, 24.8074 ], [ -112.29, 24.8125 ], [ -112.2752, 24.8395 ], [ -112.2063, 25.0177 ], [ -112.1632, 25.1563 ], [ -112.1445, 25.2278 ], [ -112.1425, 25.2551 ], [ -112.1378, 25.2653 ], [ -112.1253, 25.2658 ], [ -112.1202, 25.2205 ], [ -112.156, 25.1408 ], [ -112.1793, 25.045 ], [ -112.1673, 25.0194 ], [ -112.1697, 25.006 ], [ -112.1615, 24.9881 ], [ -112.1618, 24.9744 ], [ -112.1701, 24.9696 ], [ -112.179, 24.9747 ], [ -112.187, 24.9613 ], [ -112.1874, 24.9217 ], [ -112.1959, 24.9153 ], [ -112.191, 24.8898 ], [ -112.1769, 24.8724 ], [ -112.1826, 24.866 ], [ -112.2043, 24.8669 ], [ -112.2137, 24.8475 ], [ -112.2062, 24.8174 ], [ -112.1787, 24.7956 ], [ -112.1711, 24.7945 ], [ -112.1775, 24.7909 ], [ -112.1656, 24.7757 ], [ -112.1621, 24.7597 ], [ -112.1315, 24.7285 ], [ -112.1311, 24.7096 ], [ -112.1231, 24.7071 ], [ -112.1156, 24.6893 ], [ -112.14, 24.6593 ], [ -112.1432, 24.6499 ], [ -112.1365, 24.6329 ], [ -112.1035, 24.6172 ], [ -112.0781, 24.5848 ], [ -112.0709, 24.5852 ], [ -112.0709, 24.574 ], [ -112.0575, 24.5537 ], [ -112.0599, 24.5406 ], [ -112.1025, 24.5592 ], [ -112.1001, 24.5642 ], [ -112.1056, 24.5838 ], [ -112.1139, 24.5992 ], [ -112.1373, 24.6191 ], [ -112.1465, 24.6187 ], [ -112.1592, 24.643 ], [ -112.172, 24.6467 ], [ -112.1763, 24.6536 ], [ -112.1683, 24.6612 ], [ -112.1663, 24.6709 ] ] ], [ [ [ -110.5835, 24.8662 ], [ -110.5737, 24.8793 ], [ -110.5739, 24.8875 ], [ -110.6104, 24.9063 ], [ -110.6102, 24.9112 ], [ -110.6203, 24.9167 ], [ -110.6423, 24.9145 ], [ -110.6365, 24.9277 ], [ -110.644, 24.9425 ], [ -110.6547, 24.9461 ], [ -110.6601, 24.971 ], [ -110.673, 24.988 ], [ -110.6758, 25.0112 ], [ -110.6822, 25.0203 ], [ -110.6969, 25.0198 ], [ -110.7049, 25.0299 ], [ -110.7133, 25.0292 ], [ -110.7165, 25.0541 ], [ -110.7069, 25.1051 ], [ -110.695, 25.094 ], [ -110.6848, 25.0662 ], [ -110.6686, 25.0528 ], [ -110.5931, 25.0344 ], [ -110.5902, 25.0261 ], [ -110.5749, 25.0157 ], [ -110.5757, 25.006 ], [ -110.5684, 24.9977 ], [ -110.5658, 24.9806 ], [ -110.5707, 24.9555 ], [ -110.5485, 24.9115 ], [ -110.5249, 24.88 ], [ -110.5717, 24.8724 ], [ -110.5792, 24.8637 ], [ -110.5835, 24.8662 ] ] ], [ [ [ -110.7289, 25.26 ], [ -110.7327, 25.288 ], [ -110.7148, 25.3059 ], [ -110.6965, 25.307 ], [ -110.6907, 25.3127 ], [ -110.6895, 25.3084 ], [ -110.704, 25.2891 ], [ -110.7072, 25.2716 ], [ -110.7198, 25.2593 ], [ -110.7289, 25.26 ] ] ], [ [ [ -112.0981, 25.4858 ], [ -112.0978, 25.455 ], [ -112.1096, 25.3632 ], [ -112.1043, 25.3423 ], [ -112.1058, 25.3259 ], [ -112.1189, 25.3012 ], [ -112.1175, 25.2839 ], [ -112.1228, 25.2821 ], [ -112.1381, 25.2973 ], [ -112.1177, 25.3606 ], [ -112.103, 25.4616 ], [ -112.1063, 25.4841 ], [ -112.1029, 25.4889 ], [ -112.0981, 25.4858 ] ] ], [ [ [ -108.9161, 25.4245 ], [ -108.994, 25.4267 ], [ -109.008, 25.4326 ], [ -109.0131, 25.4469 ], [ -108.8827, 25.4432 ], [ -108.8188, 25.4208 ], [ -108.7993, 25.3941 ], [ -108.7865, 25.3854 ], [ -108.8039, 25.3746 ], [ -108.8725, 25.4088 ], [ -108.9161, 25.4245 ] ] ], [ [ [ -110.7532, 25.5981 ], [ -110.7653, 25.5939 ], [ -110.7859, 25.6044 ], [ -110.8055, 25.6444 ], [ -110.8036, 25.6749 ], [ -110.7825, 25.7103 ], [ -110.7734, 25.7128 ], [ -110.77, 25.6956 ], [ -110.7621, 25.6936 ], [ -110.7667, 25.6758 ], [ -110.7532, 25.5981 ] ] ], [ [ [ -111.0285, 25.6518 ], [ -111.0353, 25.6531 ], [ -111.0442, 25.665 ], [ -111.0596, 25.7082 ], [ -111.0435, 25.7067 ], [ -111.0434, 25.7123 ], [ -111.0372, 25.7138 ], [ -111.0192, 25.6939 ], [ -111.0129, 25.6787 ], [ -111.0285, 25.6518 ] ] ], [ [ [ -111.2475, 25.7991 ], [ -111.2431, 25.7668 ], [ -111.2585, 25.7814 ], [ -111.2602, 25.8097 ], [ -111.2582, 25.8128 ], [ -111.2475, 25.7991 ] ] ], [ [ [ -111.2007, 25.8101 ], [ -111.205, 25.8038 ], [ -111.2133, 25.8159 ], [ -111.2303, 25.8236 ], [ -111.2334, 25.8429 ], [ -111.2183, 25.8717 ], [ -111.2111, 25.9289 ], [ -111.1881, 25.9699 ], [ -111.1747, 25.9784 ], [ -111.1693, 25.9876 ], [ -111.172, 26.0027 ], [ -111.1682, 26.0235 ], [ -111.176, 26.0433 ], [ -111.1338, 26.0528 ], [ -111.1361, 26.0633 ], [ -111.1275, 26.0683 ], [ -111.1034, 26.0538 ], [ -111.0793, 26.0602 ], [ -111.0745, 26.0688 ], [ -111.0564, 26.0718 ], [ -111.0711, 26.0536 ], [ -111.082, 26.0287 ], [ -111.0812, 25.9987 ], [ -111.07, 25.997 ], [ -111.0708, 25.9861 ], [ -111.0653, 25.9827 ], [ -111.0674, 25.9658 ], [ -111.0938, 25.9852 ], [ -111.1011, 25.9969 ], [ -111.1123, 25.9967 ], [ -111.1196, 25.9922 ], [ -111.1206, 25.9762 ], [ -111.1307, 25.9618 ], [ -111.1808, 25.9025 ], [ -111.1813, 25.8669 ], [ -111.1887, 25.857 ], [ -111.1979, 25.8563 ], [ -111.2043, 25.8454 ], [ -111.2007, 25.8101 ] ] ], [ [ [ -111.2804, 26.1104 ], [ -111.2866, 26.1258 ], [ -111.2752, 26.1364 ], [ -111.2637, 26.135 ], [ -111.2672, 26.1151 ], [ -111.2626, 26.1113 ], [ -111.2642, 26.105 ], [ -111.2862, 26.1031 ], [ -111.2804, 26.1104 ] ] ], [ [ [ -97.3702, 26.7559 ], [ -97.3583, 26.7625 ], [ -97.357, 26.7716 ], [ -97.3975, 26.831 ], [ -97.3881, 26.8655 ], [ -97.3854, 26.9004 ], [ -97.3939, 26.9943 ], [ -97.405, 27.0508 ], [ -97.3971, 27.1073 ], [ -97.405, 27.1252 ], [ -97.397, 27.1462 ], [ -97.3916, 27.1931 ], [ -97.3771, 27.2078 ], [ -97.3839, 27.1879 ], [ -97.3763, 26.9316 ], [ -97.3429, 26.7567 ], [ -97.2387, 26.4458 ], [ -97.2399, 26.4338 ], [ -97.2249, 26.3991 ], [ -97.1983, 26.2761 ], [ -97.1707, 26.1795 ], [ -97.1644, 26.1315 ], [ -97.1664, 26.1028 ], [ -97.1793, 26.1198 ], [ -97.1883, 26.1493 ], [ -97.213, 26.2927 ], [ -97.2492, 26.3908 ], [ -97.2604, 26.468 ], [ -97.3013, 26.5505 ], [ -97.3132, 26.6068 ], [ -97.3293, 26.633 ], [ -97.3501, 26.6974 ], [ -97.3634, 26.7212 ], [ -97.3559, 26.7286 ], [ -97.3668, 26.7407 ], [ -97.3702, 26.7559 ] ] ], [ [ [ -113.2025, 26.723 ], [ -113.2034, 26.7172 ], [ -113.1951, 26.7139 ], [ -113.1802, 26.723 ], [ -113.1389, 26.6726 ], [ -113.1381, 26.6651 ], [ -113.1464, 26.6651 ], [ -113.1918, 26.6874 ], [ -113.2646, 26.7089 ], [ -113.258, 26.718 ], [ -113.229, 26.7329 ], [ -113.2108, 26.7279 ], [ -113.2025, 26.723 ] ] ], [ [ [ -110.0368, 27.0893 ], [ -110.0175, 27.0837 ], [ -109.9575, 27.052 ], [ -109.938, 27.0212 ], [ -109.9457, 27.0211 ], [ -109.9684, 27.0491 ], [ -109.9914, 27.0642 ], [ -110.0354, 27.0796 ], [ -110.0444, 27.087 ], [ -110.0368, 27.0893 ] ] ], [ [ [ -112.0641, 27.2415 ], [ -112.0453, 27.2166 ], [ -112.0522, 27.1937 ], [ -112.0663, 27.179 ], [ -112.0874, 27.1829 ], [ -112.097, 27.2245 ], [ -112.1088, 27.2369 ], [ -112.0901, 27.26 ], [ -112.0641, 27.2415 ] ] ], [ [ [ -110.6042, 27.318 ], [ -110.6046, 27.3825 ], [ -110.5931, 27.417 ], [ -110.5984, 27.3781 ], [ -110.594, 27.3318 ], [ -110.5752, 27.3137 ], [ -110.5307, 27.3004 ], [ -110.5343, 27.2844 ], [ -110.5886, 27.3027 ], [ -110.6042, 27.318 ] ] ], [ [ [ -111.8923, 27.429 ], [ -111.9043, 27.4376 ], [ -111.9011, 27.4492 ], [ -111.8793, 27.4532 ], [ -111.863, 27.4465 ], [ -111.8564, 27.4379 ], [ -111.8596, 27.4301 ], [ -111.8923, 27.429 ] ] ], [ [ [ -97.2057, 27.633 ], [ -97.151, 27.7399 ], [ -97.1239, 27.7695 ], [ -97.0819, 27.8041 ], [ -97.0675, 27.8409 ], [ -97.0526, 27.8442 ], [ -97.044, 27.8353 ], [ -97.178, 27.6528 ], [ -97.2594, 27.4962 ], [ -97.3203, 27.3576 ], [ -97.3466, 27.2742 ], [ -97.3516, 27.2352 ], [ -97.3659, 27.2242 ], [ -97.3881, 27.2239 ], [ -97.3975, 27.2289 ], [ -97.3898, 27.2456 ], [ -97.3703, 27.3484 ], [ -97.3388, 27.4091 ], [ -97.3124, 27.478 ], [ -97.2451, 27.6232 ], [ -97.244, 27.6326 ], [ -97.2541, 27.6597 ], [ -97.2306, 27.6512 ], [ -97.212, 27.633 ], [ -97.2057, 27.633 ] ] ], [ [ [ -111.3951, 27.9794 ], [ -111.3874, 27.9881 ], [ -111.3656, 27.9534 ], [ -111.382, 27.9572 ], [ -111.3951, 27.9794 ] ] ], [ [ [ -96.8802, 28.1301 ], [ -96.8676, 28.1356 ], [ -96.8548, 28.1307 ], [ -96.8426, 28.1128 ], [ -96.8501, 28.0712 ], [ -96.9382, 27.9831 ], [ -96.9792, 27.9278 ], [ -97.0146, 27.8909 ], [ -97.0287, 27.8715 ], [ -97.0344, 27.852 ], [ -97.043, 27.8703 ], [ -97.0298, 27.9006 ], [ -96.953, 27.9942 ], [ -96.9534, 28.0003 ], [ -96.9726, 28.005 ], [ -96.9726, 28.0099 ], [ -96.9141, 28.0991 ], [ -96.9003, 28.102 ], [ -96.8802, 28.1301 ] ] ], [ [ [ -96.8124, 28.1701 ], [ -96.8078, 28.1876 ], [ -96.7911, 28.1953 ], [ -96.7104, 28.2134 ], [ -96.6639, 28.2397 ], [ -96.6543, 28.2571 ], [ -96.612, 28.2775 ], [ -96.5948, 28.2927 ], [ -96.5485, 28.3114 ], [ -96.515, 28.3368 ], [ -96.4554, 28.336 ], [ -96.4432, 28.3414 ], [ -96.4311, 28.3598 ], [ -96.4315, 28.389 ], [ -96.4277, 28.3933 ], [ -96.4076, 28.3964 ], [ -96.4038, 28.3524 ], [ -96.4169, 28.3288 ], [ -96.4895, 28.2971 ], [ -96.5223, 28.2896 ], [ -96.6086, 28.2294 ], [ -96.7026, 28.1855 ], [ -96.7277, 28.1616 ], [ -96.8087, 28.1033 ], [ -96.8284, 28.0712 ], [ -96.8358, 28.0712 ], [ -96.8243, 28.1075 ], [ -96.8017, 28.1339 ], [ -96.8124, 28.1701 ] ] ], [ [ [ -96.2325, 28.4827 ], [ -96.2446, 28.4802 ], [ -96.2839, 28.4477 ], [ -96.3082, 28.4417 ], [ -96.3501, 28.4089 ], [ -96.3697, 28.4069 ], [ -96.3697, 28.4145 ], [ -96.3129, 28.4586 ], [ -96.2753, 28.4787 ], [ -96.2325, 28.4895 ], [ -96.2325, 28.4827 ] ] ], [ [ [ -112.805, 28.6365 ], [ -112.7524, 28.5911 ], [ -112.7739, 28.5758 ], [ -112.7891, 28.5869 ], [ -112.7979, 28.6099 ], [ -112.8293, 28.6258 ], [ -112.8426, 28.6401 ], [ -112.8678, 28.6433 ], [ -112.8652, 28.6502 ], [ -112.8938, 28.6777 ], [ -112.8608, 28.6719 ], [ -112.805, 28.6365 ] ] ], [ [ [ -112.5414, 28.7123 ], [ -112.5457, 28.6866 ], [ -112.5539, 28.6723 ], [ -112.5721, 28.6684 ], [ -112.5947, 28.6731 ], [ -112.6043, 28.6694 ], [ -112.6009, 28.677 ], [ -112.6122, 28.7052 ], [ -112.6132, 28.7258 ], [ -112.5935, 28.7322 ], [ -112.5699, 28.7289 ], [ -112.5575, 28.7338 ], [ -112.548, 28.7285 ], [ -112.5414, 28.7123 ] ] ], [ [ [ -112.5261, 28.9088 ], [ -112.5043, 28.9319 ], [ -112.4859, 28.9716 ], [ -112.5002, 28.9904 ], [ -112.5036, 29.0322 ], [ -112.5004, 29.0756 ], [ -112.4803, 29.1549 ], [ -112.4647, 29.1818 ], [ -112.4387, 29.2021 ], [ -112.4223, 29.1894 ], [ -112.4015, 29.1894 ], [ -112.3627, 29.2177 ], [ -112.2996, 29.2228 ], [ -112.278, 29.2425 ], [ -112.2643, 29.2469 ], [ -112.2672, 29.2381 ], [ -112.2816, 29.2255 ], [ -112.2772, 29.2091 ], [ -112.2636, 29.1928 ], [ -112.2743, 29.1652 ], [ -112.2685, 29.1527 ], [ -112.2727, 29.1377 ], [ -112.2353, 29.0957 ], [ -112.1956, 29.0213 ], [ -112.2135, 28.9867 ], [ -112.2149, 28.9541 ], [ -112.2284, 28.904 ], [ -112.2435, 28.8895 ], [ -112.2377, 28.8763 ], [ -112.2541, 28.8569 ], [ -112.2591, 28.8374 ], [ -112.2713, 28.8236 ], [ -112.2762, 28.8055 ], [ -112.2726, 28.7841 ], [ -112.2611, 28.7803 ], [ -112.2532, 28.7691 ], [ -112.2632, 28.7634 ], [ -112.2747, 28.7684 ], [ -112.2891, 28.763 ], [ -112.3097, 28.7464 ], [ -112.3262, 28.7627 ], [ -112.3455, 28.7652 ], [ -112.3591, 28.7582 ], [ -112.367, 28.772 ], [ -112.382, 28.7738 ], [ -112.3992, 28.7926 ], [ -112.4128, 28.8001 ], [ -112.4257, 28.7969 ], [ -112.4665, 28.8056 ], [ -112.4672, 28.8194 ], [ -112.4938, 28.823 ], [ -112.496, 28.833 ], [ -112.5485, 28.8579 ], [ -112.5622, 28.8692 ], [ -112.5729, 28.8685 ], [ -112.583, 28.8754 ], [ -112.5261, 28.9088 ] ] ], [ [ [ -95.1165, 29.089 ], [ -95.0813, 29.1361 ], [ -95.0, 29.186 ], [ -95.0, 29.1612 ], [ -95.076, 29.114 ], [ -95.1083, 29.0886 ], [ -95.1165, 29.089 ] ] ], [ [ [ -113.3621, 29.1876 ], [ -113.3872, 29.1972 ], [ -113.4055, 29.212 ], [ -113.431, 29.2428 ], [ -113.4275, 29.252 ], [ -113.4346, 29.2668 ], [ -113.4501, 29.2797 ], [ -113.4819, 29.2784 ], [ -113.4961, 29.2852 ], [ -113.5032, 29.2981 ], [ -113.5046, 29.3166 ], [ -113.5117, 29.3264 ], [ -113.5244, 29.3344 ], [ -113.5607, 29.3862 ], [ -113.5891, 29.4096 ], [ -113.5934, 29.4336 ], [ -113.5884, 29.4568 ], [ -113.5736, 29.4785 ], [ -113.5646, 29.5077 ], [ -113.5711, 29.5399 ], [ -113.5598, 29.5443 ], [ -113.5584, 29.5381 ], [ -113.5491, 29.5331 ], [ -113.5236, 29.5431 ], [ -113.5236, 29.5499 ], [ -113.5109, 29.5493 ], [ -113.5108, 29.5376 ], [ -113.4768, 29.5321 ], [ -113.4328, 29.4925 ], [ -113.4193, 29.4664 ], [ -113.3952, 29.4593 ], [ -113.3945, 29.4512 ], [ -113.3853, 29.4426 ], [ -113.386, 29.4351 ], [ -113.3611, 29.4019 ], [ -113.3633, 29.3933 ], [ -113.3498, 29.3841 ], [ -113.3731, 29.3612 ], [ -113.376, 29.3439 ], [ -113.3703, 29.31 ], [ -113.3456, 29.2958 ], [ -113.3066, 29.2903 ], [ -113.2974, 29.2805 ], [ -113.2854, 29.2805 ], [ -113.2769, 29.2891 ], [ -113.2063, 29.2854 ], [ -113.1828, 29.2897 ], [ -113.1685, 29.2761 ], [ -113.1788, 29.2595 ], [ -113.1779, 29.2379 ], [ -113.1714, 29.2261 ], [ -113.1722, 29.1947 ], [ -113.1658, 29.1891 ], [ -113.1707, 29.1786 ], [ -113.1743, 29.1292 ], [ -113.1545, 29.0934 ], [ -113.1574, 29.0836 ], [ -113.1482, 29.0663 ], [ -113.1021, 29.0531 ], [ -113.1166, 29.0262 ], [ -113.1148, 28.9845 ], [ -113.1471, 29.0041 ], [ -113.1592, 29.0177 ], [ -113.1907, 29.0288 ], [ -113.1994, 29.0468 ], [ -113.2436, 29.0695 ], [ -113.2582, 29.0877 ], [ -113.2629, 29.1029 ], [ -113.3007, 29.1451 ], [ -113.3125, 29.1463 ], [ -113.3211, 29.1556 ], [ -113.354, 29.1707 ], [ -113.3621, 29.1876 ] ] ], [ [ [ -95.01, 29.626 ], [ -95.0, 29.6182 ], [ -95.0, 29.5839 ], [ -95.016, 29.5689 ], [ -95.0239, 29.5422 ], [ -95.0, 29.5252 ], [ -95.0, 29.2701 ], [ -95.0652, 29.2042 ], [ -95.1159, 29.1748 ], [ -95.1243, 29.1935 ], [ -95.1705, 29.2089 ], [ -95.15, 29.1748 ], [ -95.1592, 29.1524 ], [ -95.1496, 29.0722 ], [ -95.1512, 29.0585 ], [ -95.1589, 29.0457 ], [ -95.2315, 28.9955 ], [ -95.26, 28.9818 ], [ -95.3139, 28.9284 ], [ -95.3677, 28.8872 ], [ -95.3794, 28.8806 ], [ -95.4192, 28.8723 ], [ -95.6019, 28.7639 ], [ -95.6449, 28.7459 ], [ -95.6889, 28.7363 ], [ -95.8174, 28.7325 ], [ -95.952, 28.6887 ], [ -95.9458, 28.6765 ], [ -95.9559, 28.6326 ], [ -95.952, 28.6267 ], [ -95.9402, 28.6257 ], [ -95.7934, 28.6994 ], [ -95.755, 28.7125 ], [ -95.7192, 28.7155 ], [ -95.8371, 28.6465 ], [ -95.9024, 28.6179 ], [ -96.0051, 28.5965 ], [ -96.0663, 28.5539 ], [ -96.1237, 28.5368 ], [ -96.2189, 28.4895 ], [ -96.1946, 28.5156 ], [ -96.1609, 28.5373 ], [ -95.9849, 28.6131 ], [ -95.9814, 28.6286 ], [ -95.9878, 28.6448 ], [ -96.0066, 28.654 ], [ -96.0264, 28.651 ], [ -96.0648, 28.6313 ], [ -96.0984, 28.6233 ], [ -96.1574, 28.5988 ], [ -96.2049, 28.5867 ], [ -96.2265, 28.5871 ], [ -96.2223, 28.6025 ], [ -96.2047, 28.6106 ], [ -96.1589, 28.6151 ], [ -96.1369, 28.6267 ], [ -96.1369, 28.6335 ], [ -96.1539, 28.6352 ], [ -96.1949, 28.6267 ], [ -96.2154, 28.6294 ], [ -96.2204, 28.6369 ], [ -96.1881, 28.6909 ], [ -96.1951, 28.6945 ], [ -96.2308, 28.6928 ], [ -96.2667, 28.6751 ], [ -96.2604, 28.6887 ], [ -96.2814, 28.6798 ], [ -96.3081, 28.6511 ], [ -96.3458, 28.6353 ], [ -96.356, 28.654 ], [ -96.3902, 28.6887 ], [ -96.38, 28.7003 ], [ -96.3776, 28.7149 ], [ -96.3833, 28.73 ], [ -96.3976, 28.7434 ], [ -96.4169, 28.7297 ], [ -96.4386, 28.7639 ], [ -96.4448, 28.7639 ], [ -96.4384, 28.7318 ], [ -96.4243, 28.7086 ], [ -96.4008, 28.7199 ], [ -96.3976, 28.7121 ], [ -96.4003, 28.7026 ], [ -96.4169, 28.6887 ], [ -96.4103, 28.6663 ], [ -96.4168, 28.6437 ], [ -96.4034, 28.6356 ], [ -96.3697, 28.6267 ], [ -96.4276, 28.5954 ], [ -96.4625, 28.5832 ], [ -96.4932, 28.5789 ], [ -96.4779, 28.5916 ], [ -96.4448, 28.5974 ], [ -96.4386, 28.6168 ], [ -96.4471, 28.6356 ], [ -96.4847, 28.6126 ], [ -96.4974, 28.6448 ], [ -96.5198, 28.6404 ], [ -96.5547, 28.6472 ], [ -96.5673, 28.6965 ], [ -96.5785, 28.7121 ], [ -96.6038, 28.7237 ], [ -96.6304, 28.7155 ], [ -96.6509, 28.7297 ], [ -96.6457, 28.6871 ], [ -96.6049, 28.6306 ], [ -96.6031, 28.6102 ], [ -96.6086, 28.5789 ], [ -96.5998, 28.5683 ], [ -96.5819, 28.5789 ], [ -96.5702, 28.5754 ], [ -96.5204, 28.5492 ], [ -96.5066, 28.5369 ], [ -96.4932, 28.5106 ], [ -96.5547, 28.4861 ], [ -96.5476, 28.4693 ], [ -96.5316, 28.4695 ], [ -96.5035, 28.4861 ], [ -96.4735, 28.4936 ], [ -96.4357, 28.4814 ], [ -96.4068, 28.4587 ], [ -96.4038, 28.4349 ], [ -96.4758, 28.4008 ], [ -96.4951, 28.3965 ], [ -96.6537, 28.3195 ], [ -96.6714, 28.3319 ], [ -96.6877, 28.3274 ], [ -96.6983, 28.3359 ], [ -96.7092, 28.3998 ], [ -96.7418, 28.4106 ], [ -96.7464, 28.4349 ], [ -96.767, 28.4479 ], [ -96.7933, 28.4797 ], [ -96.8101, 28.4678 ], [ -96.8133, 28.458 ], [ -96.8107, 28.4518 ], [ -96.8017, 28.4554 ], [ -96.7775, 28.4374 ], [ -96.7698, 28.4262 ], [ -96.767, 28.4107 ], [ -96.7751, 28.4005 ], [ -96.8284, 28.4287 ], [ -96.8445, 28.4156 ], [ -96.7956, 28.3565 ], [ -96.7812, 28.3319 ], [ -96.8013, 28.2791 ], [ -96.7823, 28.2416 ], [ -96.7924, 28.2287 ], [ -96.8284, 28.209 ], [ -96.8802, 28.1506 ], [ -96.8959, 28.1408 ], [ -96.9451, 28.1265 ], [ -96.9335, 28.1629 ], [ -96.9103, 28.1953 ], [ -96.9247, 28.2141 ], [ -96.9088, 28.2488 ], [ -96.9103, 28.2636 ], [ -96.9219, 28.2633 ], [ -96.9593, 28.2158 ], [ -96.9461, 28.2051 ], [ -96.9434, 28.1914 ], [ -96.9487, 28.1742 ], [ -96.973, 28.1339 ], [ -96.9844, 28.1295 ], [ -97.0202, 28.1401 ], [ -97.0065, 28.1538 ], [ -97.0131, 28.164 ], [ -97.0074, 28.1945 ], [ -97.014, 28.209 ], [ -97.0202, 28.209 ], [ -97.0362, 28.1876 ], [ -97.0714, 28.1681 ], [ -97.1102, 28.1536 ], [ -97.1375, 28.1475 ], [ -97.1308, 28.1578 ], [ -97.1386, 28.1656 ], [ -97.1527, 28.1693 ], [ -97.1648, 28.1674 ], [ -97.1732, 28.159 ], [ -97.1773, 28.148 ], [ -97.1732, 28.1384 ], [ -97.1573, 28.1339 ], [ -97.2175, 28.0748 ], [ -97.2089, 28.065 ], [ -97.1867, 28.0625 ], [ -97.1543, 28.0446 ], [ -97.1443, 28.0302 ], [ -97.1491, 28.0055 ], [ -97.1299, 28.0168 ], [ -97.1061, 28.0709 ], [ -97.0574, 28.0888 ], [ -97.0412, 28.1059 ], [ -97.0465, 28.1137 ], [ -97.0344, 28.1196 ], [ -97.0241, 28.1118 ], [ -97.0211, 28.1003 ], [ -97.0275, 28.0367 ], [ -97.0446, 28.0191 ], [ -97.0611, 27.9892 ], [ -97.0661, 27.9887 ], [ -97.0686, 27.996 ], [ -97.1053, 27.937 ], [ -97.1841, 27.8366 ], [ -97.2063, 27.8217 ], [ -97.2325, 27.8248 ], [ -97.2325, 27.8322 ], [ -97.212, 27.8322 ], [ -97.2359, 27.8638 ], [ -97.2503, 27.8746 ], [ -97.2672, 27.8794 ], [ -97.2908, 27.8767 ], [ -97.3314, 27.8611 ], [ -97.3559, 27.8596 ], [ -97.3423, 27.8794 ], [ -97.3682, 27.8732 ], [ -97.4521, 27.8732 ], [ -97.4602, 27.8607 ], [ -97.4658, 27.8596 ], [ -97.4869, 27.8664 ], [ -97.4923, 27.8772 ], [ -97.5006, 27.8794 ], [ -97.5211, 27.8732 ], [ -97.5049, 27.849 ], [ -97.487, 27.8353 ], [ -97.464, 27.8317 ], [ -97.4317, 27.8384 ], [ -97.4098, 27.8323 ], [ -97.3982, 27.8369 ], [ -97.3907, 27.8459 ], [ -97.3856, 27.8301 ], [ -97.394, 27.8017 ], [ -97.3718, 27.7553 ], [ -97.3561, 27.7418 ], [ -97.2672, 27.7081 ], [ -97.2596, 27.6951 ], [ -97.2628, 27.6793 ], [ -97.2893, 27.642 ], [ -97.2988, 27.6006 ], [ -97.3293, 27.5496 ], [ -97.3529, 27.4757 ], [ -97.3671, 27.4608 ], [ -97.4083, 27.3574 ], [ -97.4112, 27.335 ], [ -97.4869, 27.304 ], [ -97.5084, 27.2824 ], [ -97.5226, 27.2785 ], [ -97.5416, 27.2904 ], [ -97.4932, 27.3177 ], [ -97.5067, 27.3313 ], [ -97.4764, 27.3315 ], [ -97.4613, 27.3437 ], [ -97.4726, 27.3518 ], [ -97.4814, 27.3471 ], [ -97.4894, 27.3507 ], [ -97.4932, 27.362 ], [ -97.4869, 27.4002 ], [ -97.5062, 27.3925 ], [ -97.5416, 27.3655 ], [ -97.5341, 27.3518 ], [ -97.5688, 27.3313 ], [ -97.5751, 27.3456 ], [ -97.5847, 27.3418 ], [ -97.603, 27.3177 ], [ -97.6007, 27.3045 ], [ -97.6062, 27.2997 ], [ -97.6302, 27.3002 ], [ -97.6378, 27.3244 ], [ -97.7176, 27.4274 ], [ -97.7429, 27.4497 ], [ -97.7743, 27.4685 ], [ -97.7705, 27.4446 ], [ -97.7364, 27.4141 ], [ -97.7259, 27.3934 ], [ -97.7401, 27.3934 ], [ -97.7038, 27.3611 ], [ -97.6918, 27.3405 ], [ -97.7122, 27.3313 ], [ -97.7067, 27.3177 ], [ -97.6871, 27.3251 ], [ -97.6722, 27.3214 ], [ -97.6676, 27.3109 ], [ -97.6787, 27.2978 ], [ -97.7007, 27.2859 ], [ -97.7247, 27.2877 ], [ -97.75, 27.2973 ], [ -97.7743, 27.2978 ], [ -97.7606, 27.2791 ], [ -97.7152, 27.2674 ], [ -97.6589, 27.2741 ], [ -97.6422, 27.2668 ], [ -97.6295, 27.2447 ], [ -97.5211, 27.2322 ], [ -97.4401, 27.2722 ], [ -97.4261, 27.2637 ], [ -97.4272, 27.25 ], [ -97.4341, 27.2392 ], [ -97.446, 27.2351 ], [ -97.4451, 27.1882 ], [ -97.4584, 27.1748 ], [ -97.446, 27.1327 ], [ -97.4531, 27.1208 ], [ -97.4658, 27.1124 ], [ -97.4969, 27.106 ], [ -97.4982, 27.1007 ], [ -97.4816, 27.0743 ], [ -97.4932, 27.0638 ], [ -97.4809, 27.0387 ], [ -97.4807, 27.022 ], [ -97.4945, 27.0126 ], [ -97.5502, 27.0092 ], [ -97.5609, 27.0049 ], [ -97.5628, 26.9937 ], [ -97.56, 26.9508 ], [ -97.5455, 26.9186 ], [ -97.5341, 26.9068 ], [ -97.4945, 26.8905 ], [ -97.4813, 26.8776 ], [ -97.4932, 26.8583 ], [ -97.5484, 26.8999 ], [ -97.56, 26.8714 ], [ -97.562, 26.8379 ], [ -97.5548, 26.8251 ], [ -97.5137, 26.8174 ], [ -97.493, 26.7917 ], [ -97.4815, 26.7314 ], [ -97.4576, 26.6672 ], [ -97.4473, 26.6013 ], [ -97.4249, 26.5349 ], [ -97.4186, 26.502 ], [ -97.4317, 26.5232 ], [ -97.4368, 26.5099 ], [ -97.446, 26.5029 ], [ -97.4726, 26.4958 ], [ -97.4385, 26.4853 ], [ -97.4504, 26.4239 ], [ -97.4479, 26.4202 ], [ -97.4171, 26.4152 ], [ -97.405, 26.3786 ], [ -97.3702, 26.3723 ], [ -97.3771, 26.3376 ], [ -97.3633, 26.3402 ], [ -97.3519, 26.3538 ], [ -97.3402, 26.3416 ], [ -97.3553, 26.3279 ], [ -97.3611, 26.2858 ], [ -97.3529, 26.2761 ], [ -97.3298, 26.2817 ], [ -97.3158, 26.2649 ], [ -97.3293, 26.242 ], [ -97.3276, 26.2304 ], [ -97.3087, 26.2011 ], [ -97.3153, 26.1501 ], [ -97.3105, 26.1233 ], [ -97.2762, 26.1007 ], [ -97.2364, 26.0981 ], [ -97.212, 26.0912 ], [ -97.2222, 26.0671 ], [ -97.2325, 26.0648 ], [ -97.2467, 26.0707 ], [ -97.248, 26.0532 ], [ -97.2598, 26.0291 ], [ -97.2556, 25.9989 ], [ -97.2362, 25.9842 ], [ -97.2262, 25.995 ], [ -97.1926, 26.0115 ], [ -97.1853, 26.0223 ], [ -97.1754, 26.0709 ], [ -97.1648, 26.0769 ], [ -97.1518, 26.075 ], [ -97.1432, 26.0478 ], [ -97.1375, 25.9745 ], [ -97.1675, 25.8286 ], [ -97.1573, 25.7895 ], [ -97.1645, 25.7695 ], [ -97.1652, 25.7233 ], [ -97.1863, 25.687 ], [ -97.1982, 25.6467 ], [ -97.2615, 25.4995 ], [ -97.3194, 25.39 ], [ -97.459, 25.1794 ], [ -97.6514, 24.5159 ], [ -97.7167, 24.0081 ], [ -97.7252, 23.8057 ], [ -97.7333, 23.7884 ], [ -97.751, 23.7819 ], [ -97.8221, 23.7884 ], [ -97.8221, 23.7822 ], [ -97.7729, 23.7801 ], [ -97.7589, 23.769 ], [ -97.7538, 23.7437 ], [ -97.7606, 23.6519 ], [ -97.7538, 23.6519 ], [ -97.7469, 23.6791 ], [ -97.7421, 23.7452 ], [ -97.7333, 23.7748 ], [ -97.7222, 23.7393 ], [ -97.7418, 23.5364 ], [ -97.7581, 23.4404 ], [ -97.7685, 23.2601 ], [ -97.7423, 22.9721 ], [ -97.7538, 22.8493 ], [ -97.7539, 22.9232 ], [ -97.7645, 22.912 ], [ -97.7948, 22.8083 ], [ -97.8024, 22.7938 ], [ -97.8358, 22.7612 ], [ -97.8382, 22.7397 ], [ -97.85, 22.7324 ], [ -97.8767, 22.7394 ], [ -97.8574, 22.7186 ], [ -97.8551, 22.6986 ], [ -97.8932, 22.6103 ], [ -97.891, 22.5961 ], [ -97.882, 22.5879 ], [ -97.8584, 22.5935 ], [ -97.85, 22.6029 ], [ -97.8533, 22.6439 ], [ -97.85, 22.6575 ], [ -97.84, 22.6703 ], [ -97.8343, 22.6697 ], [ -97.8301, 22.6164 ], [ -97.85, 22.5346 ], [ -97.8201, 22.4333 ], [ -97.8221, 22.4043 ], [ -97.8091, 22.3403 ], [ -97.7743, 22.2535 ], [ -97.7714, 22.1317 ], [ -97.7606, 22.0959 ], [ -97.6105, 21.8358 ], [ -97.5081, 21.7228 ], [ -97.4249, 21.661 ], [ -97.4138, 21.6467 ], [ -97.3423, 21.603 ], [ -97.3162, 21.5609 ], [ -97.3192, 21.5198 ], [ -97.3479, 21.4179 ], [ -97.3982, 21.3416 ], [ -97.4112, 21.2734 ], [ -97.4186, 21.2734 ], [ -97.4317, 21.3423 ], [ -97.4722, 21.4378 ], [ -97.4556, 21.4553 ], [ -97.4194, 21.4768 ], [ -97.4009, 21.4805 ], [ -97.3907, 21.4726 ], [ -97.3743, 21.5043 ], [ -97.3702, 21.5375 ], [ -97.379, 21.5543 ], [ -97.4385, 21.5955 ], [ -97.4869, 21.6364 ], [ -97.5016, 21.6605 ], [ -97.5558, 21.7128 ], [ -97.602, 21.777 ], [ -97.6251, 21.7944 ], [ -97.6476, 21.8843 ], [ -97.6588, 21.9075 ], [ -97.6859, 21.9245 ], [ -97.7676, 22.0638 ], [ -97.7811, 22.0959 ], [ -97.777, 22.0731 ], [ -97.7197, 21.9518 ], [ -97.7126, 21.911 ], [ -97.7084, 21.8275 ], [ -97.6881, 21.7608 ], [ -97.6726, 21.6753 ], [ -97.6576, 21.6365 ], [ -97.5776, 21.501 ], [ -97.562, 21.4857 ], [ -97.5456, 21.4774 ], [ -97.5307, 21.4763 ], [ -97.5006, 21.4931 ], [ -97.4894, 21.4808 ], [ -97.5006, 21.4211 ], [ -97.4968, 21.4006 ], [ -97.4295, 21.2717 ], [ -97.4283, 21.2604 ], [ -97.4125, 21.2552 ], [ -97.4049, 21.2419 ], [ -97.3975, 21.2051 ], [ -97.338, 21.055 ], [ -97.1972, 20.8102 ], [ -97.1778, 20.7595 ], [ -97.1983, 20.739 ], [ -97.1505, 20.647 ], [ -97.0344, 20.5146 ], [ -97.0003, 20.4857 ], [ -96.9599, 20.4648 ], [ -96.9403, 20.4492 ], [ -96.9256, 20.4103 ], [ -96.9109, 20.3928 ], [ -96.8836, 20.3685 ], [ -96.8148, 20.2904 ], [ -96.7343, 20.221 ], [ -96.7215, 20.1927 ], [ -96.7116, 20.1824 ], [ -96.676, 20.1579 ], [ -96.6411, 20.1002 ], [ -96.5751, 20.0264 ], [ -96.5099, 19.9298 ], [ -96.4561, 19.8688 ], [ -96.4401, 19.8377 ], [ -96.4051, 19.7418 ], [ -96.3937, 19.6541 ], [ -96.36, 19.5369 ], [ -96.3155, 19.4822 ], [ -96.3103, 19.463 ], [ -96.3207, 19.4388 ], [ -96.3192, 19.4247 ], [ -96.3048, 19.392 ], [ -96.2985, 19.3542 ], [ -96.2783, 19.3146 ], [ -96.2545, 19.3015 ], [ -96.1574, 19.2252 ], [ -96.1319, 19.2359 ], [ -96.1221, 19.2221 ], [ -96.1124, 19.1801 ], [ -96.1029, 19.1658 ], [ -96.0885, 19.1153 ], [ -96.0774, 19.0961 ], [ -96.0614, 19.0785 ], [ -96.0412, 19.0657 ], [ -95.9772, 19.0583 ], [ -95.9703, 19.0461 ], [ -95.9563, 18.9758 ], [ -95.9237, 18.9077 ], [ -95.9036, 18.8819 ], [ -95.8443, 18.8334 ], [ -95.7652, 18.8105 ], [ -95.7528, 18.8 ], [ -95.7528, 18.7658 ], [ -95.7779, 18.7785 ], [ -95.8246, 18.8133 ], [ -95.8795, 18.8285 ], [ -95.9148, 18.8625 ], [ -95.9377, 18.8682 ], [ -95.9589, 18.8564 ], [ -95.9365, 18.8384 ], [ -95.8824, 18.817 ], [ -95.8729, 18.7988 ], [ -95.8074, 18.7521 ], [ -95.8074, 18.7447 ], [ -95.8242, 18.7453 ], [ -95.8663, 18.759 ], [ -95.8773, 18.7524 ], [ -95.873, 18.7379 ], [ -95.852, 18.7168 ], [ -95.8243, 18.7201 ], [ -95.8011, 18.731 ], [ -95.7942, 18.7432 ], [ -95.7747, 18.744 ], [ -95.6469, 18.7106 ], [ -95.585, 18.6697 ], [ -95.5683, 18.6833 ], [ -95.6083, 18.7077 ], [ -95.6743, 18.7294 ], [ -95.7284, 18.7572 ], [ -95.7328, 18.8 ], [ -95.6642, 18.751 ], [ -95.5836, 18.7217 ], [ -95.4952, 18.7073 ], [ -95.3647, 18.7033 ], [ -95.2753, 18.7099 ], [ -95.2084, 18.7086 ], [ -95.173, 18.6967 ], [ -95.1381, 18.6671 ], [ -95.0514, 18.6123 ], [ -95.0384, 18.598 ], [ -95.0333, 18.5771 ], [ -95.0242, 18.564 ], [ -95.0, 18.555 ], [ -95.0, 16.3265 ], [ -95.0333, 16.3265 ], [ -95.0275, 16.3085 ], [ -95.0476, 16.3007 ], [ -95.0652, 16.2783 ], [ -95.0638, 16.2683 ], [ -95.0, 16.2512 ], [ -95.0, 16.1947 ], [ -95.0653, 16.1836 ], [ -95.1493, 16.187 ], [ -95.1555, 16.1816 ], [ -95.1493, 16.1683 ], [ -95.161, 16.1632 ], [ -95.1881, 16.1676 ], [ -95.1985, 16.1583 ], [ -95.2332, 16.1582 ], [ -95.2471, 16.1476 ], [ -95.2485, 16.1342 ], [ -95.2686, 16.1282 ], [ -95.2811, 16.1189 ], [ -95.2804, 16.1082 ], [ -95.2845, 16.1042 ], [ -95.2977, 16.1015 ], [ -95.3054, 16.0935 ], [ -95.3373, 16.0888 ], [ -95.3533, 16.0795 ], [ -95.3782, 16.0475 ], [ -95.3726, 16.0275 ], [ -95.3992, 16.0088 ], [ -95.4255, 15.9994 ], [ -95.4345, 15.9754 ], [ -95.4928, 15.9747 ], [ -95.4969, 15.9653 ], [ -95.5724, 15.9571 ], [ -95.5813, 15.9451 ], [ -95.6091, 15.9417 ], [ -95.6146, 15.929 ], [ -95.6623, 15.9116 ], [ -95.7551, 15.8993 ], [ -95.7786, 15.8846 ], [ -95.7786, 15.8733 ], [ -95.9599, 15.8279 ], [ -95.9682, 15.8172 ], [ -96.0034, 15.8084 ], [ -96.031, 15.7923 ], [ -96.0525, 15.7875 ], [ -96.1063, 15.7573 ], [ -96.1167, 15.7619 ], [ -96.1277, 15.7526 ], [ -96.1255, 15.7379 ], [ -96.2042, 15.7035 ], [ -96.2366, 15.6833 ], [ -96.3619, 15.684 ], [ -96.4311, 15.6959 ], [ -96.4465, 15.682 ], [ -96.4861, 15.6608 ], [ -96.5049, 15.6581 ], [ -96.5492, 15.6644 ], [ -96.556, 15.659 ], [ -96.681, 15.7094 ], [ -96.8037, 15.7318 ], [ -96.8451, 15.7326 ], [ -96.9307, 15.7827 ], [ -97.0223, 15.8072 ], [ -97.0495, 15.8289 ], [ -97.0454, 15.8323 ], [ -97.0623, 15.8594 ], [ -97.0761, 15.8566 ], [ -97.1607, 15.9038 ], [ -97.266, 15.9359 ], [ -97.3455, 15.9459 ], [ -97.3686, 15.9346 ], [ -97.4592, 15.945 ], [ -97.5297, 15.9682 ], [ -97.5574, 15.9622 ], [ -97.6161, 15.9756 ], [ -97.66, 15.9765 ], [ -97.6817, 15.9622 ], [ -97.7727, 15.9795 ], [ -97.8111, 16.003 ], [ -97.8357, 16.0106 ], [ -97.9813, 16.1094 ], [ -98.0852, 16.1651 ], [ -98.1542, 16.1903 ], [ -98.1721, 16.2092 ], [ -98.1132, 16.1927 ], [ -98.0821, 16.1893 ], [ -98.0685, 16.2023 ], [ -98.0834, 16.2008 ], [ -98.1107, 16.2186 ], [ -98.1238, 16.2092 ], [ -98.1647, 16.2228 ], [ -98.1784, 16.2365 ], [ -98.1964, 16.2228 ], [ -98.2159, 16.2247 ], [ -98.3158, 16.2557 ], [ -98.4453, 16.2781 ], [ -98.5528, 16.3147 ], [ -98.5712, 16.3271 ], [ -98.5646, 16.3311 ], [ -98.5664, 16.3406 ], [ -98.5824, 16.3607 ], [ -98.6981, 16.462 ], [ -98.7353, 16.5139 ], [ -98.7682, 16.5509 ], [ -98.7769, 16.5551 ], [ -98.8063, 16.5578 ], [ -98.8462, 16.5465 ], [ -98.8566, 16.5282 ], [ -98.907, 16.5348 ], [ -99.1438, 16.6109 ], [ -99.3743, 16.6679 ], [ -99.4945, 16.6858 ], [ -99.557, 16.6878 ], [ -99.6054, 16.6828 ], [ -99.6633, 16.6982 ], [ -99.7412, 16.7306 ], [ -99.8214, 16.7898 ], [ -99.8329, 16.7825 ], [ -99.8581, 16.796 ], [ -99.8496, 16.7999 ], [ -99.839, 16.7946 ], [ -99.8357, 16.8021 ], [ -99.8405, 16.8087 ], [ -99.8693, 16.8084 ], [ -99.8768, 16.8153 ], [ -99.8703, 16.8177 ], [ -99.8625, 16.8346 ], [ -99.8517, 16.8364 ], [ -99.851, 16.8431 ], [ -99.8582, 16.8514 ], [ -99.8813, 16.8587 ], [ -99.8975, 16.8528 ], [ -99.9079, 16.8463 ], [ -99.9062, 16.8385 ], [ -99.8969, 16.8413 ], [ -99.8914, 16.8373 ], [ -99.8997, 16.8286 ], [ -99.9137, 16.8272 ], [ -99.9201, 16.8341 ], [ -99.925, 16.8559 ], [ -99.9562, 16.8831 ], [ -99.9594, 16.8927 ], [ -99.9917, 16.9097 ], [ -100.7132, 17.1521 ], [ -100.8339, 17.1988 ], [ -101.0082, 17.253 ], [ -101.0428, 17.2702 ], [ -101.059, 17.2642 ], [ -101.0651, 17.276 ], [ -101.0537, 17.2827 ], [ -101.0551, 17.3026 ], [ -101.1051, 17.3503 ], [ -101.1718, 17.3898 ], [ -101.1822, 17.4125 ], [ -101.2631, 17.4562 ], [ -101.4558, 17.5263 ], [ -101.4568, 17.5374 ], [ -101.4432, 17.5393 ], [ -101.4407, 17.5572 ], [ -101.4581, 17.5833 ], [ -101.4965, 17.6144 ], [ -101.5259, 17.6184 ], [ -101.5531, 17.6114 ], [ -101.5573, 17.6254 ], [ -101.5699, 17.6254 ], [ -101.5793, 17.6364 ], [ -101.5951, 17.6353 ], [ -101.5993, 17.6533 ], [ -101.6445, 17.6683 ], [ -101.6477, 17.7053 ], [ -101.6719, 17.7403 ], [ -101.7455, 17.7922 ], [ -101.7563, 17.8168 ], [ -101.7709, 17.8292 ], [ -101.773, 17.8482 ], [ -101.8111, 17.8903 ], [ -101.9899, 17.9748 ], [ -102.0367, 17.9907 ], [ -102.1005, 17.9823 ], [ -102.1099, 17.9653 ], [ -102.1455, 17.9342 ], [ -102.1759, 17.917 ], [ -102.1906, 17.916 ], [ -102.2886, 17.9616 ], [ -102.4208, 17.998 ], [ -102.4751, 18.0178 ], [ -102.514, 18.0206 ], [ -102.5972, 18.0491 ], [ -102.6913, 18.0567 ], [ -102.7423, 18.067 ], [ -103.0244, 18.1858 ], [ -103.1135, 18.1921 ], [ -103.1252, 18.206 ], [ -103.1409, 18.2019 ], [ -103.2212, 18.2341 ], [ -103.2391, 18.232 ], [ -103.3437, 18.271 ], [ -103.3616, 18.2668 ], [ -103.4242, 18.3032 ], [ -103.4984, 18.3335 ], [ -103.5231, 18.3762 ], [ -103.5751, 18.4923 ], [ -103.629, 18.548 ], [ -103.693, 18.5884 ], [ -103.7067, 18.5912 ], [ -103.71, 18.6012 ], [ -103.6862, 18.6286 ], [ -103.7002, 18.6543 ], [ -103.7943, 18.7412 ], [ -103.9532, 18.8493 ], [ -103.98, 18.8749 ], [ -104.1806, 18.9714 ], [ -104.3317, 19.0223 ], [ -104.329, 19.0533 ], [ -104.3069, 19.0566 ], [ -104.2996, 19.0658 ], [ -104.3041, 19.0817 ], [ -104.3287, 19.0993 ], [ -104.3404, 19.1011 ], [ -104.3508, 19.091 ], [ -104.3562, 19.0949 ], [ -104.3543, 19.1119 ], [ -104.3682, 19.1177 ], [ -104.3861, 19.1154 ], [ -104.3934, 19.1083 ], [ -104.39, 19.0934 ], [ -104.3984, 19.0912 ], [ -104.4158, 19.1057 ], [ -104.4395, 19.0816 ], [ -104.4516, 19.1044 ], [ -104.5038, 19.1297 ], [ -104.636, 19.1594 ], [ -104.673, 19.1766 ], [ -104.684, 19.1835 ], [ -104.6919, 19.2076 ], [ -104.7229, 19.2115 ], [ -104.7336, 19.2285 ], [ -104.744, 19.232 ], [ -104.7997, 19.2246 ], [ -104.8069, 19.2291 ], [ -104.7991, 19.2831 ], [ -104.8014, 19.2947 ], [ -104.8157, 19.2996 ], [ -104.8495, 19.2866 ], [ -104.8662, 19.29 ], [ -104.8805, 19.2791 ], [ -104.9579, 19.3181 ], [ -104.9936, 19.3422 ], [ -105.0171, 19.3685 ], [ -105.0287, 19.4149 ], [ -105.0393, 19.4356 ], [ -105.0701, 19.4478 ], [ -105.0655, 19.475 ], [ -105.0681, 19.4854 ], [ -105.086, 19.5057 ], [ -105.0877, 19.5611 ], [ -105.1169, 19.5856 ], [ -105.1518, 19.5842 ], [ -105.2508, 19.6661 ], [ -105.2983, 19.7186 ], [ -105.3517, 19.8045 ], [ -105.3815, 19.8341 ], [ -105.3884, 19.8524 ], [ -105.4416, 19.9064 ], [ -105.4667, 19.9503 ], [ -105.5256, 20.0319 ], [ -105.5453, 20.0916 ], [ -105.5453, 20.1357 ], [ -105.5589, 20.2182 ], [ -105.5931, 20.2456 ], [ -105.6286, 20.3 ], [ -105.6557, 20.3132 ], [ -105.6987, 20.4069 ], [ -105.6831, 20.4237 ], [ -105.5756, 20.4877 ], [ -105.5308, 20.4932 ], [ -105.4604, 20.4926 ], [ -105.4292, 20.5059 ], [ -105.3287, 20.5137 ], [ -105.301, 20.5318 ], [ -105.287, 20.5499 ], [ -105.2667, 20.5576 ], [ -105.2436, 20.5836 ], [ -105.2368, 20.6024 ], [ -105.2343, 20.6361 ], [ -105.2537, 20.6561 ], [ -105.2838, 20.67 ], [ -105.3102, 20.7272 ], [ -105.3415, 20.7546 ], [ -105.3616, 20.7628 ], [ -105.3884, 20.7395 ], [ -105.4109, 20.734 ], [ -105.442, 20.7487 ], [ -105.4783, 20.7515 ], [ -105.5141, 20.7703 ], [ -105.5329, 20.7564 ], [ -105.5449, 20.7681 ], [ -105.5236, 20.7897 ], [ -105.5044, 20.7849 ], [ -105.4865, 20.7962 ], [ -105.4553, 20.867 ], [ -105.4491, 20.8731 ], [ -105.4399, 20.8714 ], [ -105.4249, 20.8896 ], [ -105.4039, 20.9289 ], [ -105.3709, 20.9541 ], [ -105.3582, 20.9577 ], [ -105.3512, 20.9706 ], [ -105.3343, 20.9853 ], [ -105.3097, 21.0307 ], [ -105.2988, 21.0343 ], [ -105.2915, 21.0267 ], [ -105.2706, 21.0253 ], [ -105.2343, 21.061 ], [ -105.2303, 21.0907 ], [ -105.2326, 21.1169 ], [ -105.2392, 21.1312 ], [ -105.2297, 21.1551 ], [ -105.2329, 21.183 ], [ -105.2161, 21.2044 ], [ -105.2257, 21.2839 ], [ -105.2431, 21.3421 ], [ -105.2305, 21.3886 ], [ -105.2198, 21.4075 ], [ -105.2029, 21.4347 ], [ -105.185, 21.443 ], [ -105.2001, 21.4929 ], [ -105.2176, 21.5172 ], [ -105.2438, 21.5272 ], [ -105.2499, 21.5145 ], [ -105.2635, 21.5134 ], [ -105.281, 21.5284 ], [ -105.3196, 21.5455 ], [ -105.4141, 21.6011 ], [ -105.4484, 21.631 ], [ -105.4629, 21.6714 ], [ -105.5494, 21.8302 ], [ -105.6323, 21.9557 ], [ -105.6488, 21.9923 ], [ -105.6573, 22.0473 ], [ -105.6477, 22.1906 ], [ -105.655, 22.2563 ], [ -105.7327, 22.5041 ], [ -105.7167, 22.5142 ], [ -105.7325, 22.5414 ], [ -105.7419, 22.5461 ], [ -105.7508, 22.5346 ], [ -105.7576, 22.5346 ], [ -105.767, 22.5905 ], [ -105.8002, 22.6385 ], [ -105.8811, 22.7128 ], [ -105.9254, 22.7661 ], [ -105.9425, 22.7817 ], [ -105.9845, 22.806 ], [ -106.0016, 22.8232 ], [ -106.004, 22.8301 ], [ -105.9841, 22.8568 ], [ -106.0102, 22.8489 ], [ -106.032, 22.8301 ], [ -106.2203, 23.0519 ], [ -106.2578, 23.069 ], [ -106.2773, 23.0837 ], [ -106.3708, 23.184 ], [ -106.3882, 23.1926 ], [ -106.4193, 23.1799 ], [ -106.4298, 23.1851 ], [ -106.4298, 23.2304 ], [ -106.4352, 23.2443 ], [ -106.4707, 23.295 ], [ -106.4869, 23.3077 ], [ -106.4894, 23.3145 ], [ -106.477, 23.3223 ], [ -106.4785, 23.3284 ], [ -106.5228, 23.4075 ], [ -106.5356, 23.4185 ], [ -106.5714, 23.4353 ], [ -106.6118, 23.4691 ], [ -106.6404, 23.5165 ], [ -106.6665, 23.5288 ], [ -106.7326, 23.6065 ], [ -106.7506, 23.6189 ], [ -106.7932, 23.6324 ], [ -106.8041, 23.6527 ], [ -106.8134, 23.6997 ], [ -106.861, 23.7552 ], [ -106.8733, 23.7983 ], [ -106.902, 23.8466 ], [ -107.0359, 23.9808 ], [ -107.0849, 24.0151 ], [ -107.1169, 24.0292 ], [ -107.1697, 24.0764 ], [ -107.3778, 24.2069 ], [ -107.3888, 24.2174 ], [ -107.3929, 24.2412 ], [ -107.4043, 24.2525 ], [ -107.4434, 24.2683 ], [ -107.4809, 24.2934 ], [ -107.5432, 24.3466 ], [ -107.775, 24.4774 ], [ -107.7923, 24.494 ], [ -107.7997, 24.5122 ], [ -107.7967, 24.5227 ], [ -107.7899, 24.523 ], [ -107.7725, 24.5076 ], [ -107.7692, 24.4893 ], [ -107.6802, 24.447 ], [ -107.5415, 24.3651 ], [ -107.498, 24.3439 ], [ -107.5533, 24.3781 ], [ -107.5497, 24.3879 ], [ -107.498, 24.3576 ], [ -107.4918, 24.3706 ], [ -107.5055, 24.3706 ], [ -107.4783, 24.4001 ], [ -107.4818, 24.4328 ], [ -107.5192, 24.5114 ], [ -107.5297, 24.5219 ], [ -107.5634, 24.5307 ], [ -107.5926, 24.5201 ], [ -107.6017, 24.5084 ], [ -107.5876, 24.5054 ], [ -107.5609, 24.515 ], [ -107.5533, 24.5084 ], [ -107.5575, 24.4995 ], [ -107.5942, 24.4675 ], [ -107.6241, 24.4585 ], [ -107.6767, 24.5016 ], [ -107.7041, 24.4879 ], [ -107.7188, 24.4924 ], [ -107.745, 24.5159 ], [ -107.7519, 24.5425 ], [ -107.7792, 24.5562 ], [ -107.8205, 24.5952 ], [ -107.8329, 24.5987 ], [ -107.8481, 24.5903 ], [ -107.889, 24.6238 ], [ -107.9127, 24.6347 ], [ -107.9368, 24.6388 ], [ -107.9325, 24.6282 ], [ -107.8785, 24.5798 ], [ -107.8191, 24.5444 ], [ -107.8065, 24.529 ], [ -107.8339, 24.5352 ], [ -107.9086, 24.5779 ], [ -107.9952, 24.6484 ], [ -108.0047, 24.6618 ], [ -108.0189, 24.7309 ], [ -108.0389, 24.7633 ], [ -108.0545, 24.7723 ], [ -108.0603, 24.7864 ], [ -108.0566, 24.7896 ], [ -108.0362, 24.7852 ], [ -107.9949, 24.758 ], [ -107.9789, 24.757 ], [ -107.9716, 24.7788 ], [ -107.9763, 24.7968 ], [ -107.9875, 24.8146 ], [ -108.0132, 24.8368 ], [ -108.0008, 24.8476 ], [ -108.0043, 24.9146 ], [ -107.9852, 24.9534 ], [ -107.9966, 24.9678 ], [ -108.0361, 24.9985 ], [ -108.0487, 25.0015 ], [ -108.0492, 24.9826 ], [ -108.0323, 24.918 ], [ -108.0411, 24.8384 ], [ -108.0501, 24.8231 ], [ -108.0614, 24.8256 ], [ -108.0777, 24.8378 ], [ -108.0876, 24.8231 ], [ -108.1244, 24.8445 ], [ -108.1556, 24.883 ], [ -108.2341, 25.0284 ], [ -108.2578, 25.0563 ], [ -108.2931, 25.0838 ], [ -108.3223, 25.0995 ], [ -108.3279, 25.1112 ], [ -108.2838, 25.1068 ], [ -108.2662, 25.0969 ], [ -108.2589, 25.0804 ], [ -108.1975, 25.0149 ], [ -108.1833, 24.9814 ], [ -108.1634, 24.9876 ], [ -108.1391, 24.9739 ], [ -108.1306, 24.9768 ], [ -108.1287, 25.0053 ], [ -108.1325, 25.0194 ], [ -108.1533, 25.0163 ], [ -108.1634, 25.0224 ], [ -108.1526, 25.0459 ], [ -108.1368, 25.06 ], [ -108.1055, 25.0269 ], [ -108.089, 25.0195 ], [ -108.0467, 25.0149 ], [ -108.0132, 25.0019 ], [ -108.0048, 25.0095 ], [ -108.0035, 25.0314 ], [ -108.1195, 25.1235 ], [ -108.1361, 25.1247 ], [ -108.1282, 25.1168 ], [ -108.1291, 25.1107 ], [ -108.1491, 25.1043 ], [ -108.1729, 25.1136 ], [ -108.1907, 25.1316 ], [ -108.218, 25.1732 ], [ -108.2316, 25.1719 ], [ -108.2524, 25.1603 ], [ -108.2664, 25.1657 ], [ -108.2798, 25.1584 ], [ -108.3058, 25.157 ], [ -108.3336, 25.161 ], [ -108.3518, 25.1695 ], [ -108.3552, 25.2067 ], [ -108.3142, 25.1862 ], [ -108.3175, 25.2285 ], [ -108.3204, 25.2414 ], [ -108.3294, 25.2517 ], [ -108.3614, 25.2694 ], [ -108.3861, 25.1619 ], [ -108.3992, 25.1452 ], [ -108.3961, 25.2142 ], [ -108.4052, 25.2338 ], [ -108.435, 25.2608 ], [ -108.5542, 25.3078 ], [ -108.614, 25.3433 ], [ -108.6543, 25.3537 ], [ -108.7319, 25.3581 ], [ -108.7086, 25.3738 ], [ -108.6673, 25.3708 ], [ -108.5941, 25.3513 ], [ -108.6183, 25.362 ], [ -108.6572, 25.3922 ], [ -108.6872, 25.3985 ], [ -108.7405, 25.3829 ], [ -108.7657, 25.3809 ], [ -108.7797, 25.3985 ], [ -108.7387, 25.3991 ], [ -108.7299, 25.406 ], [ -108.746, 25.4311 ], [ -108.7469, 25.4446 ], [ -108.7558, 25.4469 ], [ -108.7797, 25.4333 ], [ -108.7674, 25.4787 ], [ -108.769, 25.5402 ], [ -108.7934, 25.5363 ], [ -108.8281, 25.5493 ], [ -108.8328, 25.5615 ], [ -108.8384, 25.5636 ], [ -108.8589, 25.5568 ], [ -108.8895, 25.5633 ], [ -108.8963, 25.5602 ], [ -108.8964, 25.5431 ], [ -108.8836, 25.5198 ], [ -108.8848, 25.4968 ], [ -108.8998, 25.478 ], [ -108.9158, 25.4675 ], [ -108.9297, 25.4664 ], [ -108.9416, 25.4735 ], [ -108.9516, 25.4879 ], [ -108.9403, 25.4894 ], [ -108.9374, 25.4948 ], [ -108.9518, 25.5039 ], [ -109.0019, 25.4999 ], [ -109.0158, 25.4934 ], [ -109.0188, 25.4825 ], [ -109.0063, 25.4674 ], [ -109.0347, 25.4652 ], [ -109.0663, 25.4851 ], [ -109.1161, 25.5363 ], [ -109.0882, 25.5493 ], [ -109.0705, 25.5805 ], [ -109.0578, 25.5847 ], [ -109.0239, 25.5731 ], [ -109.0054, 25.5779 ], [ -108.9926, 25.5493 ], [ -108.9805, 25.5446 ], [ -108.9715, 25.5636 ], [ -108.9715, 25.5847 ], [ -108.9598, 25.5905 ], [ -108.8964, 25.653 ], [ -108.8964, 25.6728 ], [ -108.8833, 25.6784 ], [ -108.8805, 25.6849 ], [ -108.8827, 25.7172 ], [ -108.8731, 25.7367 ], [ -108.8333, 25.7689 ], [ -108.8281, 25.7895 ], [ -108.838, 25.8046 ], [ -108.8498, 25.7927 ], [ -108.9009, 25.7007 ], [ -108.9169, 25.6872 ], [ -108.9894, 25.663 ], [ -109.0097, 25.6496 ], [ -109.0417, 25.6047 ], [ -109.0621, 25.5903 ], [ -109.0882, 25.5977 ], [ -109.1137, 25.5844 ], [ -109.1313, 25.5834 ], [ -109.1444, 25.5947 ], [ -109.1712, 25.6487 ], [ -109.2245, 25.6689 ], [ -109.2502, 25.6862 ], [ -109.2544, 25.6817 ], [ -109.2459, 25.6592 ], [ -109.1693, 25.598 ], [ -109.1527, 25.5765 ], [ -109.1565, 25.5568 ], [ -109.2275, 25.6286 ], [ -109.2629, 25.6393 ], [ -109.3739, 25.6372 ], [ -109.4103, 25.6461 ], [ -109.3872, 25.6608 ], [ -109.3593, 25.6684 ], [ -109.3295, 25.6682 ], [ -109.3005, 25.6592 ], [ -109.3005, 25.6933 ], [ -109.2869, 25.7107 ], [ -109.3026, 25.7355 ], [ -109.3218, 25.7482 ], [ -109.3595, 25.7629 ], [ -109.378, 25.7618 ], [ -109.3895, 25.7564 ], [ -109.3952, 25.7437 ], [ -109.3959, 25.6859 ], [ -109.3996, 25.6785 ], [ -109.4103, 25.6933 ], [ -109.4036, 25.7366 ], [ -109.4062, 25.7592 ], [ -109.4141, 25.769 ], [ -109.4352, 25.7763 ], [ -109.4405, 25.7934 ], [ -109.4254, 25.8523 ], [ -109.4184, 25.862 ], [ -109.4191, 25.8959 ], [ -109.4378, 25.9427 ], [ -109.4377, 26.0055 ], [ -109.4333, 26.0217 ], [ -109.3967, 26.0769 ], [ -109.3424, 26.1348 ], [ -109.3297, 26.1751 ], [ -109.2696, 26.2774 ], [ -109.2622, 26.3041 ], [ -109.2547, 26.302 ], [ -109.2513, 26.2895 ], [ -109.2838, 26.2402 ], [ -109.2869, 26.2045 ], [ -109.2955, 26.1726 ], [ -109.2906, 26.1632 ], [ -109.2804, 26.1606 ], [ -109.2728, 26.168 ], [ -109.2617, 26.2104 ], [ -109.2316, 26.2625 ], [ -109.227, 26.281 ], [ -109.2254, 26.3345 ], [ -109.2167, 26.344 ], [ -109.1969, 26.3438 ], [ -109.1639, 26.3314 ], [ -109.1561, 26.3123 ], [ -109.1571, 26.2928 ], [ -109.1649, 26.2769 ], [ -109.177, 26.2687 ], [ -109.177, 26.2625 ], [ -109.1561, 26.2548 ], [ -109.1094, 26.2165 ], [ -109.095, 26.2147 ], [ -109.0937, 26.2254 ], [ -109.1078, 26.2493 ], [ -109.1087, 26.2625 ], [ -109.083, 26.277 ], [ -109.0882, 26.2904 ], [ -109.1161, 26.2889 ], [ -109.1567, 26.3642 ], [ -109.1844, 26.3786 ], [ -109.1702, 26.3587 ], [ -109.2117, 26.3649 ], [ -109.2401, 26.3355 ], [ -109.2496, 26.3345 ], [ -109.253, 26.3491 ], [ -109.239, 26.4195 ], [ -109.2557, 26.498 ], [ -109.3142, 26.5687 ], [ -109.3579, 26.5974 ], [ -109.3871, 26.638 ], [ -109.4174, 26.662 ], [ -109.4466, 26.6718 ], [ -109.4752, 26.6749 ], [ -109.4828, 26.6822 ], [ -109.4717, 26.6848 ], [ -109.4285, 26.6719 ], [ -109.4338, 26.6901 ], [ -109.4414, 26.6942 ], [ -109.4356, 26.7036 ], [ -109.4414, 26.7146 ], [ -109.4735, 26.7176 ], [ -109.4834, 26.7426 ], [ -109.5062, 26.7291 ], [ -109.512, 26.7473 ], [ -109.5289, 26.7514 ], [ -109.5499, 26.728 ], [ -109.5528, 26.717 ], [ -109.5219, 26.7082 ], [ -109.5184, 26.702 ], [ -109.5236, 26.6884 ], [ -109.4932, 26.6765 ], [ -109.4944, 26.6692 ], [ -109.5306, 26.6842 ], [ -109.6046, 26.6966 ], [ -109.6478, 26.6934 ], [ -109.6618, 26.684 ], [ -109.6641, 26.6741 ], [ -109.6944, 26.6782 ], [ -109.7684, 26.7065 ], [ -109.7846, 26.7194 ], [ -109.8315, 26.7657 ], [ -109.8563, 26.801 ], [ -109.8716, 26.8708 ], [ -109.8865, 26.892 ], [ -109.9112, 26.952 ], [ -109.9456, 26.9971 ], [ -109.9418, 27.0074 ], [ -109.9042, 26.9544 ], [ -109.8833, 26.9409 ], [ -109.9084, 26.9967 ], [ -109.917, 27.0601 ], [ -109.9662, 27.1089 ], [ -109.9992, 27.1182 ], [ -110.0238, 27.1174 ], [ -110.0385, 27.108 ], [ -110.0623, 27.0817 ], [ -110.0908, 27.1027 ], [ -110.2876, 27.1484 ], [ -110.3367, 27.1721 ], [ -110.4037, 27.2454 ], [ -110.4479, 27.2743 ], [ -110.4648, 27.2833 ], [ -110.5004, 27.2911 ], [ -110.5223, 27.2904 ], [ -110.5244, 27.3001 ], [ -110.4384, 27.2927 ], [ -110.4256, 27.3019 ], [ -110.4711, 27.3459 ], [ -110.4792, 27.3586 ], [ -110.4735, 27.3769 ], [ -110.4874, 27.3813 ], [ -110.4997, 27.3934 ], [ -110.5304, 27.3732 ], [ -110.5509, 27.3774 ], [ -110.5585, 27.4344 ], [ -110.5874, 27.4494 ], [ -110.5888, 27.5119 ], [ -110.598, 27.5437 ], [ -110.6267, 27.6085 ], [ -110.6271, 27.6411 ], [ -110.617, 27.6575 ], [ -110.579, 27.6684 ], [ -110.5679, 27.6814 ], [ -110.5701, 27.6974 ], [ -110.5819, 27.7001 ], [ -110.5956, 27.6935 ], [ -110.6033, 27.6814 ], [ -110.5947, 27.7145 ], [ -110.589, 27.7224 ], [ -110.5535, 27.7325 ], [ -110.5481, 27.7428 ], [ -110.5819, 27.7448 ], [ -110.5995, 27.7523 ], [ -110.6017, 27.7671 ], [ -110.589, 27.7912 ], [ -110.6033, 27.7932 ], [ -110.6129, 27.8009 ], [ -110.6156, 27.8122 ], [ -110.6095, 27.8248 ], [ -110.604, 27.8151 ], [ -110.5972, 27.8129 ], [ -110.5915, 27.8176 ], [ -110.5866, 27.8371 ], [ -110.5211, 27.8445 ], [ -110.5084, 27.8537 ], [ -110.5133, 27.8732 ], [ -110.5333, 27.866 ], [ -110.5917, 27.8875 ], [ -110.6163, 27.8862 ], [ -110.6041, 27.8756 ], [ -110.6091, 27.8708 ], [ -110.6238, 27.873 ], [ -110.671, 27.8984 ], [ -110.7419, 27.9141 ], [ -110.8121, 27.9145 ], [ -110.8491, 27.9067 ], [ -110.8491, 27.9141 ], [ -110.8082, 27.9278 ], [ -110.82, 27.9503 ], [ -110.8271, 27.9829 ], [ -110.8389, 27.9894 ], [ -110.8507, 27.9891 ], [ -110.8559, 27.9793 ], [ -110.8606, 27.9349 ], [ -110.8907, 27.8998 ], [ -110.8758, 27.9019 ], [ -110.8674, 27.8984 ], [ -110.8636, 27.8898 ], [ -110.8672, 27.8631 ], [ -110.8863, 27.8389 ], [ -110.918, 27.8794 ], [ -110.9459, 27.8862 ], [ -110.9658, 27.9067 ], [ -110.9532, 27.9166 ], [ -110.9385, 27.9204 ], [ -110.9759, 27.9521 ], [ -110.9993, 27.9641 ], [ -111.0406, 27.9559 ], [ -111.0591, 27.937 ], [ -111.105, 27.9354 ], [ -111.0952, 27.9517 ], [ -111.104, 27.9621 ], [ -111.1186, 27.9698 ], [ -111.1284, 27.969 ], [ -111.1426, 27.9841 ], [ -111.1718, 27.9901 ], [ -111.2205, 28.0443 ], [ -111.2507, 28.052 ], [ -111.2633, 28.0735 ], [ -111.2818, 28.0915 ], [ -111.3004, 28.1293 ], [ -111.3326, 28.1604 ], [ -111.3404, 28.2053 ], [ -111.3494, 28.2158 ], [ -111.3728, 28.2177 ], [ -111.3941, 28.2738 ], [ -111.4388, 28.3085 ], [ -111.4518, 28.3256 ], [ -111.4583, 28.3472 ], [ -111.4423, 28.3693 ], [ -111.4381, 28.3871 ], [ -111.4735, 28.381 ], [ -111.5862, 28.4154 ], [ -111.6495, 28.4444 ], [ -111.7084, 28.4601 ], [ -111.7606, 28.584 ], [ -111.9204, 28.72 ], [ -111.9494, 28.7565 ], [ -111.9451, 28.7634 ], [ -111.9329, 28.7634 ], [ -111.8944, 28.7807 ], [ -111.8764, 28.7528 ], [ -111.8671, 28.7496 ], [ -111.8612, 28.7532 ], [ -111.856, 28.7736 ], [ -111.8571, 28.7844 ], [ -111.8682, 28.8031 ], [ -111.925, 28.8017 ], [ -111.9673, 28.8413 ], [ -112.0303, 28.8614 ], [ -112.0353, 28.8806 ], [ -112.0489, 28.8859 ], [ -112.0468, 28.8959 ], [ -112.084, 28.9235 ], [ -112.1055, 28.9574 ], [ -112.1292, 28.9643 ], [ -112.1665, 28.9667 ], [ -112.1708, 28.973 ], [ -112.1522, 28.9874 ], [ -112.1709, 29.0472 ], [ -112.1731, 29.0704 ], [ -112.186, 29.0747 ], [ -112.1649, 29.1099 ], [ -112.1661, 29.1204 ], [ -112.1775, 29.1406 ], [ -112.1948, 29.1575 ], [ -112.1911, 29.1669 ], [ -112.227, 29.1884 ], [ -112.2136, 29.2278 ], [ -112.2114, 29.2528 ], [ -112.2395, 29.3153 ], [ -112.2635, 29.33 ], [ -112.314, 29.3305 ], [ -112.3305, 29.3211 ], [ -112.3331, 29.2965 ], [ -112.3568, 29.3188 ], [ -112.3939, 29.3328 ], [ -112.4112, 29.3447 ], [ -112.4198, 29.3759 ], [ -112.3778, 29.4628 ], [ -112.3778, 29.4857 ], [ -112.3871, 29.4983 ], [ -112.408, 29.5027 ], [ -112.4305, 29.5202 ], [ -112.432, 29.5612 ], [ -112.506, 29.6169 ], [ -112.5359, 29.6882 ], [ -112.5438, 29.6982 ], [ -112.5605, 29.6963 ], [ -112.5802, 29.718 ], [ -112.5958, 29.7713 ], [ -112.6379, 29.8259 ], [ -112.6583, 29.8834 ], [ -112.6695, 29.8976 ], [ -112.6864, 29.9078 ], [ -112.6934, 29.9032 ], [ -112.7093, 29.91 ], [ -112.7296, 29.903 ], [ -112.7463, 29.9105 ], [ -112.7515, 29.9243 ], [ -112.7393, 29.9412 ], [ -112.7445, 29.9588 ], [ -112.7305, 30.0134 ], [ -112.7588, 30.0592 ], [ -112.7532, 30.1859 ], [ -112.7643, 30.2115 ], [ -112.8089, 30.2586 ], [ -112.8288, 30.2692 ], [ -112.8463, 30.2716 ], [ -112.8549, 30.2628 ], [ -112.8608, 30.269 ], [ -112.8486, 30.2885 ], [ -112.8477, 30.3613 ], [ -112.856, 30.4006 ], [ -112.8707, 30.4285 ], [ -112.9154, 30.4751 ], [ -112.9865, 30.5324 ], [ -113.0799, 30.6704 ], [ -113.1139, 30.7812 ], [ -113.1288, 30.8124 ], [ -113.1109, 30.8433 ], [ -113.0974, 30.946 ], [ -113.0999, 30.9792 ], [ -113.1308, 31.0505 ], [ -113.131, 31.065 ], [ -113.1229, 31.0669 ], [ -113.1162, 31.0569 ], [ -113.0898, 30.9931 ], [ -113.0832, 30.9894 ], [ -113.0559, 31.0307 ], [ -113.0487, 31.1567 ], [ -113.0694, 31.1722 ], [ -113.0917, 31.2022 ], [ -113.1169, 31.2176 ], [ -113.1455, 31.2193 ], [ -113.1439, 31.2099 ], [ -113.1167, 31.1976 ], [ -113.121, 31.19 ], [ -113.197, 31.2252 ], [ -113.2086, 31.2484 ], [ -113.222, 31.2604 ], [ -113.2329, 31.288 ], [ -113.276, 31.2783 ], [ -113.2643, 31.2628 ], [ -113.2293, 31.2451 ], [ -113.2414, 31.2412 ], [ -113.5489, 31.2957 ], [ -113.5585, 31.3156 ], [ -113.5854, 31.3232 ], [ -113.6223, 31.3256 ], [ -113.6435, 31.3418 ], [ -113.6369, 31.3476 ], [ -113.6184, 31.3449 ], [ -113.6093, 31.3529 ], [ -113.6358, 31.4349 ], [ -113.6347, 31.4656 ], [ -113.6596, 31.4975 ], [ -113.7136, 31.5319 ], [ -113.7575, 31.5492 ], [ -113.7746, 31.5633 ], [ -113.804, 31.5644 ], [ -113.8757, 31.5967 ], [ -113.8849, 31.6147 ], [ -113.9395, 31.6004 ], [ -113.9578, 31.616 ], [ -113.9625, 31.6552 ], [ -113.9777, 31.6631 ], [ -113.9811, 31.5867 ], [ -113.974, 31.5791 ], [ -113.96, 31.5799 ], [ -113.951, 31.568 ], [ -113.9629, 31.5629 ], [ -113.9797, 31.5452 ], [ -113.9828, 31.5323 ], [ -114.0053, 31.5255 ], [ -114.0289, 31.4915 ], [ -114.159, 31.4945 ], [ -114.2089, 31.5123 ], [ -114.232, 31.5305 ], [ -114.2878, 31.5524 ], [ -114.3247, 31.5826 ], [ -114.3275, 31.5947 ], [ -114.4321, 31.6463 ], [ -114.4481, 31.6489 ], [ -114.4612, 31.6673 ], [ -114.4943, 31.6774 ], [ -114.5847, 31.7608 ], [ -114.6039, 31.7653 ], [ -114.6868, 31.7655 ], [ -114.7175, 31.7922 ], [ -114.747, 31.81 ], [ -114.8035, 31.8195 ], [ -114.8426, 31.8615 ], [ -114.8757, 31.873 ], [ -114.9338, 31.9089 ], [ -114.9913, 31.9248 ], [ -115.0121, 31.9368 ], [ -115.0211, 31.9656 ], [ -115.0294, 31.9709 ], [ -115.0352, 31.9661 ], [ -115.0306, 31.9421 ], [ -115.012, 31.9147 ], [ -114.9513, 31.8945 ], [ -114.9134, 31.8611 ], [ -114.889, 31.8563 ], [ -114.87, 31.8399 ], [ -114.8494, 31.8061 ], [ -114.835, 31.8019 ], [ -114.828, 31.7898 ], [ -114.816, 31.7191 ], [ -114.7806, 31.6558 ], [ -114.7886, 31.6362 ], [ -114.824, 31.6004 ], [ -114.8411, 31.5668 ], [ -114.8529, 31.5266 ], [ -114.8523, 31.3894 ], [ -114.8752, 31.3287 ], [ -114.8726, 31.2727 ], [ -114.8887, 31.1629 ], [ -114.884, 31.1207 ], [ -114.8639, 31.0897 ], [ -114.8135, 31.05 ], [ -114.8149, 31.0428 ], [ -114.8329, 31.0274 ], [ -114.8324, 31.0067 ], [ -114.8218, 30.989 ], [ -114.8035, 30.9766 ], [ -114.7203, 30.9411 ], [ -114.7105, 30.9184 ], [ -114.7046, 30.8585 ], [ -114.7092, 30.8441 ], [ -114.6969, 30.82 ], [ -114.7006, 30.7748 ], [ -114.6872, 30.745 ], [ -114.7055, 30.7117 ], [ -114.6919, 30.671 ], [ -114.6985, 30.6372 ], [ -114.6843, 30.6068 ], [ -114.6496, 30.5546 ], [ -114.6453, 30.5241 ], [ -114.6306, 30.4949 ], [ -114.6302, 30.4806 ], [ -114.6381, 30.4633 ], [ -114.6366, 30.4418 ], [ -114.6295, 30.4248 ], [ -114.6406, 30.3752 ], [ -114.6353, 30.3646 ], [ -114.6527, 30.2883 ], [ -114.6509, 30.277 ], [ -114.6401, 30.2638 ], [ -114.6553, 30.2134 ], [ -114.6657, 30.1996 ], [ -114.6603, 30.1833 ], [ -114.6307, 30.1445 ], [ -114.6246, 30.1175 ], [ -114.6045, 30.1107 ], [ -114.5966, 30.0895 ], [ -114.5804, 30.0726 ], [ -114.5814, 30.0511 ], [ -114.5581, 30.0176 ], [ -114.5331, 29.968 ], [ -114.4813, 29.9473 ], [ -114.4727, 29.919 ], [ -114.4593, 29.9101 ], [ -114.4277, 29.9073 ], [ -114.4088, 29.8809 ], [ -114.4151, 29.8548 ], [ -114.3963, 29.8272 ], [ -114.4032, 29.8268 ], [ -114.4094, 29.8154 ], [ -114.3983, 29.8097 ], [ -114.3922, 29.783 ], [ -114.3813, 29.7745 ], [ -114.3533, 29.768 ], [ -114.3395, 29.7447 ], [ -114.3225, 29.7411 ], [ -114.297, 29.7424 ], [ -114.2888, 29.7483 ], [ -114.2861, 29.7566 ], [ -114.2923, 29.7571 ], [ -114.2929, 29.7666 ], [ -114.2855, 29.7657 ], [ -114.2805, 29.7721 ], [ -114.2712, 29.7721 ], [ -114.2576, 29.7604 ], [ -114.2435, 29.763 ], [ -114.2277, 29.75 ], [ -114.2085, 29.7448 ], [ -114.1962, 29.7219 ], [ -114.1649, 29.7002 ], [ -114.1578, 29.6904 ], [ -114.1504, 29.694 ], [ -114.1426, 29.6907 ], [ -114.132, 29.6709 ], [ -114.1266, 29.6704 ], [ -114.1112, 29.6531 ], [ -114.0627, 29.6293 ], [ -114.0463, 29.5964 ], [ -114.0304, 29.5932 ], [ -114.0149, 29.578 ], [ -113.9943, 29.577 ], [ -113.8975, 29.4856 ], [ -113.865, 29.4637 ], [ -113.8387, 29.4566 ], [ -113.8319, 29.4502 ], [ -113.8327, 29.4352 ], [ -113.7709, 29.4078 ], [ -113.6808, 29.316 ], [ -113.6363, 29.2822 ], [ -113.6316, 29.264 ], [ -113.6231, 29.2527 ], [ -113.6566, 29.2184 ], [ -113.6553, 29.2073 ], [ -113.6383, 29.1986 ], [ -113.6414, 29.1838 ], [ -113.6322, 29.1737 ], [ -113.6285, 29.1753 ], [ -113.6244, 29.1624 ], [ -113.6084, 29.1634 ], [ -113.6021, 29.1409 ], [ -113.5911, 29.1291 ], [ -113.5794, 29.1264 ], [ -113.5709, 29.1152 ], [ -113.5643, 29.0916 ], [ -113.5359, 29.0514 ], [ -113.5396, 29.0396 ], [ -113.55, 29.0386 ], [ -113.5617, 29.0237 ], [ -113.5636, 29.014 ], [ -113.5619, 29.0001 ], [ -113.5497, 28.9932 ], [ -113.545, 28.9755 ], [ -113.5469, 28.959 ], [ -113.5555, 28.9553 ], [ -113.5579, 28.9483 ], [ -113.5339, 28.9066 ], [ -113.526, 28.9012 ], [ -113.5249, 28.8916 ], [ -113.5048, 28.8893 ], [ -113.4815, 28.8934 ], [ -113.4722, 28.9152 ], [ -113.488, 28.9303 ], [ -113.4806, 28.9334 ], [ -113.483, 28.9393 ], [ -113.4787, 28.9462 ], [ -113.4501, 28.9423 ], [ -113.4347, 28.9599 ], [ -113.4262, 28.9491 ], [ -113.4288, 28.9347 ], [ -113.4131, 28.9223 ], [ -113.4056, 28.933 ], [ -113.3879, 28.9398 ], [ -113.383, 28.9355 ], [ -113.391, 28.9286 ], [ -113.3942, 28.9131 ], [ -113.3674, 28.9071 ], [ -113.3681, 28.9018 ], [ -113.3791, 28.9002 ], [ -113.3804, 28.8933 ], [ -113.3683, 28.8777 ], [ -113.3592, 28.8739 ], [ -113.366, 28.8687 ], [ -113.3706, 28.8372 ], [ -113.3653, 28.8238 ], [ -113.3518, 28.8184 ], [ -113.3545, 28.8003 ], [ -113.31, 28.8021 ], [ -113.2854, 28.8259 ], [ -113.2604, 28.8401 ], [ -113.2341, 28.8356 ], [ -113.2203, 28.8248 ], [ -113.2142, 28.8173 ], [ -113.2118, 28.8029 ], [ -113.196, 28.7921 ], [ -113.1999, 28.7798 ], [ -113.1914, 28.7728 ], [ -113.1904, 28.7595 ], [ -113.1942, 28.744 ], [ -113.182, 28.7157 ], [ -113.1759, 28.7135 ], [ -113.156, 28.6576 ], [ -113.1324, 28.6413 ], [ -113.127, 28.6279 ], [ -113.1316, 28.6046 ], [ -113.1117, 28.5457 ], [ -113.1143, 28.5281 ], [ -113.103, 28.5046 ], [ -113.0825, 28.4932 ], [ -113.0807, 28.4868 ], [ -113.0396, 28.4762 ], [ -113.0361, 28.4666 ], [ -113.0016, 28.4556 ], [ -112.9713, 28.4563 ], [ -112.9024, 28.4753 ], [ -112.8856, 28.4634 ], [ -112.8869, 28.456 ], [ -112.876, 28.4505 ], [ -112.8799, 28.4346 ], [ -112.8678, 28.4323 ], [ -112.8579, 28.4412 ], [ -112.8463, 28.4411 ], [ -112.8447, 28.4224 ], [ -112.8584, 28.4038 ], [ -112.8495, 28.3823 ], [ -112.8703, 28.3308 ], [ -112.8743, 28.3079 ], [ -112.8689, 28.2997 ], [ -112.8721, 28.2837 ], [ -112.8531, 28.26 ], [ -112.8392, 28.2524 ], [ -112.8378, 28.2436 ], [ -112.8003, 28.2037 ], [ -112.7865, 28.1961 ], [ -112.7938, 28.1903 ], [ -112.8039, 28.1626 ], [ -112.8118, 28.1205 ], [ -112.8014, 28.0858 ], [ -112.7912, 28.0782 ], [ -112.7896, 28.0675 ], [ -112.8037, 28.0457 ], [ -112.8054, 28.032 ], [ -112.7994, 28.0174 ], [ -112.7857, 28.0029 ], [ -112.7604, 27.9978 ], [ -112.7566, 27.9684 ], [ -112.7661, 27.9381 ], [ -112.7619, 27.8937 ], [ -112.7668, 27.8906 ], [ -112.7732, 27.8639 ], [ -112.7386, 27.8296 ], [ -112.7254, 27.8225 ], [ -112.7242, 27.8273 ], [ -112.7194, 27.8262 ], [ -112.713, 27.8063 ], [ -112.7151, 27.7839 ], [ -112.7056, 27.7774 ], [ -112.7088, 27.7673 ], [ -112.7035, 27.755 ], [ -112.6703, 27.7177 ], [ -112.6578, 27.7085 ], [ -112.6433, 27.7105 ], [ -112.6232, 27.6873 ], [ -112.6211, 27.6781 ], [ -112.5996, 27.6666 ], [ -112.598, 27.6543 ], [ -112.5667, 27.6414 ], [ -112.5283, 27.6367 ], [ -112.4852, 27.62 ], [ -112.4561, 27.5978 ], [ -112.4183, 27.5899 ], [ -112.3731, 27.5641 ], [ -112.3547, 27.5473 ], [ -112.3532, 27.5339 ], [ -112.333, 27.5166 ], [ -112.3238, 27.4946 ], [ -112.3206, 27.4438 ], [ -112.299, 27.4051 ], [ -112.3019, 27.3929 ], [ -112.2973, 27.3811 ], [ -112.287, 27.3658 ], [ -112.2708, 27.3576 ], [ -112.258, 27.3306 ], [ -112.2417, 27.3266 ], [ -112.2302, 27.2911 ], [ -112.2177, 27.2834 ], [ -112.207, 27.2611 ], [ -112.1956, 27.2501 ], [ -112.2128, 27.2105 ], [ -112.1944, 27.199 ], [ -112.1649, 27.1668 ], [ -112.134, 27.1601 ], [ -112.1145, 27.1421 ], [ -112.0889, 27.1316 ], [ -112.0679, 27.1339 ], [ -112.0543, 27.124 ], [ -112.0112, 27.1168 ], [ -111.9936, 27.0962 ], [ -111.9504, 27.0933 ], [ -111.9517, 27.0853 ], [ -111.9443, 27.0696 ], [ -111.9576, 27.0645 ], [ -111.9702, 27.068 ], [ -112.0031, 27.0357 ], [ -112.012, 27.0145 ], [ -112.0172, 26.9785 ], [ -112.0015, 26.9522 ], [ -111.9739, 26.9369 ], [ -111.9574, 26.911 ], [ -111.9518, 26.8922 ], [ -111.9156, 26.8782 ], [ -111.91, 26.8589 ], [ -111.8707, 26.8281 ], [ -111.8614, 26.7838 ], [ -111.8724, 26.7765 ], [ -111.8776, 26.7563 ], [ -111.8902, 26.7629 ], [ -111.9052, 26.7343 ], [ -111.9001, 26.7146 ], [ -111.886, 26.7112 ], [ -111.8635, 26.6931 ], [ -111.8531, 26.6773 ], [ -111.8431, 26.6452 ], [ -111.8246, 26.6399 ], [ -111.7982, 26.6126 ], [ -111.7843, 26.5718 ], [ -111.7358, 26.5397 ], [ -111.6768, 26.5819 ], [ -111.6801, 26.5937 ], [ -111.7146, 26.6297 ], [ -111.7571, 26.6594 ], [ -111.7669, 26.6762 ], [ -111.7941, 26.6901 ], [ -111.8074, 26.7155 ], [ -111.8146, 26.7146 ], [ -111.8167, 26.7665 ], [ -111.8287, 26.8083 ], [ -111.8236, 26.8205 ], [ -111.8369, 26.8346 ], [ -111.8514, 26.8803 ], [ -111.834, 26.8832 ], [ -111.8181, 26.8962 ], [ -111.7951, 26.884 ], [ -111.7924, 26.8754 ], [ -111.7452, 26.8441 ], [ -111.7211, 26.8063 ], [ -111.6801, 26.7788 ], [ -111.6673, 26.7806 ], [ -111.6478, 26.7465 ], [ -111.6259, 26.7397 ], [ -111.6231, 26.7332 ], [ -111.6083, 26.7265 ], [ -111.6084, 26.7211 ], [ -111.5723, 26.7076 ], [ -111.5701, 26.7007 ], [ -111.5601, 26.6957 ], [ -111.5691, 26.5762 ], [ -111.5648, 26.558 ], [ -111.5489, 26.5486 ], [ -111.4824, 26.5285 ], [ -111.4728, 26.5358 ], [ -111.4602, 26.5377 ], [ -111.461, 26.5297 ], [ -111.4422, 26.5175 ], [ -111.4545, 26.5055 ], [ -111.4557, 26.4864 ], [ -111.4682, 26.4664 ], [ -111.4689, 26.4195 ], [ -111.4616, 26.4001 ], [ -111.4238, 26.3772 ], [ -111.4228, 26.3718 ], [ -111.4331, 26.368 ], [ -111.4324, 26.3609 ], [ -111.423, 26.3504 ], [ -111.4064, 26.3444 ], [ -111.3937, 26.33 ], [ -111.3819, 26.2771 ], [ -111.3932, 26.278 ], [ -111.3974, 26.2522 ], [ -111.3882, 26.2427 ], [ -111.3758, 26.2125 ], [ -111.3797, 26.2001 ], [ -111.3757, 26.1835 ], [ -111.3645, 26.1761 ], [ -111.3587, 26.1626 ], [ -111.3592, 26.1438 ], [ -111.3509, 26.1263 ], [ -111.3418, 26.1104 ], [ -111.322, 26.0982 ], [ -111.3195, 26.0636 ], [ -111.3449, 26.0288 ], [ -111.3375, 26.0129 ], [ -111.3373, 25.9877 ], [ -111.3603, 25.9641 ], [ -111.3494, 25.9261 ], [ -111.3358, 25.8994 ], [ -111.3325, 25.8849 ], [ -111.3389, 25.8731 ], [ -111.3339, 25.8659 ], [ -111.331, 25.8374 ], [ -111.3234, 25.8326 ], [ -111.3157, 25.8362 ], [ -111.2919, 25.8123 ], [ -111.3011, 25.8079 ], [ -111.3069, 25.8174 ], [ -111.3154, 25.82 ], [ -111.3071, 25.7792 ], [ -111.2783, 25.7507 ], [ -111.2556, 25.7417 ], [ -111.2443, 25.7233 ], [ -111.2366, 25.7198 ], [ -111.225, 25.7244 ], [ -111.2125, 25.7016 ], [ -111.2123, 25.6827 ], [ -111.2004, 25.654 ], [ -111.1917, 25.6148 ], [ -111.1724, 25.595 ], [ -111.164, 25.5733 ], [ -111.1457, 25.5662 ], [ -111.1378, 25.5443 ], [ -111.1239, 25.5303 ], [ -111.1138, 25.5257 ], [ -111.0998, 25.5294 ], [ -111.0766, 25.5248 ], [ -111.0695, 25.5324 ], [ -111.0719, 25.5173 ], [ -111.0634, 25.5152 ], [ -111.0542, 25.5209 ], [ -111.0417, 25.5161 ], [ -111.0355, 25.5208 ], [ -111.0193, 25.5152 ], [ -111.0146, 25.5059 ], [ -111.0222, 25.4987 ], [ -111.0147, 25.4775 ], [ -111.0205, 25.4729 ], [ -111.0192, 25.4617 ], [ -111.0263, 25.4586 ], [ -111.0254, 25.4472 ], [ -111.0134, 25.424 ], [ -111.0038, 25.4167 ], [ -111.0009, 25.3927 ], [ -110.9823, 25.3594 ], [ -110.9795, 25.3424 ], [ -110.9558, 25.3284 ], [ -110.9566, 25.3227 ], [ -110.9435, 25.3076 ], [ -110.9475, 25.298 ], [ -110.9343, 25.2911 ], [ -110.9385, 25.2842 ], [ -110.9347, 25.2778 ], [ -110.9425, 25.2736 ], [ -110.9473, 25.2618 ], [ -110.9385, 25.2458 ], [ -110.94, 25.2343 ], [ -110.932, 25.2153 ], [ -110.9228, 25.2103 ], [ -110.9061, 25.1822 ], [ -110.9127, 25.1779 ], [ -110.9045, 25.143 ], [ -110.8742, 25.119 ], [ -110.8616, 25.0792 ], [ -110.8236, 25.0583 ], [ -110.8267, 25.048 ], [ -110.8142, 25.0332 ], [ -110.7945, 25.0306 ], [ -110.7905, 25.0368 ], [ -110.7578, 25.0122 ], [ -110.7583, 24.9972 ], [ -110.7511, 24.9937 ], [ -110.7472, 24.9638 ], [ -110.7182, 24.9301 ], [ -110.7192, 24.9242 ], [ -110.7054, 24.921 ], [ -110.6986, 24.9145 ], [ -110.7085, 24.9088 ], [ -110.6839, 24.883 ], [ -110.688, 24.875 ], [ -110.6829, 24.8654 ], [ -110.6843, 24.8571 ], [ -110.6747, 24.8431 ], [ -110.6737, 24.8298 ], [ -110.6642, 24.811 ], [ -110.657, 24.8069 ], [ -110.6645, 24.7647 ], [ -110.6872, 24.7307 ], [ -110.691, 24.7192 ], [ -110.6884, 24.7102 ], [ -110.694, 24.6999 ], [ -110.7091, 24.6976 ], [ -110.7235, 24.6812 ], [ -110.7393, 24.6213 ], [ -110.7398, 24.5882 ], [ -110.7326, 24.5607 ], [ -110.7386, 24.5546 ], [ -110.7289, 24.516 ], [ -110.6872, 24.466 ], [ -110.6844, 24.4443 ], [ -110.6921, 24.4355 ], [ -110.6887, 24.4155 ], [ -110.6936, 24.4077 ], [ -110.6815, 24.3906 ], [ -110.6835, 24.3817 ], [ -110.6786, 24.3732 ], [ -110.6818, 24.3607 ], [ -110.6537, 24.3231 ], [ -110.6384, 24.3149 ], [ -110.6415, 24.3092 ], [ -110.6151, 24.2691 ], [ -110.6099, 24.2537 ], [ -110.581, 24.2403 ], [ -110.5769, 24.2255 ], [ -110.565, 24.2199 ], [ -110.5624, 24.2125 ], [ -110.5116, 24.1957 ], [ -110.4021, 24.1755 ], [ -110.3252, 24.1757 ], [ -110.3378, 24.1608 ], [ -110.3693, 24.1497 ], [ -110.4038, 24.1675 ], [ -110.4324, 24.1736 ], [ -110.4338, 24.1679 ], [ -110.4254, 24.1603 ], [ -110.4294, 24.1452 ], [ -110.4173, 24.128 ], [ -110.4228, 24.1203 ], [ -110.4168, 24.1086 ], [ -110.3927, 24.1062 ], [ -110.3706, 24.1135 ], [ -110.3609, 24.1111 ], [ -110.3504, 24.1145 ], [ -110.3472, 24.1396 ], [ -110.3061, 24.1767 ], [ -110.3008, 24.217 ], [ -110.3122, 24.2184 ], [ -110.3099, 24.2373 ], [ -110.3246, 24.245 ], [ -110.3221, 24.2655 ], [ -110.3278, 24.2677 ], [ -110.3299, 24.2573 ], [ -110.3363, 24.2559 ], [ -110.339, 24.2749 ], [ -110.3347, 24.2811 ], [ -110.3386, 24.2869 ], [ -110.3342, 24.2963 ], [ -110.3393, 24.3159 ], [ -110.3248, 24.316 ], [ -110.3212, 24.3206 ], [ -110.3325, 24.3288 ], [ -110.3236, 24.3354 ], [ -110.3091, 24.3376 ], [ -110.297, 24.3519 ], [ -110.2499, 24.3458 ], [ -110.2462, 24.3504 ], [ -110.2326, 24.3432 ], [ -110.2288, 24.3357 ], [ -110.2354, 24.3322 ], [ -110.2364, 24.3202 ], [ -110.1922, 24.2904 ], [ -110.1728, 24.253 ], [ -110.146, 24.2459 ], [ -110.1259, 24.2279 ], [ -110.0872, 24.2158 ], [ -110.0734, 24.201 ], [ -110.0626, 24.1981 ], [ -110.0589, 24.1906 ], [ -110.0181, 24.1693 ], [ -110.007, 24.1588 ], [ -109.9966, 24.1286 ], [ -109.9983, 24.1154 ], [ -109.9939, 24.1107 ], [ -109.9877, 24.0463 ], [ -109.9742, 24.0386 ], [ -109.9529, 24.0379 ], [ -109.9314, 24.0293 ], [ -109.8903, 24.0375 ], [ -109.8283, 24.0628 ], [ -109.8218, 24.0379 ], [ -109.8034, 24.0221 ], [ -109.8112, 24.0013 ], [ -109.8331, 23.9857 ], [ -109.8373, 23.9381 ], [ -109.824, 23.9104 ], [ -109.7858, 23.8822 ], [ -109.7728, 23.8776 ], [ -109.7219, 23.8263 ], [ -109.7118, 23.8078 ], [ -109.6984, 23.7984 ], [ -109.7103, 23.7752 ], [ -109.7113, 23.749 ], [ -109.6942, 23.689 ], [ -109.6963, 23.6655 ], [ -109.6798, 23.6482 ], [ -109.6426, 23.6332 ], [ -109.636, 23.6262 ], [ -109.6087, 23.62 ], [ -109.5667, 23.597 ], [ -109.524, 23.5881 ], [ -109.5174, 23.5826 ], [ -109.5144, 23.5705 ], [ -109.468, 23.5551 ], [ -109.468, 23.5481 ], [ -109.4768, 23.539 ], [ -109.4779, 23.5254 ], [ -109.4684, 23.5039 ], [ -109.4263, 23.4585 ], [ -109.4232, 23.4394 ], [ -109.4271, 23.4099 ], [ -109.4143, 23.4059 ], [ -109.4136, 23.3917 ], [ -109.4167, 23.3811 ], [ -109.4286, 23.3744 ], [ -109.4238, 23.3352 ], [ -109.4256, 23.2972 ], [ -109.4377, 23.2813 ], [ -109.4377, 23.2404 ], [ -109.4538, 23.2023 ], [ -109.4942, 23.1517 ], [ -109.5049, 23.1449 ], [ -109.5162, 23.1253 ], [ -109.5259, 23.1216 ], [ -109.5317, 23.1082 ], [ -109.5661, 23.095 ], [ -109.5771, 23.0817 ], [ -109.6076, 23.0812 ], [ -109.6721, 23.0561 ], [ -109.7132, 23.0311 ], [ -109.7172, 23.0168 ], [ -109.7124, 23.0078 ], [ -109.7315, 22.9875 ], [ -109.7586, 22.9845 ], [ -109.8034, 22.9561 ], [ -109.806, 22.9361 ], [ -109.8511, 22.9 ], [ -109.885, 22.8972 ], [ -109.9017, 22.8897 ], [ -109.9029, 22.8817 ], [ -109.8954, 22.8742 ], [ -109.9545, 22.8722 ], [ -109.9784, 22.8818 ], [ -110.0275, 22.9162 ], [ -110.06, 22.9508 ], [ -110.0784, 22.9807 ], [ -110.0899, 23.0109 ], [ -110.0984, 23.0176 ], [ -110.1068, 23.0482 ], [ -110.1076, 23.0755 ], [ -110.1516, 23.2263 ], [ -110.1673, 23.3211 ], [ -110.1857, 23.3401 ], [ -110.216, 23.3938 ], [ -110.2295, 23.4071 ], [ -110.2346, 23.4261 ], [ -110.2668, 23.4783 ], [ -110.2778, 23.4882 ], [ -110.3074, 23.541 ], [ -110.3539, 23.5808 ], [ -110.4044, 23.6086 ], [ -110.5773, 23.6816 ], [ -110.6475, 23.7339 ], [ -110.7533, 23.8391 ], [ -110.8158, 23.9087 ], [ -110.8516, 23.9404 ], [ -110.8809, 23.9537 ], [ -110.8833, 23.9665 ], [ -110.9317, 24.015 ], [ -111.01, 24.0714 ], [ -111.0166, 24.0852 ], [ -111.0397, 24.1042 ], [ -111.1077, 24.1474 ], [ -111.1742, 24.181 ], [ -111.2274, 24.2175 ], [ -111.4444, 24.3244 ], [ -111.4496, 24.3301 ], [ -111.3597, 24.2903 ], [ -111.3744, 24.3059 ], [ -111.4607, 24.3432 ], [ -111.4781, 24.3548 ], [ -111.4864, 24.3742 ], [ -111.5226, 24.4046 ], [ -111.5417, 24.4155 ], [ -111.5654, 24.4192 ], [ -111.5956, 24.4422 ], [ -111.6194, 24.4731 ], [ -111.6291, 24.5085 ], [ -111.6535, 24.5522 ], [ -111.6343, 24.5478 ], [ -111.679, 24.5863 ], [ -111.6956, 24.5871 ], [ -111.6952, 24.5715 ], [ -111.6859, 24.5569 ], [ -111.6988, 24.5356 ], [ -111.726, 24.5393 ], [ -111.7372, 24.5467 ], [ -111.7655, 24.5385 ], [ -111.8031, 24.5465 ], [ -111.7617, 24.5152 ], [ -111.7811, 24.5124 ], [ -111.7915, 24.5174 ], [ -111.8129, 24.5059 ], [ -111.8197, 24.5164 ], [ -111.821, 24.534 ], [ -111.8149, 24.5699 ], [ -111.8489, 24.6537 ], [ -111.9416, 24.7442 ], [ -111.9382, 24.7483 ], [ -111.916, 24.7335 ], [ -111.9122, 24.7366 ], [ -111.9129, 24.7438 ], [ -111.9329, 24.7562 ], [ -111.9681, 24.7944 ], [ -111.9847, 24.8472 ], [ -111.9957, 24.8658 ], [ -112.0084, 24.8746 ], [ -111.9877, 24.7967 ], [ -111.9667, 24.7783 ], [ -111.9884, 24.7647 ], [ -111.9667, 24.7442 ], [ -111.9836, 24.7428 ], [ -111.9947, 24.7579 ], [ -112.0116, 24.7394 ], [ -112.0253, 24.7556 ], [ -112.0431, 24.8057 ], [ -112.0293, 24.8202 ], [ -112.0356, 24.8404 ], [ -112.0513, 24.8301 ], [ -112.0545, 24.8171 ], [ -112.0431, 24.7535 ], [ -112.0636, 24.7517 ], [ -112.088, 24.7734 ], [ -112.0977, 24.8057 ], [ -112.0977, 24.8466 ], [ -112.1169, 24.8571 ], [ -112.1242, 24.874 ], [ -112.0902, 24.9012 ], [ -112.1039, 24.9322 ], [ -112.1035, 24.9404 ], [ -112.0824, 24.9603 ], [ -112.0937, 24.9802 ], [ -112.0969, 24.9996 ], [ -112.1042, 25.0079 ], [ -112.1104, 25.0026 ], [ -112.1202, 24.9881 ], [ -112.1196, 24.9706 ], [ -112.1373, 24.9461 ], [ -112.123, 24.9093 ], [ -112.1449, 24.8741 ], [ -112.1558, 24.8754 ], [ -112.1609, 24.8933 ], [ -112.1539, 24.9318 ], [ -112.1622, 24.9391 ], [ -112.1658, 24.9539 ], [ -112.1603, 24.9595 ], [ -112.1472, 24.9611 ], [ -112.1418, 24.9704 ], [ -112.149, 24.9796 ], [ -112.1307, 25.0093 ], [ -112.1234, 25.0383 ], [ -112.1281, 25.0464 ], [ -112.1208, 25.0622 ], [ -112.1222, 25.0734 ], [ -112.1324, 25.0734 ], [ -112.1327, 25.08 ], [ -112.1425, 25.086 ], [ -112.1355, 25.1107 ], [ -112.1402, 25.1259 ], [ -112.1384, 25.1443 ], [ -112.1306, 25.172 ], [ -112.1177, 25.1994 ], [ -112.0841, 25.2436 ], [ -112.0779, 25.2587 ], [ -112.0742, 25.3727 ], [ -112.0862, 25.3777 ], [ -112.0869, 25.3906 ], [ -112.081, 25.4077 ], [ -112.0726, 25.4166 ], [ -112.0707, 25.4413 ], [ -112.0831, 25.444 ], [ -112.0743, 25.4565 ], [ -112.0308, 25.4736 ], [ -112.0425, 25.4776 ], [ -112.0794, 25.4711 ], [ -112.0845, 25.481 ], [ -112.0626, 25.4947 ], [ -112.0721, 25.5713 ], [ -112.0647, 25.5917 ], [ -112.0631, 25.6253 ], [ -112.076, 25.7134 ], [ -112.0814, 25.7207 ], [ -112.0895, 25.7154 ], [ -112.087, 25.5932 ], [ -112.0964, 25.5107 ], [ -112.1041, 25.5042 ], [ -112.0998, 25.5952 ], [ -112.1019, 25.728 ], [ -112.1087, 25.7841 ], [ -112.131, 25.8165 ], [ -112.1396, 25.8575 ], [ -112.1597, 25.8905 ], [ -112.1789, 25.9552 ], [ -112.1983, 25.9951 ], [ -112.2202, 26.0153 ], [ -112.2385, 26.0408 ], [ -112.2641, 26.0541 ], [ -112.2929, 26.0497 ], [ -112.3087, 26.0698 ], [ -112.3212, 26.131 ], [ -112.3435, 26.1781 ], [ -112.3791, 26.2203 ], [ -112.4027, 26.2402 ], [ -112.453, 26.2629 ], [ -112.4653, 26.2581 ], [ -112.4813, 26.2381 ], [ -112.4983, 26.235 ], [ -112.5568, 26.2724 ], [ -112.5546, 26.2909 ], [ -112.56, 26.3011 ], [ -112.5902, 26.2878 ], [ -112.6049, 26.298 ], [ -112.6171, 26.3197 ], [ -112.6891, 26.3227 ], [ -112.7284, 26.3702 ], [ -112.8304, 26.4353 ], [ -112.903, 26.4932 ], [ -112.9534, 26.5185 ], [ -112.9622, 26.5434 ], [ -112.987, 26.5434 ], [ -113.0037, 26.5498 ], [ -113.0607, 26.5991 ], [ -113.057, 26.6502 ], [ -113.1034, 26.7089 ], [ -113.1265, 26.7304 ], [ -113.1431, 26.7577 ], [ -113.1405, 26.7817 ], [ -113.119, 26.7941 ], [ -113.1364, 26.799 ], [ -113.1637, 26.7891 ], [ -113.1703, 26.7651 ], [ -113.196, 26.7602 ], [ -113.1926, 26.7436 ], [ -113.2059, 26.7387 ], [ -113.2158, 26.7445 ], [ -113.2298, 26.7668 ], [ -113.2315, 26.7808 ], [ -113.2381, 26.7866 ], [ -113.2315, 26.7916 ], [ -113.2125, 26.7924 ], [ -113.1811, 26.8148 ], [ -113.1604, 26.8395 ], [ -113.1373, 26.8577 ], [ -113.1246, 26.8863 ], [ -113.1262, 26.9379 ], [ -113.1314, 26.9551 ], [ -113.1457, 26.9701 ], [ -113.1638, 26.9748 ], [ -113.1794, 26.9669 ], [ -113.1925, 26.9451 ], [ -113.1964, 26.8835 ], [ -113.2042, 26.8535 ], [ -113.2324, 26.8293 ], [ -113.2447, 26.8371 ], [ -113.258, 26.8247 ], [ -113.2638, 26.8115 ], [ -113.2654, 26.76 ], [ -113.2705, 26.7525 ], [ -113.2858, 26.7496 ], [ -113.3253, 26.7768 ], [ -113.364, 26.7951 ], [ -113.4196, 26.8058 ], [ -113.471, 26.8046 ], [ -113.5039, 26.7934 ], [ -113.5265, 26.7536 ], [ -113.5423, 26.7421 ], [ -113.543, 26.7192 ], [ -113.5548, 26.7182 ], [ -113.5741, 26.705 ], [ -113.6371, 26.7255 ], [ -113.6658, 26.7694 ], [ -113.7252, 26.8 ], [ -113.7541, 26.8606 ], [ -113.7915, 26.92 ], [ -113.8164, 26.949 ], [ -113.8787, 26.9835 ], [ -113.9099, 26.9923 ], [ -113.9598, 26.998 ], [ -113.9747, 26.9935 ], [ -113.9735, 26.9802 ], [ -113.9939, 26.9718 ], [ -114.0052, 26.9774 ], [ -114.0495, 27.018 ], [ -114.0636, 27.0508 ], [ -114.1144, 27.1055 ], [ -114.182, 27.1396 ], [ -114.2092, 27.1423 ], [ -114.2366, 27.1533 ], [ -114.2741, 27.1489 ], [ -114.2903, 27.1465 ], [ -114.294, 27.1255 ], [ -114.3508, 27.1658 ], [ -114.3951, 27.1829 ], [ -114.4214, 27.1665 ], [ -114.4351, 27.1764 ], [ -114.4283, 27.1881 ], [ -114.4298, 27.2089 ], [ -114.4634, 27.2225 ], [ -114.4759, 27.2177 ], [ -114.4875, 27.2381 ], [ -114.4844, 27.3243 ], [ -114.4916, 27.3627 ], [ -114.5065, 27.4062 ], [ -114.5378, 27.4339 ], [ -114.5633, 27.4486 ], [ -114.5811, 27.4508 ], [ -114.5966, 27.4772 ], [ -114.7158, 27.5219 ], [ -114.7342, 27.5213 ], [ -114.7694, 27.5747 ], [ -114.7817, 27.6028 ], [ -114.8057, 27.621 ], [ -114.8304, 27.6311 ], [ -114.8388, 27.6284 ], [ -114.8449, 27.6161 ], [ -114.8758, 27.6438 ], [ -114.872, 27.6493 ], [ -114.8581, 27.6392 ], [ -114.8489, 27.6406 ], [ -114.8445, 27.6597 ], [ -114.8533, 27.6816 ], [ -114.8616, 27.6899 ], [ -114.8866, 27.6949 ], [ -114.8975, 27.6783 ], [ -114.8998, 27.6641 ], [ -114.9322, 27.6762 ], [ -114.9393, 27.7007 ], [ -114.951, 27.7163 ], [ -114.9887, 27.7269 ], [ -115.0017, 27.7159 ], [ -115.0227, 27.7403 ], [ -115.0336, 27.7593 ], [ -115.0346, 27.7791 ], [ -115.0463, 27.7954 ], [ -115.0529, 27.8221 ], [ -115.0838, 27.8511 ], [ -115.0559, 27.8603 ], [ -115.0415, 27.8568 ], [ -115.0229, 27.8446 ], [ -115.0143, 27.8303 ], [ -114.9665, 27.8265 ], [ -114.9234, 27.8363 ], [ -114.8686, 27.8306 ], [ -114.8478, 27.8252 ], [ -114.84, 27.8123 ], [ -114.8192, 27.809 ], [ -114.7861, 27.8153 ], [ -114.7236, 27.8068 ], [ -114.7189, 27.7966 ], [ -114.709, 27.7918 ], [ -114.6045, 27.7744 ], [ -114.5306, 27.7876 ], [ -114.4991, 27.7741 ], [ -114.4329, 27.8003 ], [ -114.3651, 27.8508 ], [ -114.3253, 27.8747 ], [ -114.3163, 27.8747 ], [ -114.2981, 27.8681 ], [ -114.2906, 27.8334 ], [ -114.3122, 27.7797 ], [ -114.2824, 27.7358 ], [ -114.2617, 27.7268 ], [ -114.2402, 27.706 ], [ -114.2237, 27.697 ], [ -114.1956, 27.692 ], [ -114.1509, 27.6697 ], [ -114.1195, 27.6358 ], [ -114.1204, 27.6259 ], [ -114.1029, 27.6209 ], [ -114.1029, 27.6019 ], [ -114.0823, 27.6142 ], [ -114.074, 27.6291 ], [ -114.0476, 27.6531 ], [ -114.0434, 27.668 ], [ -114.05, 27.6738 ], [ -114.0575, 27.6697 ], [ -114.0649, 27.6829 ], [ -114.0782, 27.6804 ], [ -114.0798, 27.6862 ], [ -114.0749, 27.6904 ], [ -114.055, 27.6945 ], [ -114.0426, 27.6796 ], [ -114.0302, 27.6829 ], [ -114.0211, 27.6796 ], [ -114.0203, 27.6713 ], [ -114.012, 27.6655 ], [ -113.9947, 27.6589 ], [ -113.9533, 27.6557 ], [ -113.931, 27.6879 ], [ -113.9178, 27.697 ], [ -113.9145, 27.7102 ], [ -113.9186, 27.7193 ], [ -113.974, 27.7449 ], [ -113.9757, 27.7524 ], [ -113.9831, 27.7573 ], [ -113.9938, 27.7499 ], [ -114.0253, 27.7499 ], [ -114.0592, 27.8012 ], [ -114.0666, 27.8037 ], [ -114.0691, 27.7995 ], [ -114.0567, 27.7755 ], [ -114.0575, 27.7648 ], [ -114.0492, 27.7598 ], [ -114.0385, 27.7392 ], [ -114.0418, 27.7325 ], [ -114.0492, 27.7325 ], [ -114.0517, 27.7201 ], [ -114.0724, 27.7251 ], [ -114.1046, 27.7077 ], [ -114.1253, 27.7143 ], [ -114.141, 27.7309 ], [ -114.146, 27.7557 ], [ -114.1724, 27.7888 ], [ -114.1749, 27.8161 ], [ -114.1732, 27.8268 ], [ -114.1344, 27.8772 ], [ -114.1311, 27.8888 ], [ -114.1509, 27.8987 ], [ -114.1369, 27.9062 ], [ -114.1352, 27.9119 ], [ -114.1584, 27.9301 ], [ -114.1534, 27.945 ], [ -114.1683, 27.9508 ], [ -114.1774, 27.9459 ], [ -114.1824, 27.931 ], [ -114.2088, 27.9177 ], [ -114.2204, 27.9194 ], [ -114.2394, 27.9119 ], [ -114.2567, 27.8921 ], [ -114.2677, 27.8869 ], [ -114.2765, 27.9011 ], [ -114.2705, 27.9297 ], [ -114.2617, 27.9442 ], [ -114.2336, 27.9682 ], [ -114.1344, 28.0839 ], [ -114.1199, 28.0859 ], [ -114.1138, 28.0604 ], [ -114.1172, 28.0432 ], [ -114.1461, 28.0218 ], [ -114.1508, 28.0046 ], [ -114.1306, 27.9719 ], [ -114.13, 27.9612 ], [ -114.1064, 27.928 ], [ -114.0916, 27.9761 ], [ -114.0956, 27.9963 ], [ -114.1071, 28.0135 ], [ -114.1179, 28.0111 ], [ -114.1232, 28.0165 ], [ -114.1212, 28.023 ], [ -114.1084, 28.0307 ], [ -114.0943, 28.0242 ], [ -114.068, 27.9957 ], [ -114.0397, 28.0277 ], [ -114.0377, 28.0372 ], [ -114.0579, 28.042 ], [ -114.07, 28.0551 ], [ -114.0997, 28.0551 ], [ -114.1017, 28.099 ], [ -114.1131, 28.1204 ], [ -114.0699, 28.1936 ], [ -114.0575, 28.2063 ], [ -114.0699, 28.2394 ], [ -114.0782, 28.2468 ], [ -114.0889, 28.2468 ], [ -114.0988, 28.2387 ], [ -114.1099, 28.2418 ], [ -114.1249, 28.2557 ], [ -114.0812, 28.343 ], [ -114.0426, 28.4584 ], [ -114.0509, 28.4742 ], [ -114.0715, 28.4869 ], [ -114.0682, 28.518 ], [ -114.0773, 28.5238 ], [ -114.0963, 28.5519 ], [ -114.1104, 28.5618 ], [ -114.148, 28.5608 ], [ -114.1601, 28.5662 ], [ -114.155, 28.601 ], [ -114.1573, 28.6257 ], [ -114.1749, 28.6577 ], [ -114.184, 28.6619 ], [ -114.2353, 28.6601 ], [ -114.2462, 28.6533 ], [ -114.2718, 28.6588 ], [ -114.2731, 28.6731 ], [ -114.2692, 28.6751 ], [ -114.2753, 28.6962 ], [ -114.2983, 28.7038 ], [ -114.3141, 28.7263 ], [ -114.3469, 28.7308 ], [ -114.348, 28.7639 ], [ -114.3614, 28.7778 ], [ -114.362, 28.7951 ], [ -114.3709, 28.8132 ], [ -114.3916, 28.8068 ], [ -114.4073, 28.84 ], [ -114.4023, 28.8602 ], [ -114.4193, 28.8785 ], [ -114.4376, 28.8775 ], [ -114.4399, 28.8946 ], [ -114.4766, 28.9291 ], [ -114.5019, 28.9326 ], [ -114.5299, 28.9255 ], [ -114.5428, 28.9344 ], [ -114.5612, 28.9804 ], [ -114.575, 28.9792 ], [ -114.5916, 28.9654 ], [ -114.6038, 28.9976 ], [ -114.6025, 29.0303 ], [ -114.6314, 29.0945 ], [ -114.689, 29.1131 ], [ -114.7049, 29.0961 ], [ -114.722, 29.1175 ], [ -114.7438, 29.1876 ], [ -114.7523, 29.1928 ], [ -114.7853, 29.1942 ], [ -114.8294, 29.2316 ], [ -114.8795, 29.2877 ], [ -114.972, 29.3778 ], [ -115.1042, 29.4189 ], [ -115.1871, 29.4286 ], [ -115.2323, 29.4901 ], [ -115.2857, 29.5299 ], [ -115.3714, 29.557 ], [ -115.452, 29.6201 ], [ -115.4774, 29.6265 ], [ -115.4986, 29.6114 ], [ -115.5361, 29.6352 ], [ -115.5481, 29.6534 ], [ -115.5726, 29.6687 ], [ -115.5937, 29.6922 ], [ -115.6221, 29.6953 ], [ -115.6976, 29.7558 ], [ -115.6858, 29.8306 ], [ -115.6999, 29.898 ], [ -115.7289, 29.9351 ], [ -115.7443, 29.9475 ], [ -115.7625, 29.9538 ], [ -115.8075, 29.9562 ], [ -115.8112, 29.968 ], [ -115.7904, 30.0381 ], [ -115.7833, 30.0926 ], [ -115.7904, 30.1238 ], [ -115.8041, 30.1514 ], [ -115.7972, 30.1958 ], [ -115.7983, 30.2403 ], [ -115.8073, 30.2841 ], [ -115.8373, 30.3465 ], [ -115.8983, 30.3867 ], [ -115.9329, 30.4002 ], [ -115.9754, 30.4013 ], [ -115.937, 30.4351 ], [ -115.9338, 30.4497 ], [ -115.9547, 30.4796 ], [ -115.9725, 30.4928 ], [ -115.9891, 30.4975 ], [ -115.9633, 30.4587 ], [ -115.9617, 30.4422 ], [ -115.983, 30.432 ], [ -116.0027, 30.4497 ], [ -116.0151, 30.4345 ], [ -116.0146, 30.426 ], [ -115.9964, 30.4105 ], [ -115.9798, 30.3594 ], [ -116.0045, 30.3592 ], [ -116.029, 30.4413 ], [ -116.0493, 30.4796 ], [ -116.0311, 30.6271 ], [ -116.0369, 30.7302 ], [ -116.0579, 30.8025 ], [ -116.068, 30.8132 ], [ -116.1056, 30.8188 ], [ -116.1521, 30.8578 ], [ -116.1758, 30.8601 ], [ -116.2497, 30.9568 ], [ -116.2682, 30.9638 ], [ -116.3073, 30.9541 ], [ -116.3354, 30.9563 ], [ -116.3404, 30.9893 ], [ -116.3261, 31.0274 ], [ -116.3094, 31.1485 ], [ -116.3415, 31.2195 ], [ -116.4541, 31.3385 ], [ -116.5082, 31.4193 ], [ -116.5389, 31.4473 ], [ -116.5959, 31.4779 ], [ -116.6091, 31.5014 ], [ -116.6756, 31.5526 ], [ -116.6811, 31.5663 ], [ -116.6772, 31.5778 ], [ -116.6811, 31.5773 ], [ -116.6676, 31.58 ], [ -116.6445, 31.5795 ], [ -116.6642, 31.6011 ], [ -116.6481, 31.6592 ], [ -116.6685, 31.697 ], [ -116.6902, 31.7082 ], [ -116.7153, 31.711 ], [ -116.7504, 31.7524 ], [ -116.7088, 31.7442 ], [ -116.6788, 31.727 ], [ -116.6613, 31.7234 ], [ -116.6436, 31.7343 ], [ -116.6196, 31.7717 ], [ -116.61, 31.8226 ], [ -116.6118, 31.8429 ], [ -116.6197, 31.8576 ], [ -116.6764, 31.8688 ], [ -116.6947, 31.89 ], [ -116.7188, 31.9012 ], [ -116.7548, 31.9096 ], [ -116.7579, 31.965 ], [ -116.7699, 31.9778 ], [ -116.8039, 31.9787 ], [ -116.8423, 31.9865 ], [ -116.8654, 32.013 ], [ -116.8753, 32.0345 ], [ -116.8869, 32.132 ], [ -116.9227, 32.2194 ], [ -116.9483, 32.247 ], [ -116.9667, 32.2566 ], [ -117.0099, 32.2651 ], [ -117.025, 32.2769 ], [ -117.0886, 32.4049 ], [ -117.1184, 32.4545 ], [ -117.137, 32.6158 ], [ -117.1498, 32.6463 ], [ -117.1664, 32.6695 ], [ -117.1884, 32.6827 ], [ -117.224, 32.6847 ], [ -117.2262, 32.6972 ], [ -117.22, 32.7066 ], [ -117.2058, 32.7134 ], [ -117.191, 32.7137 ], [ -117.1879, 32.7059 ], [ -117.1681, 32.6988 ], [ -117.1642, 32.6838 ], [ -117.1313, 32.631 ], [ -117.1241, 32.6068 ], [ -117.1151, 32.6003 ], [ -117.1034, 32.6068 ], [ -117.1023, 32.6205 ], [ -117.1199, 32.6526 ], [ -117.119, 32.6706 ], [ -117.1332, 32.6898 ], [ -117.1773, 32.715 ], [ -117.1746, 32.7267 ], [ -117.2099, 32.7253 ], [ -117.2378, 32.7072 ], [ -117.2366, 32.6696 ], [ -117.2453, 32.6746 ], [ -117.2553, 32.6914 ], [ -117.2539, 32.7635 ], [ -117.2576, 32.7842 ], [ -117.2836, 32.8377 ], [ -117.2738, 32.8511 ], [ -117.266, 32.847 ], [ -117.2599, 32.8541 ], [ -117.2536, 32.8851 ], [ -117.2748, 32.9935 ], [ -117.286, 33.0239 ], [ -117.2981, 33.0359 ], [ -117.3222, 33.1085 ], [ -117.3619, 33.1659 ], [ -117.5088, 33.3352 ], [ -117.5963, 33.3904 ], [ -117.6544, 33.442 ], [ -117.7352, 33.4848 ], [ -117.7765, 33.5294 ], [ -117.8246, 33.5617 ], [ -117.8803, 33.5929 ], [ -117.9302, 33.6079 ], [ -117.9785, 33.636 ], [ -118.0905, 33.731 ], [ -118.1174, 33.7436 ], [ -118.1526, 33.7588 ], [ -118.1736, 33.7633 ], [ -118.1855, 33.7575 ], [ -118.2072, 33.7638 ], [ -118.1925, 33.7523 ], [ -118.1866, 33.7415 ], [ -118.1852, 33.7324 ], [ -118.1929, 33.7317 ], [ -118.2025, 33.7393 ], [ -118.2027, 33.7466 ], [ -118.2097, 33.7423 ], [ -118.2215, 33.7709 ], [ -118.2546, 33.7654 ], [ -118.2695, 33.7536 ], [ -118.2768, 33.7566 ], [ -118.2738, 33.7503 ], [ -118.2783, 33.7387 ], [ -118.2722, 33.7153 ], [ -118.2824, 33.7162 ], [ -118.2761, 33.7077 ], [ -118.2913, 33.7032 ], [ -118.3548, 33.7263 ], [ -118.3623, 33.7357 ], [ -118.385, 33.7401 ], [ -118.4014, 33.7356 ], [ -118.412, 33.7417 ], [ -118.4276, 33.7737 ], [ -118.4218, 33.7839 ], [ -118.4093, 33.7911 ], [ -118.4086, 33.798 ], [ -118.3957, 33.8057 ], [ -118.3914, 33.8359 ], [ -118.4447, 33.9494 ], [ -118.4827, 33.999 ], [ -118.5441, 34.0389 ], [ -118.5706, 34.0411 ], [ -118.6093, 34.0357 ], [ -118.6666, 34.0389 ], [ -118.6757, 34.0381 ], [ -118.6801, 34.0303 ], [ -118.7484, 34.0319 ], [ -118.7561, 34.0257 ], [ -118.7879, 34.0197 ], [ -118.7937, 34.0073 ], [ -118.807, 33.9994 ], [ -118.8298, 34.0208 ], [ -118.8526, 34.0337 ], [ -118.93, 34.0459 ], [ -118.9368, 34.0432 ], [ -118.9775, 34.0596 ], [ -119.0081, 34.0661 ], [ -119.0383, 34.0836 ], [ -119.0609, 34.0855 ], [ -119.0897, 34.1005 ], [ -119.1198, 34.1061 ], [ -119.1007, 34.099 ], [ -119.1065, 34.0945 ], [ -119.1287, 34.1005 ], [ -119.1937, 34.1417 ], [ -119.2044, 34.1441 ], [ -119.2083, 34.1523 ], [ -119.2171, 34.1455 ], [ -119.2602, 34.2171 ], [ -119.2634, 34.2266 ], [ -119.2589, 34.2334 ], [ -119.2639, 34.2351 ], [ -119.2693, 34.255 ], [ -119.2812, 34.2687 ], [ -119.2899, 34.2746 ], [ -119.3044, 34.2724 ], [ -119.3386, 34.2905 ], [ -119.3709, 34.3197 ], [ -119.3915, 34.3184 ], [ -119.43, 34.3535 ], [ -119.4432, 34.3548 ], [ -119.4602, 34.374 ], [ -119.4778, 34.3726 ], [ -119.4949, 34.384 ], [ -119.5168, 34.3869 ], [ -119.5632, 34.4148 ], [ -119.5759, 34.4119 ], [ -119.6172, 34.4205 ], [ -119.6385, 34.4152 ], [ -119.6781, 34.4144 ], [ -119.7079, 34.3954 ], [ -119.7329, 34.3975 ], [ -119.7876, 34.4172 ], [ -119.832, 34.4163 ], [ -119.841, 34.413 ], [ -119.8444, 34.4039 ], [ -119.8547, 34.4088 ], [ -119.8786, 34.4066 ], [ -119.8904, 34.4191 ], [ -119.9006, 34.4204 ], [ -119.9215, 34.4334 ], [ -119.9571, 34.4359 ], [ -120.01, 34.461 ], [ -120.0914, 34.4588 ], [ -120.1334, 34.4727 ], [ -120.2932, 34.4685 ], [ -120.4443, 34.4512 ], [ -120.4541, 34.4428 ], [ -120.4727, 34.4503 ], [ -120.51, 34.5214 ], [ -120.5779, 34.5535 ], [ -120.6216, 34.5526 ], [ -120.6366, 34.5629 ], [ -120.6478, 34.5857 ], [ -120.6061, 34.6793 ], [ -120.6031, 34.7048 ], [ -120.6402, 34.7585 ], [ -120.6192, 34.8192 ], [ -120.6156, 34.858 ], [ -120.6402, 34.8792 ], [ -120.6446, 34.8951 ], [ -120.655, 34.9012 ], [ -120.6676, 34.8988 ], [ -120.6728, 34.9075 ], [ -120.6337, 35.0351 ], [ -120.6307, 35.0739 ], [ -120.6449, 35.1394 ], [ -120.6586, 35.1505 ], [ -120.679, 35.1531 ], [ -120.7064, 35.1742 ], [ -120.7497, 35.1774 ], [ -120.7556, 35.1719 ], [ -120.7553, 35.1631 ], [ -120.7655, 35.1602 ], [ -120.7908, 35.179 ], [ -120.8498, 35.2029 ], [ -120.8767, 35.2238 ], [ -120.8977, 35.2498 ], [ -120.8956, 35.2735 ], [ -120.8678, 35.3304 ], [ -120.8622, 35.3619 ], [ -120.8538, 35.3475 ], [ -120.8556, 35.3215 ], [ -120.8432, 35.3243 ], [ -120.8421, 35.3317 ], [ -120.8314, 35.3361 ], [ -120.8416, 35.3459 ], [ -120.8521, 35.3671 ], [ -120.8603, 35.3738 ], [ -120.8667, 35.371 ], [ -120.8711, 35.4053 ], [ -120.8873, 35.4329 ], [ -120.9082, 35.4482 ], [ -120.9462, 35.4463 ], [ -120.9635, 35.4567 ], [ -121.0054, 35.4607 ], [ -121.1018, 35.5497 ], [ -121.1309, 35.6007 ], [ -121.1433, 35.605 ], [ -121.1694, 35.6369 ], [ -121.1874, 35.6419 ], [ -121.1931, 35.6396 ], [ -121.195, 35.6323 ], [ -121.2165, 35.6477 ], [ -121.2691, 35.6642 ], [ -121.2883, 35.6648 ], [ -121.2885, 35.6815 ], [ -121.3146, 35.7137 ], [ -121.3231, 35.7646 ], [ -121.3372, 35.7865 ], [ -121.3871, 35.8214 ], [ -121.4089, 35.844 ], [ -121.4133, 35.8547 ], [ -121.4255, 35.8584 ], [ -121.4632, 35.8867 ], [ -121.4627, 35.9037 ], [ -121.4722, 35.9136 ], [ -121.49, 35.9822 ], [ -121.5067, 36.0033 ], [ -121.5667, 36.0201 ], [ -121.5927, 36.0506 ], [ -121.5945, 36.0642 ], [ -121.6182, 36.0844 ], [ -121.6302, 36.1131 ], [ -121.6779, 36.1627 ], [ -121.7291, 36.1981 ], [ -121.7814, 36.2263 ], [ -121.8249, 36.2392 ], [ -121.8356, 36.2492 ], [ -121.8522, 36.2794 ], [ -121.8736, 36.29 ], [ -121.881, 36.2995 ], [ -121.8997, 36.3044 ], [ -121.8936, 36.3386 ], [ -121.9036, 36.3621 ], [ -121.9042, 36.3845 ], [ -121.9144, 36.403 ], [ -121.9153, 36.4232 ], [ -121.9447, 36.4862 ], [ -121.9423, 36.5119 ], [ -121.9569, 36.5176 ], [ -121.9554, 36.5227 ], [ -121.9275, 36.5239 ], [ -121.9356, 36.5442 ], [ -121.9313, 36.5472 ], [ -121.9325, 36.5551 ], [ -121.9346, 36.5612 ], [ -121.9403, 36.5585 ], [ -121.9465, 36.5648 ], [ -121.9539, 36.5596 ], [ -121.9701, 36.5689 ], [ -121.9811, 36.5837 ], [ -121.9672, 36.5852 ], [ -121.9599, 36.6115 ], [ -121.9564, 36.6141 ], [ -121.9503, 36.6099 ], [ -121.9377, 36.6392 ], [ -121.9022, 36.6208 ], [ -121.8874, 36.602 ], [ -121.87, 36.6072 ], [ -121.8379, 36.6356 ], [ -121.8143, 36.6832 ], [ -121.8054, 36.7377 ], [ -121.7637, 36.7221 ], [ -121.7613, 36.7303 ], [ -121.7702, 36.7391 ], [ -121.7837, 36.738 ], [ -121.8032, 36.7505 ], [ -121.7898, 36.8062 ], [ -121.8599, 36.9275 ], [ -121.9056, 36.9691 ], [ -121.9372, 36.9783 ], [ -121.9742, 36.9552 ], [ -122.0212, 36.9627 ], [ -122.0252, 36.951 ], [ -122.0348, 36.9532 ], [ -122.0468, 36.9482 ], [ -122.106, 36.9558 ], [ -122.135, 36.9657 ], [ -122.1422, 36.9753 ], [ -122.1536, 36.9771 ], [ -122.2079, 37.0193 ], [ -122.2221, 37.0243 ], [ -122.2279, 37.0401 ], [ -122.2538, 37.0591 ], [ -122.281, 37.0966 ], [ -122.2977, 37.1112 ], [ -122.3084, 37.1167 ], [ -122.3277, 37.1128 ], [ -122.3393, 37.1186 ], [ -122.3379, 37.1349 ], [ -122.3595, 37.1505 ], [ -122.361, 37.1624 ], [ -122.3694, 37.174 ], [ -122.3834, 37.1823 ], [ -122.3961, 37.1819 ], [ -122.4045, 37.1945 ], [ -122.4184, 37.2523 ], [ -122.4102, 37.2688 ], [ -122.4003, 37.3597 ], [ -122.4087, 37.3642 ], [ -122.4444, 37.4375 ], [ -122.4492, 37.4767 ], [ -122.4632, 37.4966 ], [ -122.4793, 37.5028 ], [ -122.4942, 37.5008 ], [ -122.4993, 37.4931 ], [ -122.5205, 37.5314 ], [ -122.5148, 37.5609 ], [ -122.5224, 37.5932 ], [ -122.5032, 37.6015 ], [ -122.4959, 37.6274 ], [ -122.4947, 37.6652 ], [ -122.5136, 37.7523 ], [ -122.5152, 37.7811 ], [ -122.4859, 37.7908 ], [ -122.4764, 37.8107 ], [ -122.4634, 37.8053 ], [ -122.4086, 37.8104 ], [ -122.3982, 37.8035 ], [ -122.3879, 37.791 ], [ -122.3792, 37.756 ], [ -122.3545, 37.73 ], [ -122.3625, 37.7149 ], [ -122.3763, 37.7166 ], [ -122.3795, 37.7075 ], [ -122.3925, 37.7103 ], [ -122.388, 37.6772 ], [ -122.3802, 37.6767 ], [ -122.381, 37.6669 ], [ -122.3749, 37.6552 ], [ -122.3814, 37.6474 ], [ -122.3837, 37.6315 ], [ -122.3637, 37.6273 ], [ -122.3541, 37.6135 ], [ -122.3593, 37.6085 ], [ -122.3712, 37.6129 ], [ -122.3741, 37.6042 ], [ -122.3623, 37.5997 ], [ -122.3585, 37.5928 ], [ -122.3168, 37.5898 ], [ -122.3158, 37.5839 ], [ -122.2991, 37.5769 ], [ -122.251, 37.5681 ], [ -122.2396, 37.5469 ], [ -122.1993, 37.535 ], [ -122.1989, 37.5268 ], [ -122.2073, 37.5175 ], [ -122.1479, 37.4966 ], [ -122.1341, 37.4978 ], [ -122.1002, 37.4551 ], [ -122.0809, 37.4487 ], [ -122.0386, 37.4514 ], [ -122.0321, 37.4634 ], [ -122.0522, 37.4714 ], [ -122.0505, 37.4843 ], [ -122.0578, 37.4975 ], [ -122.0691, 37.5036 ], [ -122.0933, 37.5036 ], [ -122.109, 37.518 ], [ -122.1166, 37.5426 ], [ -122.1463, 37.579 ], [ -122.1628, 37.6644 ], [ -122.1919, 37.7003 ], [ -122.2067, 37.7107 ], [ -122.2144, 37.6991 ], [ -122.2518, 37.7228 ], [ -122.2624, 37.743 ], [ -122.2489, 37.7483 ], [ -122.2125, 37.7435 ], [ -122.2173, 37.7585 ], [ -122.2393, 37.7553 ], [ -122.2835, 37.7633 ], [ -122.2999, 37.7722 ], [ -122.2974, 37.7798 ], [ -122.3076, 37.7809 ], [ -122.3099, 37.7762 ], [ -122.3315, 37.7824 ], [ -122.325, 37.8038 ], [ -122.3391, 37.8034 ], [ -122.3407, 37.8071 ], [ -122.3347, 37.8116 ], [ -122.3224, 37.8109 ], [ -122.3166, 37.8171 ], [ -122.3284, 37.821 ], [ -122.3014, 37.8262 ], [ -122.2955, 37.8313 ], [ -122.3039, 37.8629 ], [ -122.316, 37.8609 ], [ -122.3177, 37.8679 ], [ -122.3083, 37.8703 ], [ -122.3288, 37.9081 ], [ -122.3648, 37.9037 ], [ -122.3911, 37.9077 ], [ -122.3876, 37.9202 ], [ -122.4102, 37.9319 ], [ -122.4297, 37.9643 ], [ -122.3977, 37.9561 ], [ -122.395, 37.9703 ], [ -122.3596, 37.9876 ], [ -122.37, 38.0036 ], [ -122.3663, 38.0123 ], [ -122.336, 38.0038 ], [ -122.299, 38.0112 ], [ -122.277, 38.025 ], [ -122.2756, 38.0391 ], [ -122.2497, 38.0554 ], [ -122.227, 38.0584 ], [ -122.1862, 38.048 ], [ -122.1686, 38.028 ], [ -122.1479, 38.0236 ], [ -122.0818, 38.0479 ], [ -122.004, 38.0561 ], [ -121.939, 38.0445 ], [ -121.888, 38.0411 ], [ -121.8781, 38.0343 ], [ -121.8371, 38.0231 ], [ -121.7791, 38.0155 ], [ -121.7511, 38.0194 ], [ -121.723, 38.0111 ], [ -121.69, 38.0091 ], [ -121.6814, 38.0175 ], [ -121.6948, 38.0247 ], [ -121.7105, 38.0221 ], [ -121.7231, 38.0256 ], [ -121.7206, 38.0321 ], [ -121.7049, 38.0352 ], [ -121.6815, 38.0483 ], [ -121.6711, 38.0839 ], [ -121.6245, 38.0893 ], [ -121.6241, 38.0947 ], [ -121.6067, 38.0994 ], [ -121.5821, 38.092 ], [ -121.5765, 38.0743 ], [ -121.585, 38.0627 ], [ -121.5992, 38.0591 ], [ -121.6206, 38.0618 ], [ -121.6322, 38.0442 ], [ -121.6128, 38.0215 ], [ -121.6051, 38.0179 ], [ -121.5842, 38.0287 ], [ -121.5781, 38.0624 ], [ -121.5693, 38.0658 ], [ -121.5264, 38.041 ], [ -121.5126, 38.0402 ], [ -121.4803, 38.0227 ], [ -121.4453, 37.9963 ], [ -121.4454, 38.0039 ], [ -121.4866, 38.0447 ], [ -121.5132, 38.0548 ], [ -121.5263, 38.0545 ], [ -121.5356, 38.0645 ], [ -121.5486, 38.0642 ], [ -121.5651, 38.0811 ], [ -121.5713, 38.0971 ], [ -121.6041, 38.1058 ], [ -121.6272, 38.1056 ], [ -121.6445, 38.0925 ], [ -121.6649, 38.0992 ], [ -121.6803, 38.0927 ], [ -121.6886, 38.0751 ], [ -121.6893, 38.0616 ], [ -121.6993, 38.0508 ], [ -121.7421, 38.0294 ], [ -121.7675, 38.0304 ], [ -121.7787, 38.036 ], [ -121.7852, 38.0434 ], [ -121.7798, 38.0614 ], [ -121.7364, 38.0788 ], [ -121.7167, 38.0928 ], [ -121.6878, 38.1238 ], [ -121.6826, 38.1472 ], [ -121.6895, 38.1475 ], [ -121.7049, 38.1223 ], [ -121.747, 38.0877 ], [ -121.8031, 38.0629 ], [ -121.8461, 38.0725 ], [ -121.8618, 38.0705 ], [ -121.8825, 38.0569 ], [ -121.8982, 38.0532 ], [ -121.9167, 38.0527 ], [ -121.9288, 38.0584 ], [ -121.9083, 38.0788 ], [ -121.955, 38.0792 ], [ -121.9713, 38.0749 ], [ -122.015, 38.0985 ], [ -121.986, 38.1107 ], [ -121.9894, 38.1252 ], [ -122.0003, 38.1373 ], [ -122.0162, 38.1396 ], [ -122.0552, 38.1337 ], [ -122.069, 38.1218 ], [ -122.0658, 38.1132 ], [ -122.0755, 38.1005 ], [ -122.1211, 38.0599 ], [ -122.1303, 38.0421 ], [ -122.1585, 38.0434 ], [ -122.1659, 38.0545 ], [ -122.1843, 38.0648 ], [ -122.1896, 38.0614 ], [ -122.2452, 38.0721 ], [ -122.2609, 38.0694 ], [ -122.2715, 38.0745 ], [ -122.3007, 38.1082 ], [ -122.3965, 38.1532 ], [ -122.4106, 38.1338 ], [ -122.4341, 38.1233 ], [ -122.4493, 38.1245 ], [ -122.4579, 38.1177 ], [ -122.5023, 38.1135 ], [ -122.4874, 38.1048 ], [ -122.4825, 38.0769 ], [ -122.506, 38.0172 ], [ -122.4542, 37.9978 ], [ -122.4453, 37.9851 ], [ -122.4512, 37.9801 ], [ -122.4692, 37.9827 ], [ -122.4744, 37.9761 ], [ -122.4925, 37.9698 ], [ -122.4936, 37.9586 ], [ -122.4803, 37.9418 ], [ -122.4917, 37.9355 ], [ -122.5036, 37.9405 ], [ -122.5034, 37.9248 ], [ -122.4762, 37.916 ], [ -122.4743, 37.9052 ], [ -122.449, 37.8936 ], [ -122.4388, 37.8821 ], [ -122.4479, 37.8737 ], [ -122.4595, 37.8711 ], [ -122.459, 37.8625 ], [ -122.4695, 37.867 ], [ -122.4761, 37.8868 ], [ -122.499, 37.8936 ], [ -122.4947, 37.8775 ], [ -122.4993, 37.8725 ], [ -122.4781, 37.8597 ], [ -122.4798, 37.8531 ], [ -122.4704, 37.8318 ], [ -122.4776, 37.8251 ], [ -122.5026, 37.8205 ], [ -122.5118, 37.8245 ], [ -122.5284, 37.8164 ], [ -122.5737, 37.8559 ], [ -122.5883, 37.8608 ], [ -122.6013, 37.8732 ], [ -122.6207, 37.8775 ], [ -122.6452, 37.8988 ], [ -122.6724, 37.9066 ], [ -122.6967, 37.8993 ], [ -122.7004, 37.8921 ], [ -122.7277, 37.903 ], [ -122.7342, 37.9201 ], [ -122.7486, 37.9326 ], [ -122.7653, 37.9374 ], [ -122.7802, 37.9481 ], [ -122.796, 37.9755 ], [ -122.8214, 37.9977 ], [ -122.9211, 38.0349 ], [ -122.9327, 38.0495 ], [ -122.9321, 38.0588 ], [ -122.9201, 38.0653 ], [ -122.9354, 38.0707 ], [ -122.9485, 38.0607 ], [ -122.9469, 38.0453 ], [ -122.9361, 38.0308 ], [ -122.9634, 38.0253 ], [ -122.9791, 38.0145 ], [ -122.984, 38.0032 ], [ -122.9803, 37.998 ], [ -122.9625, 37.992 ], [ -123.0275, 37.9945 ], [ -123.016, 38.0007 ], [ -122.9907, 38.0487 ], [ -122.9496, 38.144 ], [ -122.9503, 38.1645 ], [ -122.9555, 38.1763 ], [ -122.9649, 38.1826 ], [ -122.9648, 38.1986 ], [ -122.9932, 38.2295 ], [ -122.9963, 38.2427 ], [ -122.9853, 38.2378 ], [ -122.9648, 38.2177 ], [ -122.8915, 38.1308 ], [ -122.8434, 38.092 ], [ -122.8257, 38.0721 ], [ -122.8323, 38.0959 ], [ -122.8884, 38.1546 ], [ -122.9355, 38.2155 ], [ -122.9507, 38.2173 ], [ -122.9543, 38.2314 ], [ -122.9688, 38.2371 ], [ -122.9745, 38.2662 ], [ -123.0023, 38.2949 ], [ -123.0295, 38.3127 ], [ -123.0465, 38.312 ], [ -123.0529, 38.298 ], [ -123.0624, 38.2959 ], [ -123.076, 38.3225 ], [ -123.0684, 38.3463 ], [ -123.0709, 38.36 ], [ -123.087, 38.3913 ], [ -123.0958, 38.3958 ], [ -123.1021, 38.4122 ], [ -123.1128, 38.4206 ], [ -123.1287, 38.4493 ], [ -123.1709, 38.4792 ], [ -123.2527, 38.5107 ], [ -123.2726, 38.529 ], [ -123.337, 38.5673 ], [ -123.3417, 38.5866 ], [ -123.3659, 38.6007 ], [ -123.3695, 38.6121 ], [ -123.4011, 38.6428 ], [ -123.414, 38.6667 ], [ -123.4325, 38.678 ], [ -123.4336, 38.6868 ], [ -123.4925, 38.7365 ], [ -123.5233, 38.7467 ], [ -123.5376, 38.7723 ], [ -123.5588, 38.783 ], [ -123.5662, 38.7952 ], [ -123.5942, 38.8058 ], [ -123.6483, 38.8495 ], [ -123.6631, 38.8725 ], [ -123.7117, 38.9143 ], [ -123.7262, 38.9186 ], [ -123.7273, 38.9332 ], [ -123.7426, 38.9556 ], [ -123.7252, 38.9604 ], [ -123.7039, 38.9901 ], [ -123.6891, 39.0279 ], [ -123.6952, 39.0591 ], [ -123.7216, 39.133 ], [ -123.7378, 39.143 ], [ -123.7356, 39.159 ], [ -123.7679, 39.194 ], [ -123.7905, 39.2697 ], [ -123.8033, 39.279 ], [ -123.7975, 39.2977 ], [ -123.8064, 39.3048 ], [ -123.806, 39.3241 ], [ -123.8249, 39.3473 ], [ -123.8165, 39.444 ], [ -123.7986, 39.4905 ], [ -123.7698, 39.5446 ], [ -123.7694, 39.5637 ], [ -123.7868, 39.5968 ], [ -123.7865, 39.6552 ], [ -123.7906, 39.6774 ], [ -123.8086, 39.7118 ], [ -123.8238, 39.7178 ], [ -123.83, 39.7265 ], [ -123.8376, 39.7616 ], [ -123.8373, 39.7829 ], [ -123.854, 39.8335 ], [ -123.8802, 39.8443 ], [ -123.9077, 39.8659 ], [ -123.9307, 39.908 ], [ -123.9556, 39.9245 ], [ -123.9789, 39.9629 ], [ -124.0012, 39.9781 ], [ -124.0335, 40.0121 ], [ -124.0585, 40.0238 ], [ -124.0694, 40.0213 ], [ -124.0761, 40.0272 ], [ -124.0874, 40.0775 ], [ -124.1158, 40.1071 ], [ -124.1853, 40.1296 ], [ -124.22, 40.1652 ], [ -124.3194, 40.2246 ], [ -124.3272, 40.237 ], [ -124.3426, 40.242 ], [ -124.3635, 40.2615 ], [ -124.3483, 40.3189 ], [ -124.3648, 40.3447 ], [ -124.3662, 40.3775 ], [ -124.3981, 40.4158 ], [ -124.4092, 40.4438 ], [ -124.388, 40.4833 ], [ -124.3858, 40.5095 ], [ -124.358, 40.5631 ], [ -124.3221, 40.6174 ], [ -124.3173, 40.6321 ], [ -124.3058, 40.6374 ], [ -124.3116, 40.6462 ], [ -124.2397, 40.7587 ], [ -124.2309, 40.7501 ], [ -124.2473, 40.7279 ], [ -124.2595, 40.6984 ], [ -124.2258, 40.6861 ], [ -124.2217, 40.6901 ], [ -124.2246, 40.6952 ], [ -124.2138, 40.7014 ], [ -124.2132, 40.7095 ], [ -124.2218, 40.7224 ], [ -124.2174, 40.7307 ], [ -124.2205, 40.7372 ], [ -124.2029, 40.7452 ], [ -124.1986, 40.7544 ], [ -124.2011, 40.7619 ], [ -124.1916, 40.7728 ], [ -124.1827, 40.7999 ], [ -124.1459, 40.8096 ], [ -124.1219, 40.8074 ], [ -124.0874, 40.8252 ], [ -124.0825, 40.8435 ], [ -124.0938, 40.854 ], [ -124.1018, 40.8584 ], [ -124.119, 40.8519 ], [ -124.1376, 40.8639 ], [ -124.1513, 40.8633 ], [ -124.1666, 40.8422 ], [ -124.1704, 40.8268 ], [ -124.1936, 40.8024 ], [ -124.1997, 40.7849 ], [ -124.2233, 40.7571 ], [ -124.2328, 40.7666 ], [ -124.1766, 40.8478 ], [ -124.1338, 40.9364 ], [ -124.1104, 41.0153 ], [ -124.1114, 41.0417 ], [ -124.117, 41.0482 ], [ -124.1346, 41.0479 ], [ -124.1469, 41.0602 ], [ -124.1606, 41.0994 ], [ -124.1641, 41.1322 ], [ -124.1629, 41.1391 ], [ -124.1435, 41.145 ], [ -124.1243, 41.1818 ], [ -124.0909, 41.2895 ], [ -124.0622, 41.4359 ], [ -124.082, 41.5215 ], [ -124.0683, 41.5393 ], [ -124.0887, 41.5491 ], [ -124.1031, 41.5666 ], [ -124.1028, 41.6026 ], [ -124.1399, 41.6643 ], [ -124.1385, 41.6798 ], [ -124.1595, 41.7367 ], [ -124.1879, 41.747 ], [ -124.2011, 41.7393 ], [ -124.2324, 41.7624 ], [ -124.2629, 41.7764 ], [ -124.2605, 41.7888 ], [ -124.2479, 41.7939 ], [ -124.234, 41.8132 ], [ -124.2188, 41.85 ], [ -124.2037, 41.9712 ], [ -124.217, 42.0062 ], [ -124.2748, 42.0454 ], [ -124.2931, 42.0465 ], [ -124.336, 42.0915 ], [ -124.3505, 42.098 ], [ -124.3596, 42.113 ], [ -124.3542, 42.1319 ], [ -124.3662, 42.1501 ], [ -124.3638, 42.1752 ], [ -124.3762, 42.1966 ], [ -124.3791, 42.2203 ], [ -124.3952, 42.2394 ], [ -124.4125, 42.2489 ], [ -124.4094, 42.2962 ], [ -124.4328, 42.3293 ], [ -124.4261, 42.3618 ], [ -124.425, 42.4199 ], [ -124.4398, 42.4392 ], [ -124.4235, 42.4541 ], [ -124.4207, 42.491 ], [ -124.4063, 42.5195 ], [ -124.3944, 42.5666 ], [ -124.4034, 42.5949 ], [ -124.3999, 42.6157 ], [ -124.4145, 42.6624 ], [ -124.4544, 42.6869 ], [ -124.4668, 42.7025 ], [ -124.4729, 42.7303 ], [ -124.4918, 42.7378 ], [ -124.5055, 42.7365 ], [ -124.515, 42.7487 ], [ -124.5389, 42.8162 ], [ -124.5668, 42.834 ], [ -124.5477, 42.8454 ], [ -124.4924, 42.9298 ], [ -124.4449, 43.03 ], [ -124.4244, 43.1193 ], [ -124.4162, 43.1255 ], [ -124.4185, 43.1422 ], [ -124.3866, 43.2631 ], [ -124.4013, 43.3101 ], [ -124.3765, 43.3402 ], [ -124.3599, 43.3423 ], [ -124.3421, 43.3521 ], [ -124.3295, 43.3488 ], [ -124.3264, 43.3123 ], [ -124.3165, 43.2998 ], [ -124.3083, 43.3279 ], [ -124.3118, 43.3387 ], [ -124.3087, 43.3549 ], [ -124.2873, 43.3706 ], [ -124.2762, 43.3939 ], [ -124.2528, 43.4175 ], [ -124.2329, 43.4241 ], [ -124.2223, 43.4252 ], [ -124.218, 43.4164 ], [ -124.2182, 43.386 ], [ -124.2129, 43.3747 ], [ -124.1778, 43.3692 ], [ -124.1518, 43.3695 ], [ -124.14, 43.3753 ], [ -124.1697, 43.3798 ], [ -124.1867, 43.3913 ], [ -124.1943, 43.42 ], [ -124.2086, 43.431 ], [ -124.207, 43.4433 ], [ -124.1976, 43.4525 ], [ -124.2087, 43.4522 ], [ -124.2331, 43.4472 ], [ -124.2402, 43.4366 ], [ -124.277, 43.4215 ], [ -124.2835, 43.4031 ], [ -124.3253, 43.3625 ], [ -124.3352, 43.3653 ], [ -124.298, 43.4179 ], [ -124.2379, 43.5471 ], [ -124.2235, 43.5864 ], [ -124.2098, 43.6566 ], [ -124.1747, 43.673 ], [ -124.1544, 43.6985 ], [ -124.1398, 43.7331 ], [ -124.1329, 43.7347 ], [ -124.109, 43.7061 ], [ -124.0725, 43.7047 ], [ -124.0702, 43.7117 ], [ -124.1013, 43.7187 ], [ -124.1285, 43.7491 ], [ -124.1488, 43.7476 ], [ -124.1605, 43.7367 ], [ -124.1614, 43.7177 ], [ -124.1715, 43.6976 ], [ -124.2029, 43.6808 ], [ -124.176, 43.7625 ], [ -124.151, 43.8817 ], [ -124.1399, 43.982 ], [ -124.1372, 43.9904 ], [ -124.1243, 43.9962 ], [ -124.1195, 44.0065 ], [ -124.1334, 44.032 ], [ -124.1335, 44.0443 ], [ -124.1139, 44.1906 ], [ -124.1141, 44.249 ], [ -124.1072, 44.2863 ], [ -124.1141, 44.3074 ], [ -124.1004, 44.3273 ], [ -124.0844, 44.4117 ], [ -124.0653, 44.4295 ], [ -124.0536, 44.433 ], [ -124.035, 44.4162 ], [ -124.0179, 44.4098 ], [ -124.0276, 44.4392 ], [ -124.0496, 44.4487 ], [ -124.0834, 44.4278 ], [ -124.0844, 44.4981 ], [ -124.0632, 44.6095 ], [ -124.0457, 44.6215 ], [ -124.0311, 44.618 ], [ -124.012, 44.5998 ], [ -124.0048, 44.6163 ], [ -124.0067, 44.6238 ], [ -124.0189, 44.6271 ], [ -124.0272, 44.6224 ], [ -124.0483, 44.6326 ], [ -124.0681, 44.6178 ], [ -124.0708, 44.6206 ], [ -124.0578, 44.6636 ], [ -124.0628, 44.6718 ], [ -124.078, 44.6749 ], [ -124.0671, 44.6895 ], [ -124.0584, 44.7261 ], [ -124.0594, 44.7462 ], [ -124.0734, 44.7777 ], [ -124.0652, 44.8233 ], [ -124.0345, 44.8784 ], [ -124.0318, 44.9049 ], [ -124.0177, 44.9166 ], [ -124.0182, 44.9275 ], [ -124.0256, 44.9357 ], [ -124.015, 44.9677 ], [ -124.0048, 45.0435 ], [ -124.0157, 45.0544 ], [ -124.0141, 45.0643 ], [ -123.9844, 45.1049 ], [ -123.9711, 45.1537 ], [ -123.9691, 45.2053 ], [ -123.9764, 45.2166 ], [ -123.9604, 45.3 ], [ -123.9719, 45.3314 ], [ -124.0018, 45.3376 ], [ -124.0018, 45.3445 ], [ -123.981, 45.3496 ], [ -123.9728, 45.362 ], [ -123.9678, 45.3918 ], [ -123.9579, 45.415 ], [ -123.9534, 45.4134 ], [ -123.9608, 45.3786 ], [ -123.9442, 45.3893 ], [ -123.9184, 45.4177 ], [ -123.9547, 45.4328 ], [ -123.9711, 45.452 ], [ -123.9705, 45.4945 ], [ -123.9586, 45.5161 ], [ -123.9543, 45.5484 ], [ -123.9488, 45.5572 ], [ -123.9392, 45.4998 ], [ -123.9219, 45.4949 ], [ -123.9129, 45.4833 ], [ -123.8905, 45.4755 ], [ -123.8942, 45.4823 ], [ -123.8833, 45.5001 ], [ -123.9005, 45.5385 ], [ -123.8961, 45.5603 ], [ -123.9252, 45.5543 ], [ -123.9579, 45.5762 ], [ -123.9446, 45.6213 ], [ -123.9419, 45.6485 ], [ -123.9207, 45.6627 ], [ -123.9182, 45.6896 ], [ -123.9103, 45.6913 ], [ -123.8874, 45.6829 ], [ -123.8711, 45.6979 ], [ -123.8859, 45.694 ], [ -123.8973, 45.6958 ], [ -123.908, 45.7083 ], [ -123.9174, 45.7045 ], [ -123.921, 45.6972 ], [ -123.9303, 45.6934 ], [ -123.9324, 45.6685 ], [ -123.9379, 45.6606 ], [ -123.9417, 45.727 ], [ -123.9476, 45.736 ], [ -123.9639, 45.7439 ], [ -123.9693, 45.7529 ], [ -123.9678, 45.7609 ], [ -123.9811, 45.7603 ], [ -123.9822, 45.7678 ], [ -123.9684, 45.7816 ], [ -123.9591, 45.8157 ], [ -123.9566, 45.8732 ], [ -123.9597, 45.8973 ], [ -123.9697, 45.9186 ], [ -123.9905, 45.9379 ], [ -123.9729, 45.9527 ], [ -123.9643, 45.9669 ], [ -123.934, 45.9797 ], [ -123.9233, 46.014 ], [ -123.9368, 46.0818 ], [ -123.9506, 46.12 ], [ -123.9905, 46.2005 ], [ -124.0227, 46.2308 ], [ -124.0027, 46.2377 ], [ -123.9881, 46.2267 ], [ -123.9948, 46.2202 ], [ -123.9849, 46.2101 ], [ -123.951, 46.205 ], [ -123.9238, 46.1907 ], [ -123.9159, 46.1806 ], [ -123.904, 46.1801 ], [ -123.9007, 46.1686 ], [ -123.8669, 46.1599 ], [ -123.835, 46.1625 ], [ -123.8251, 46.1569 ], [ -123.8185, 46.1473 ], [ -123.8125, 46.1142 ], [ -123.7987, 46.1024 ], [ -123.8006, 46.1436 ], [ -123.7783, 46.1372 ], [ -123.7783, 46.1434 ], [ -123.807, 46.1675 ], [ -123.8436, 46.1731 ], [ -123.8654, 46.1865 ], [ -123.7981, 46.1935 ], [ -123.7668, 46.2041 ], [ -123.7272, 46.1704 ], [ -123.706, 46.1708 ], [ -123.6141, 46.1865 ], [ -123.5995, 46.1918 ], [ -123.6201, 46.1966 ], [ -123.6206, 46.2048 ], [ -123.6074, 46.2091 ], [ -123.5815, 46.2066 ], [ -123.5421, 46.2262 ], [ -123.5366, 46.234 ], [ -123.5193, 46.2353 ], [ -123.4849, 46.23 ], [ -123.4731, 46.2175 ], [ -123.4372, 46.1983 ], [ -123.4301, 46.1767 ], [ -123.3855, 46.1462 ], [ -123.326, 46.1389 ], [ -123.2994, 46.141 ], [ -123.2776, 46.1339 ], [ -123.2564, 46.1333 ], [ -123.2333, 46.1372 ], [ -123.2055, 46.1646 ], [ -123.1801, 46.1791 ], [ -123.2075, 46.1784 ], [ -123.2694, 46.1504 ], [ -123.2979, 46.1515 ], [ -123.3934, 46.2041 ], [ -123.4557, 46.267 ], [ -123.4789, 46.2759 ], [ -123.6032, 46.2601 ], [ -123.6627, 46.2702 ], [ -123.6752, 46.2943 ], [ -123.693, 46.3052 ], [ -123.7239, 46.3003 ], [ -123.7262, 46.2902 ], [ -123.7475, 46.2911 ], [ -123.7645, 46.2733 ], [ -123.778, 46.2741 ], [ -123.7909, 46.283 ], [ -123.8066, 46.2834 ], [ -123.8184, 46.2688 ], [ -123.8342, 46.2688 ], [ -123.873, 46.2402 ], [ -123.9252, 46.2515 ], [ -123.9487, 46.2698 ], [ -123.9671, 46.2943 ], [ -123.9851, 46.3091 ], [ -124.0093, 46.3135 ], [ -124.0228, 46.3143 ], [ -124.0487, 46.2964 ], [ -124.0515, 46.2859 ], [ -124.0403, 46.281 ], [ -124.0414, 46.2728 ], [ -124.0616, 46.2767 ], [ -124.0758, 46.2683 ], [ -124.0802, 46.2717 ], [ -124.0661, 46.3388 ], [ -124.0621, 46.3877 ], [ -124.0626, 46.5959 ], [ -124.0725, 46.6425 ], [ -124.0629, 46.6549 ], [ -124.0358, 46.6308 ], [ -124.0441, 46.6236 ], [ -124.0179, 46.5685 ], [ -124.0262, 46.4923 ], [ -124.0221, 46.4197 ], [ -124.0143, 46.3851 ], [ -123.9581, 46.3782 ], [ -123.9479, 46.403 ], [ -123.932, 46.4153 ], [ -123.9269, 46.4401 ], [ -123.9106, 46.4284 ], [ -123.8759, 46.4191 ], [ -123.8465, 46.3966 ], [ -123.8406, 46.4158 ], [ -123.8568, 46.4265 ], [ -123.8981, 46.4416 ], [ -123.9017, 46.4573 ], [ -123.9358, 46.4723 ], [ -123.9352, 46.4947 ], [ -123.908, 46.5083 ], [ -123.8964, 46.5212 ], [ -123.8964, 46.5444 ], [ -123.9564, 46.6231 ], [ -123.8949, 46.6027 ], [ -123.9159, 46.6284 ], [ -123.9225, 46.6579 ], [ -123.911, 46.682 ], [ -123.8773, 46.6921 ], [ -123.8434, 46.6967 ], [ -123.8265, 46.6924 ], [ -123.8119, 46.6626 ], [ -123.7951, 46.6609 ], [ -123.7765, 46.6672 ], [ -123.764, 46.6784 ], [ -123.7957, 46.682 ], [ -123.8398, 46.7174 ], [ -123.9, 46.7474 ], [ -123.9122, 46.741 ], [ -123.913, 46.7278 ], [ -123.9518, 46.7248 ], [ -123.9761, 46.7411 ], [ -123.982, 46.7204 ], [ -123.9748, 46.7111 ], [ -123.9633, 46.7072 ], [ -123.9727, 46.7013 ], [ -124.0251, 46.7126 ], [ -124.0299, 46.7202 ], [ -124.0934, 46.7432 ], [ -124.1006, 46.7615 ], [ -124.1013, 46.8087 ], [ -124.1305, 46.886 ], [ -124.1268, 46.8985 ], [ -124.1118, 46.9123 ], [ -124.0909, 46.9 ], [ -124.0976, 46.8779 ], [ -124.0774, 46.8588 ], [ -124.0725, 46.8429 ], [ -124.0581, 46.8445 ], [ -124.0213, 46.8323 ], [ -124.0138, 46.8425 ], [ -124.0147, 46.8511 ], [ -124.0316, 46.8703 ], [ -124.057, 46.8621 ], [ -124.0469, 46.8911 ], [ -124.0332, 46.898 ], [ -124.0067, 46.8992 ], [ -123.9626, 46.918 ], [ -123.8131, 46.959 ], [ -123.8281, 46.9652 ], [ -123.8447, 46.9608 ], [ -123.8679, 46.9696 ], [ -123.9501, 46.9684 ], [ -123.9559, 46.9723 ], [ -123.9223, 46.9801 ], [ -124.0129, 46.9837 ], [ -124.0194, 46.9941 ], [ -124.0128, 47.0093 ], [ -124.0277, 47.0281 ], [ -124.0655, 47.0375 ], [ -124.1169, 47.0429 ], [ -124.1393, 47.0355 ], [ -124.1482, 47.0244 ], [ -124.1367, 47.0019 ], [ -124.1366, 46.9679 ], [ -124.1236, 46.9466 ], [ -124.1048, 46.9447 ], [ -124.1058, 46.9334 ], [ -124.138, 46.9446 ], [ -124.1534, 46.938 ], [ -124.1534, 46.9301 ], [ -124.1785, 46.9255 ], [ -124.1723, 46.9814 ], [ -124.1719, 47.0419 ], [ -124.1793, 47.1069 ], [ -124.1998, 47.1875 ], [ -124.2117, 47.2266 ], [ -124.2429, 47.2901 ], [ -124.2537, 47.3015 ], [ -124.276, 47.3026 ], [ -124.2993, 47.3482 ], [ -124.2717, 47.3426 ], [ -124.2831, 47.3512 ], [ -124.3178, 47.3574 ], [ -124.3487, 47.4998 ], [ -124.3508, 47.5468 ], [ -124.3836, 47.636 ], [ -124.4108, 47.6882 ], [ -124.4158, 47.7256 ], [ -124.4228, 47.7419 ], [ -124.4468, 47.7504 ], [ -124.4766, 47.7783 ], [ -124.4835, 47.8129 ], [ -124.5416, 47.8343 ], [ -124.568, 47.8697 ], [ -124.5931, 47.8762 ], [ -124.6095, 47.8749 ], [ -124.6381, 47.9079 ], [ -124.672, 47.9907 ], [ -124.6938, 48.0745 ], [ -124.6894, 48.1002 ], [ -124.7346, 48.1704 ], [ -124.7192, 48.1763 ], [ -124.7001, 48.1919 ], [ -124.6894, 48.2134 ], [ -124.7055, 48.246 ], [ -124.6891, 48.2525 ], [ -124.6825, 48.2635 ], [ -124.6832, 48.2847 ], [ -124.6615, 48.3195 ], [ -124.6705, 48.3242 ], [ -124.6697, 48.3332 ], [ -124.6891, 48.3376 ], [ -124.7183, 48.3574 ], [ -124.7303, 48.3716 ], [ -124.7275, 48.3877 ], [ -124.6965, 48.3911 ], [ -124.6382, 48.383 ], [ -124.6196, 48.3689 ], [ -124.608, 48.3663 ], [ -124.5934, 48.3749 ], [ -124.5749, 48.3704 ], [ -124.3992, 48.2936 ], [ -124.3468, 48.2811 ], [ -124.2963, 48.2615 ], [ -124.274, 48.2571 ], [ -124.2508, 48.2629 ], [ -124.2277, 48.2585 ], [ -124.1114, 48.2159 ], [ -124.0998, 48.2005 ], [ -124.0502, 48.1773 ], [ -123.9971, 48.1727 ], [ -123.971, 48.1656 ], [ -123.8734, 48.1616 ], [ -123.8619, 48.1564 ], [ -123.8183, 48.1608 ], [ -123.7889, 48.1531 ], [ -123.7003, 48.1649 ], [ -123.6417, 48.1512 ], [ -123.6339, 48.1414 ], [ -123.5846, 48.1354 ], [ -123.5524, 48.1514 ], [ -123.535, 48.1455 ], [ -123.5236, 48.1351 ], [ -123.5055, 48.1326 ], [ -123.4756, 48.1336 ], [ -123.4359, 48.1424 ], [ -123.405, 48.139 ], [ -123.4534, 48.1315 ], [ -123.4497, 48.1251 ], [ -123.4217, 48.1178 ], [ -123.2469, 48.1153 ], [ -123.2236, 48.122 ], [ -123.15, 48.1771 ], [ -123.1083, 48.1838 ], [ -123.1613, 48.1519 ], [ -123.1118, 48.149 ], [ -123.0892, 48.1285 ], [ -123.063, 48.1176 ], [ -123.0405, 48.0851 ], [ -123.0453, 48.0597 ], [ -123.0297, 48.0452 ], [ -123.0079, 48.0386 ], [ -122.9968, 48.0386 ], [ -123.0057, 48.0787 ], [ -122.9991, 48.0917 ], [ -122.9569, 48.0975 ], [ -122.9275, 48.0951 ], [ -122.9188, 48.0702 ], [ -122.887, 48.0626 ], [ -122.8573, 48.0295 ], [ -122.8534, 48.0104 ], [ -122.8733, 48.0011 ], [ -122.8733, 47.9937 ], [ -122.8544, 47.9953 ], [ -122.8414, 48.0056 ], [ -122.8249, 48.0352 ], [ -122.8369, 48.0499 ], [ -122.8771, 48.0797 ], [ -122.8817, 48.0917 ], [ -122.8778, 48.1066 ], [ -122.8683, 48.1193 ], [ -122.8563, 48.1246 ], [ -122.7949, 48.1412 ], [ -122.7702, 48.1411 ], [ -122.7504, 48.1172 ], [ -122.7845, 48.1029 ], [ -122.7914, 48.0967 ], [ -122.792, 48.0829 ], [ -122.7225, 47.9937 ], [ -122.6883, 47.9732 ], [ -122.6781, 47.9357 ], [ -122.6262, 47.8896 ], [ -122.6201, 47.8776 ], [ -122.6678, 47.8708 ], [ -122.6764, 47.8621 ], [ -122.692, 47.8326 ], [ -122.7364, 47.7944 ], [ -122.7504, 47.7746 ], [ -122.7687, 47.738 ], [ -122.7811, 47.692 ], [ -122.8004, 47.6799 ], [ -122.8285, 47.6832 ], [ -122.8292, 47.6941 ], [ -122.818, 47.7131 ], [ -122.7998, 47.7773 ], [ -122.7989, 47.8067 ], [ -122.8057, 47.8435 ], [ -122.8173, 47.8303 ], [ -122.8216, 47.7924 ], [ -122.8392, 47.782 ], [ -122.8468, 47.8203 ], [ -122.8564, 47.8261 ], [ -122.8671, 47.8093 ], [ -122.8664, 47.7935 ], [ -122.8392, 47.7466 ], [ -122.8619, 47.7333 ], [ -122.8866, 47.6881 ], [ -122.904, 47.6732 ], [ -122.91, 47.6501 ], [ -122.9418, 47.6349 ], [ -123.0211, 47.5657 ], [ -123.0651, 47.4934 ], [ -123.1194, 47.4495 ], [ -123.1334, 47.4123 ], [ -123.1584, 47.3721 ], [ -123.1613, 47.3568 ], [ -123.1302, 47.3406 ], [ -123.0741, 47.3446 ], [ -122.9051, 47.395 ], [ -122.8716, 47.4099 ], [ -122.8392, 47.432 ], [ -122.8677, 47.4363 ], [ -122.9071, 47.4238 ], [ -122.9763, 47.391 ], [ -123.0522, 47.367 ], [ -123.0919, 47.3674 ], [ -123.1135, 47.391 ], [ -123.1105, 47.4051 ], [ -123.0633, 47.4567 ], [ -123.0226, 47.5229 ], [ -122.949, 47.5971 ], [ -122.8733, 47.6312 ], [ -122.7982, 47.6517 ], [ -122.7635, 47.6691 ], [ -122.7338, 47.7426 ], [ -122.6236, 47.8472 ], [ -122.6132, 47.8503 ], [ -122.5957, 47.8472 ], [ -122.597, 47.8307 ], [ -122.5922, 47.823 ], [ -122.571, 47.8198 ], [ -122.5665, 47.8345 ], [ -122.5714, 47.8571 ], [ -122.5883, 47.9044 ], [ -122.611, 47.936 ], [ -122.6132, 47.9459 ], [ -122.5281, 47.9055 ], [ -122.5177, 47.881 ], [ -122.5102, 47.8326 ], [ -122.4901, 47.8039 ], [ -122.504, 47.7882 ], [ -122.4752, 47.7761 ], [ -122.4692, 47.7684 ], [ -122.4684, 47.7565 ], [ -122.4829, 47.737 ], [ -122.5411, 47.7429 ], [ -122.558, 47.7404 ], [ -122.5558, 47.7287 ], [ -122.5647, 47.7126 ], [ -122.5797, 47.6982 ], [ -122.5959, 47.692 ], [ -122.6516, 47.7326 ], [ -122.661, 47.7305 ], [ -122.6581, 47.718 ], [ -122.6284, 47.6929 ], [ -122.5922, 47.5971 ], [ -122.5996, 47.5902 ], [ -122.5922, 47.5827 ], [ -122.6169, 47.5741 ], [ -122.6438, 47.5959 ], [ -122.6815, 47.6517 ], [ -122.6946, 47.6341 ], [ -122.6969, 47.6231 ], [ -122.69, 47.5966 ], [ -122.6391, 47.5771 ], [ -122.6474, 47.5623 ], [ -122.6759, 47.5377 ], [ -122.6815, 47.5275 ], [ -122.6302, 47.5444 ], [ -122.5531, 47.5834 ], [ -122.5432, 47.5668 ], [ -122.5416, 47.541 ], [ -122.5341, 47.5275 ], [ -122.5079, 47.5203 ], [ -122.5096, 47.5029 ], [ -122.5516, 47.414 ], [ -122.5562, 47.392 ], [ -122.5375, 47.3706 ], [ -122.5552, 47.3466 ], [ -122.5859, 47.3364 ], [ -122.5607, 47.3013 ], [ -122.557, 47.2846 ], [ -122.5685, 47.2641 ], [ -122.5835, 47.2642 ], [ -122.661, 47.2879 ], [ -122.6863, 47.3012 ], [ -122.6835, 47.3104 ], [ -122.6695, 47.3195 ], [ -122.6535, 47.3492 ], [ -122.6279, 47.38 ], [ -122.6331, 47.4046 ], [ -122.6406, 47.386 ], [ -122.6536, 47.3765 ], [ -122.6883, 47.3643 ], [ -122.7104, 47.3452 ], [ -122.7259, 47.3391 ], [ -122.7291, 47.3206 ], [ -122.7486, 47.2954 ], [ -122.7531, 47.2812 ], [ -122.7476, 47.2673 ], [ -122.7233, 47.2385 ], [ -122.7245, 47.2326 ], [ -122.7504, 47.2128 ], [ -122.743, 47.1917 ], [ -122.7728, 47.1731 ], [ -122.7987, 47.205 ], [ -122.8148, 47.2509 ], [ -122.8149, 47.2743 ], [ -122.7956, 47.2807 ], [ -122.7866, 47.2961 ], [ -122.784, 47.3153 ], [ -122.7845, 47.3428 ], [ -122.7914, 47.3643 ], [ -122.8111, 47.3838 ], [ -122.8057, 47.3978 ], [ -122.8201, 47.3833 ], [ -122.846, 47.3159 ], [ -122.87, 47.2993 ], [ -122.9134, 47.2853 ], [ -122.9205, 47.278 ], [ -122.9498, 47.2023 ], [ -122.9651, 47.1811 ], [ -122.9906, 47.165 ], [ -123.0683, 47.1459 ], [ -123.0788, 47.1303 ], [ -123.0409, 47.1442 ], [ -123.0216, 47.1444 ], [ -123.0179, 47.1303 ], [ -123.0294, 47.1215 ], [ -123.0681, 47.1125 ], [ -123.0788, 47.0961 ], [ -122.9689, 47.1477 ], [ -122.9422, 47.178 ], [ -122.9302, 47.1745 ], [ -122.9347, 47.16 ], [ -122.9791, 47.1015 ], [ -123.0105, 47.0825 ], [ -122.9875, 47.081 ], [ -122.9646, 47.09 ], [ -122.9459, 47.1072 ], [ -122.9354, 47.1303 ], [ -122.9273, 47.1098 ], [ -122.9354, 47.0893 ], [ -122.9256, 47.0783 ], [ -122.9182, 47.0561 ], [ -122.9081, 47.0483 ], [ -122.8933, 47.0473 ], [ -122.893, 47.0574 ], [ -122.9081, 47.0825 ], [ -122.8958, 47.0926 ], [ -122.9012, 47.1303 ], [ -122.8924, 47.1421 ], [ -122.8529, 47.165 ], [ -122.848, 47.1461 ], [ -122.8597, 47.1303 ], [ -122.821, 47.1421 ], [ -122.8227, 47.1601 ], [ -122.8171, 47.1657 ], [ -122.7982, 47.1576 ], [ -122.7728, 47.1278 ], [ -122.7357, 47.1115 ], [ -122.7225, 47.0893 ], [ -122.6859, 47.1044 ], [ -122.6523, 47.1281 ], [ -122.5716, 47.2093 ], [ -122.5502, 47.2423 ], [ -122.5371, 47.2786 ], [ -122.5375, 47.3159 ], [ -122.4485, 47.2685 ], [ -122.4331, 47.2649 ], [ -122.4004, 47.2811 ], [ -122.4276, 47.2965 ], [ -122.4296, 47.3049 ], [ -122.422, 47.3159 ], [ -122.3913, 47.3337 ], [ -122.3395, 47.3466 ], [ -122.3285, 47.3571 ], [ -122.3236, 47.3725 ], [ -122.3253, 47.391 ], [ -122.361, 47.43 ], [ -122.3668, 47.4422 ], [ -122.3702, 47.4971 ], [ -122.3884, 47.5208 ], [ -122.409, 47.5749 ], [ -122.3905, 47.5937 ], [ -122.3779, 47.5962 ], [ -122.3458, 47.5623 ], [ -122.34, 47.5989 ], [ -122.3452, 47.612 ], [ -122.3594, 47.6237 ], [ -122.4135, 47.6417 ], [ -122.4288, 47.6604 ], [ -122.4137, 47.6675 ], [ -122.3811, 47.7202 ], [ -122.3876, 47.7523 ], [ -122.4061, 47.7779 ], [ -122.4044, 47.7976 ], [ -122.3995, 47.814 ], [ -122.3822, 47.8391 ], [ -122.3526, 47.8563 ], [ -122.3397, 47.8728 ], [ -122.3342, 47.9105 ], [ -122.3246, 47.9244 ], [ -122.3204, 47.9421 ], [ -122.2772, 47.9674 ], [ -122.2416, 47.9728 ], [ -122.2128, 47.9868 ], [ -122.2073, 48.0144 ], [ -122.1917, 48.0263 ], [ -122.2075, 48.0375 ], [ -122.2216, 48.0382 ], [ -122.2381, 48.0263 ], [ -122.3077, 48.0654 ], [ -122.3402, 48.09 ], [ -122.3623, 48.1225 ], [ -122.3677, 48.1596 ], [ -122.3657, 48.1906 ], [ -122.3756, 48.2132 ], [ -122.4359, 48.2346 ], [ -122.4442, 48.2324 ], [ -122.449, 48.2228 ], [ -122.4461, 48.2022 ], [ -122.4666, 48.192 ], [ -122.4695, 48.1771 ], [ -122.4579, 48.1436 ], [ -122.4321, 48.1225 ], [ -122.3841, 48.1015 ], [ -122.348, 48.0543 ], [ -122.366, 48.0539 ], [ -122.3774, 48.0602 ], [ -122.4056, 48.0878 ], [ -122.4897, 48.1304 ], [ -122.5104, 48.1474 ], [ -122.5261, 48.171 ], [ -122.5333, 48.1961 ], [ -122.534, 48.2497 ], [ -122.4459, 48.2611 ], [ -122.4299, 48.2591 ], [ -122.4008, 48.2353 ], [ -122.389, 48.2398 ], [ -122.3937, 48.25 ], [ -122.3906, 48.2602 ], [ -122.3753, 48.2807 ], [ -122.3818, 48.2968 ], [ -122.3918, 48.3098 ], [ -122.4551, 48.3425 ], [ -122.4786, 48.3598 ], [ -122.5338, 48.3747 ], [ -122.5535, 48.4013 ], [ -122.567, 48.4099 ], [ -122.567, 48.4174 ], [ -122.5521, 48.4279 ], [ -122.5589, 48.434 ], [ -122.5845, 48.4378 ], [ -122.6155, 48.4099 ], [ -122.6466, 48.4038 ], [ -122.6618, 48.4062 ], [ -122.6736, 48.4136 ], [ -122.6835, 48.4302 ], [ -122.6633, 48.4549 ], [ -122.6693, 48.4728 ], [ -122.7049, 48.4863 ], [ -122.7024, 48.498 ], [ -122.6725, 48.499 ], [ -122.633, 48.5163 ], [ -122.6133, 48.5003 ], [ -122.5807, 48.4583 ], [ -122.5809, 48.4845 ], [ -122.5683, 48.4895 ], [ -122.551, 48.4815 ], [ -122.5143, 48.4532 ], [ -122.5006, 48.4504 ], [ -122.4808, 48.4641 ], [ -122.4884, 48.5129 ], [ -122.5035, 48.5436 ], [ -122.5159, 48.5576 ], [ -122.567, 48.5854 ], [ -122.5466, 48.5887 ], [ -122.5251, 48.5832 ], [ -122.4853, 48.5598 ], [ -122.4681, 48.5545 ], [ -122.4476, 48.5622 ], [ -122.4403, 48.5807 ], [ -122.4443, 48.6033 ], [ -122.4579, 48.6234 ], [ -122.4841, 48.6348 ], [ -122.4926, 48.6433 ], [ -122.5026, 48.6849 ], [ -122.5251, 48.6923 ], [ -122.5211, 48.7091 ], [ -122.4989, 48.7395 ], [ -122.5086, 48.7557 ], [ -122.5299, 48.7686 ], [ -122.5745, 48.7805 ], [ -122.5936, 48.7741 ], [ -122.6397, 48.7224 ], [ -122.6504, 48.7182 ], [ -122.6601, 48.7226 ], [ -122.6702, 48.7429 ], [ -122.6496, 48.7637 ], [ -122.6582, 48.7773 ], [ -122.677, 48.7934 ], [ -122.696, 48.8008 ], [ -122.7049, 48.7879 ], [ -122.7006, 48.8122 ], [ -122.7038, 48.8274 ], [ -122.7682, 48.874 ], [ -122.7725, 48.8865 ], [ -122.7684, 48.8974 ], [ -122.7458, 48.9177 ], [ -122.7589, 48.9359 ], [ -122.8081, 48.9345 ], [ -122.8135, 48.9518 ], [ -122.801, 48.9623 ], [ -122.7775, 48.9648 ], [ -122.7316, 48.9592 ], [ -122.7411, 48.9768 ], [ -122.7595, 49.0012 ], [ -122.7818, 49.0173 ], [ -122.8232, 49.007 ], [ -122.853, 49.017 ], [ -122.876, 49.0365 ], [ -122.8756, 49.0548 ], [ -122.8653, 49.0701 ], [ -122.8677, 49.0805 ], [ -122.8817, 49.0865 ], [ -122.93, 49.0869 ], [ -122.9513, 49.083 ], [ -123.0328, 49.0506 ], [ -123.0486, 49.0352 ], [ -123.0321, 48.9952 ], [ -123.0453, 48.9844 ], [ -123.0885, 48.9722 ], [ -123.1005, 49.0212 ], [ -123.1083, 49.0337 ], [ -123.1388, 49.0538 ], [ -123.143, 49.0609 ], [ -123.1295, 49.0747 ], [ -123.0757, 49.1057 ], [ -123.0543, 49.1232 ], [ -123.0407, 49.151 ], [ -123.0811, 49.1284 ], [ -123.1234, 49.1159 ], [ -123.1671, 49.1156 ], [ -123.212, 49.13 ], [ -123.212, 49.1367 ], [ -123.2001, 49.1485 ], [ -123.2047, 49.1898 ], [ -123.1983, 49.2056 ], [ -123.1798, 49.2099 ], [ -123.1376, 49.1957 ], [ -123.1434, 49.2075 ], [ -123.2359, 49.25 ], [ -123.2469, 49.2746 ], [ -123.2183, 49.2792 ], [ -123.1753, 49.2766 ], [ -123.1431, 49.2801 ], [ -123.1619, 49.3 ], [ -123.1549, 49.3085 ], [ -123.1385, 49.309 ], [ -123.1295, 49.3049 ], [ -123.1234, 49.2944 ], [ -123.1086, 49.2888 ], [ -123.0904, 49.2886 ], [ -123.0742, 49.2944 ], [ -123.0674, 49.2875 ], [ -123.0565, 49.2943 ], [ -123.0394, 49.2959 ], [ -122.9608, 49.2819 ], [ -122.9219, 49.2995 ], [ -122.8925, 49.3337 ], [ -122.8627, 49.4064 ], [ -122.8557, 49.4418 ], [ -122.869, 49.4564 ], [ -122.8783, 49.4573 ], [ -122.8824, 49.4486 ], [ -122.8824, 49.4042 ], [ -122.9381, 49.3258 ], [ -123.0207, 49.3068 ], [ -123.212, 49.3428 ], [ -123.27, 49.3354 ], [ -123.2836, 49.3633 ], [ -123.2939, 49.3701 ], [ -123.2838, 49.3826 ], [ -123.2565, 49.3966 ], [ -123.2455, 49.4111 ], [ -123.2401, 49.4416 ], [ -123.2511, 49.5229 ], [ -123.2401, 49.555 ], [ -123.2182, 49.596 ], [ -123.2247, 49.597 ], [ -123.2257, 49.6035 ], [ -123.2069, 49.6216 ], [ -123.2047, 49.6358 ], [ -123.212, 49.6501 ], [ -123.17, 49.675 ], [ -123.154, 49.6929 ], [ -123.171, 49.7053 ], [ -123.2028, 49.6823 ], [ -123.2284, 49.6749 ], [ -123.2474, 49.6583 ], [ -123.2529, 49.6501 ], [ -123.2455, 49.6131 ], [ -123.2486, 49.5978 ], [ -123.2564, 49.593 ], [ -123.2873, 49.5809 ], [ -123.328, 49.5818 ], [ -123.3553, 49.5551 ], [ -123.3966, 49.5583 ], [ -123.4097, 49.5478 ], [ -123.4895, 49.515 ], [ -123.5027, 49.5054 ], [ -123.4857, 49.4936 ], [ -123.4913, 49.4731 ], [ -123.4732, 49.4345 ], [ -123.4823, 49.4142 ], [ -123.5162, 49.3917 ], [ -123.5546, 49.39 ], [ -123.7811, 49.4655 ], [ -123.8856, 49.4773 ], [ -123.9034, 49.4862 ], [ -123.9195, 49.5075 ], [ -123.9638, 49.5211 ], [ -123.9755, 49.5309 ], [ -123.9932, 49.5502 ], [ -124.027, 49.6035 ], [ -124.0611, 49.6308 ], [ -124.0661, 49.644 ], [ -124.068, 49.6623 ], [ -124.0638, 49.6785 ], [ -124.0443, 49.6912 ], [ -124.0201, 49.7326 ], [ -124.0061, 49.7408 ], [ -123.9549, 49.7469 ], [ -123.9393, 49.7436 ], [ -123.9208, 49.7158 ], [ -123.8693, 49.6718 ], [ -123.8351, 49.6339 ], [ -123.8284, 49.5818 ], [ -123.8051, 49.5286 ], [ -123.7942, 49.5135 ], [ -123.7771, 49.5053 ], [ -123.7672, 49.5132 ], [ -123.7526, 49.5408 ], [ -123.7716, 49.5754 ], [ -123.7723, 49.5939 ], [ -123.7601, 49.6097 ], [ -123.7185, 49.6165 ], [ -123.6937, 49.6348 ], [ -123.638, 49.6411 ], [ -123.5898, 49.6536 ], [ -123.5502, 49.6749 ], [ -123.5335, 49.7053 ], [ -123.6645, 49.6562 ], [ -123.7945, 49.644 ], [ -123.8079, 49.6469 ], [ -123.8121, 49.6671 ], [ -123.8232, 49.6832 ], [ -123.8836, 49.7394 ], [ -123.9276, 49.7636 ], [ -123.9337, 49.7833 ], [ -123.9227, 49.7996 ], [ -123.8898, 49.8288 ], [ -123.8818, 49.8474 ], [ -123.8836, 49.9011 ], [ -123.8906, 49.9215 ], [ -123.945, 49.9449 ], [ -123.9579, 49.9671 ], [ -123.9536, 49.9897 ], [ -123.9356, 50.0073 ], [ -123.8957, 50.0175 ], [ -123.8781, 50.0312 ], [ -123.8079, 50.0411 ], [ -123.7545, 50.0937 ], [ -123.7563, 50.1032 ], [ -123.7774, 50.1116 ], [ -123.8284, 50.1584 ], [ -123.8876, 50.1818 ], [ -123.9289, 50.1905 ], [ -123.9706, 50.2144 ], [ -123.9935, 50.2198 ], [ -123.9722, 50.1927 ], [ -123.945, 50.1721 ], [ -123.8815, 50.1538 ], [ -123.8625, 50.1441 ], [ -123.8457, 50.1205 ], [ -123.8079, 50.1032 ], [ -123.8147, 50.0903 ], [ -123.8332, 50.0755 ], [ -123.8693, 50.0548 ], [ -123.9811, 50.0214 ], [ -123.9932, 50.0108 ], [ -123.9996, 49.9933 ], [ -124.0001, 49.9736 ], [ -123.989, 49.9338 ], [ -123.9791, 49.9182 ], [ -123.9619, 49.904 ], [ -123.9261, 49.8862 ], [ -123.9109, 49.8698 ], [ -123.9382, 49.8288 ], [ -123.9782, 49.809 ], [ -124.0011, 49.8118 ], [ -124.0085, 49.8206 ], [ -124.0133, 49.8636 ], [ -124.0344, 49.8834 ], [ -124.0204, 49.9078 ], [ -124.023, 49.9199 ], [ -124.0375, 49.925 ], [ -124.0748, 49.8698 ], [ -124.0527, 49.8522 ], [ -124.0482, 49.8411 ], [ -124.085, 49.8305 ], [ -124.0892, 49.8219 ], [ -124.0816, 49.8083 ], [ -124.1478, 49.7844 ], [ -124.2497, 49.781 ], [ -124.274, 49.7742 ], [ -124.2675, 49.7517 ], [ -124.283, 49.7466 ], [ -124.3043, 49.7527 ], [ -124.3272, 49.7744 ], [ -124.4037, 49.7673 ], [ -124.5133, 49.7975 ], [ -124.5255, 49.8148 ], [ -124.5322, 49.8444 ], [ -124.5831, 49.8825 ], [ -124.6269, 49.8977 ], [ -124.6497, 49.9207 ], [ -124.6754, 49.9272 ], [ -124.7322, 49.9543 ], [ -124.7644, 49.9774 ], [ -124.8221, 50.0401 ], [ -124.8289, 50.0548 ], [ -124.8204, 50.0715 ], [ -124.7634, 50.0342 ], [ -124.7424, 50.0278 ], [ -124.6849, 49.9865 ], [ -124.7019, 50.0232 ], [ -124.7045, 50.041 ], [ -124.683, 50.0525 ], [ -124.6719, 50.0827 ], [ -124.7054, 50.1032 ], [ -124.6933, 50.1144 ], [ -124.6656, 50.1268 ], [ -124.6719, 50.1441 ], [ -124.6488, 50.1526 ], [ -124.6283, 50.1694 ], [ -124.6175, 50.1889 ], [ -124.6234, 50.2056 ], [ -124.6029, 50.2403 ], [ -124.6079, 50.2506 ], [ -124.6262, 50.2659 ], [ -124.6399, 50.2939 ], [ -124.6873, 50.3126 ], [ -124.7134, 50.3314 ], [ -124.6775, 50.3547 ], [ -124.6719, 50.3738 ], [ -124.6598, 50.3921 ], [ -124.6318, 50.4018 ], [ -124.5997, 50.4052 ], [ -124.534, 50.3974 ], [ -124.5063, 50.4161 ], [ -124.4766, 50.4218 ], [ -124.4112, 50.4457 ], [ -124.3568, 50.4862 ], [ -124.3485, 50.4973 ], [ -124.359, 50.5093 ], [ -124.383, 50.4979 ], [ -124.4248, 50.4663 ], [ -124.5043, 50.4385 ], [ -124.5893, 50.4253 ], [ -124.672, 50.4309 ], [ -124.6849, 50.4222 ], [ -124.6935, 50.4022 ], [ -124.7499, 50.3521 ], [ -124.8084, 50.3223 ], [ -124.8301, 50.3176 ], [ -124.8978, 50.3284 ], [ -124.9518, 50.3284 ], [ -124.9627, 50.3408 ], [ -124.9455, 50.3707 ], [ -124.9521, 50.3918 ], [ -124.9667, 50.4124 ], [ -124.986, 50.4276 ], [ -125.007, 50.4321 ], [ -124.9905, 50.3839 ], [ -124.9952, 50.3603 ], [ -125.0617, 50.3276 ], [ -125.0815, 50.3247 ], [ -125.089, 50.3502 ], [ -125.0855, 50.3638 ], [ -125.0616, 50.3769 ], [ -125.0685, 50.4242 ], [ -125.0574, 50.4773 ], [ -125.0417, 50.4868 ], [ -124.9704, 50.5009 ], [ -124.9592, 50.5106 ], [ -124.953, 50.5372 ], [ -124.9368, 50.5473 ], [ -124.891, 50.555 ], [ -124.8699, 50.583 ], [ -124.8743, 50.6078 ], [ -124.8655, 50.6299 ], [ -124.864, 50.6716 ], [ -124.8562, 50.6928 ], [ -124.8289, 50.7197 ], [ -124.8236, 50.7345 ], [ -124.8357, 50.7542 ], [ -124.9064, 50.7786 ], [ -124.9105, 50.7936 ], [ -124.8854, 50.8191 ], [ -124.8528, 50.8399 ], [ -124.8251, 50.8697 ], [ -124.8089, 50.8796 ], [ -124.7873, 50.8846 ], [ -124.8138, 50.9272 ], [ -124.8323, 50.9318 ], [ -124.8606, 50.9274 ], [ -124.8675, 50.9164 ], [ -124.8699, 50.8945 ], [ -124.9183, 50.8437 ], [ -124.9713, 50.8204 ], [ -124.9865, 50.8083 ], [ -124.9562, 50.7987 ], [ -124.9486, 50.7611 ], [ -124.9093, 50.7492 ], [ -124.9, 50.7353 ], [ -124.9131, 50.7059 ], [ -124.9251, 50.658 ], [ -124.9093, 50.6366 ], [ -124.9082, 50.6274 ], [ -124.9396, 50.598 ], [ -124.9486, 50.5966 ], [ -124.9545, 50.6045 ], [ -124.9592, 50.6035 ], [ -124.9667, 50.5908 ], [ -125.0275, 50.5587 ], [ -125.0404, 50.5312 ], [ -125.1022, 50.4989 ], [ -125.1237, 50.4737 ], [ -125.1124, 50.4544 ], [ -125.1278, 50.437 ], [ -125.1549, 50.4244 ], [ -125.1783, 50.4191 ], [ -125.1969, 50.4206 ], [ -125.2082, 50.4267 ], [ -125.2427, 50.4665 ], [ -125.2465, 50.4809 ], [ -125.2389, 50.4959 ], [ -125.2435, 50.5041 ], [ -125.2557, 50.5067 ], [ -125.2987, 50.4666 ], [ -125.3254, 50.4737 ], [ -125.3422, 50.4892 ], [ -125.3567, 50.5431 ], [ -125.3844, 50.5346 ], [ -125.3855, 50.512 ], [ -125.3975, 50.4868 ], [ -125.4322, 50.4661 ], [ -125.5441, 50.4556 ], [ -125.5626, 50.4594 ], [ -125.5771, 50.4707 ], [ -125.5731, 50.4783 ], [ -125.5482, 50.4936 ], [ -125.5412, 50.5063 ], [ -125.5284, 50.555 ], [ -125.5421, 50.5892 ], [ -125.5346, 50.6171 ], [ -125.5174, 50.6508 ], [ -125.4874, 50.6723 ], [ -125.4527, 50.6853 ], [ -125.4247, 50.7133 ], [ -125.4546, 50.7204 ], [ -125.5038, 50.6881 ], [ -125.5556, 50.6662 ], [ -125.5687, 50.6382 ], [ -125.5709, 50.608 ], [ -125.5626, 50.5892 ], [ -125.5724, 50.5727 ], [ -125.5773, 50.5522 ], [ -125.5857, 50.535 ], [ -125.6223, 50.5224 ], [ -125.6219, 50.5107 ], [ -125.6103, 50.4936 ], [ -125.6177, 50.4713 ], [ -125.6439, 50.4484 ], [ -125.6566, 50.4429 ], [ -125.7033, 50.4379 ], [ -125.7202, 50.4457 ], [ -125.7736, 50.488 ], [ -125.7953, 50.4936 ], [ -125.7857, 50.5063 ], [ -125.7523, 50.5087 ], [ -125.7401, 50.5202 ], [ -125.7872, 50.5316 ], [ -125.8141, 50.5331 ], [ -125.8363, 50.5277 ], [ -125.8636, 50.501 ], [ -125.9546, 50.4757 ], [ -126.0077, 50.4715 ], [ -126.0574, 50.4785 ], [ -126.0895, 50.501 ], [ -126.1112, 50.4914 ], [ -126.1312, 50.4897 ], [ -126.2423, 50.501 ], [ -126.2806, 50.5194 ], [ -126.276, 50.5251 ], [ -126.2278, 50.5443 ], [ -126.1789, 50.5202 ], [ -126.1857, 50.5488 ], [ -126.1853, 50.5637 ], [ -126.1789, 50.5755 ], [ -126.1379, 50.583 ], [ -126.1037, 50.5966 ], [ -126.0863, 50.5892 ], [ -126.0628, 50.6035 ], [ -125.9581, 50.6183 ], [ -125.9386, 50.6301 ], [ -125.9599, 50.6456 ], [ -126.0624, 50.6273 ], [ -126.1603, 50.5977 ], [ -126.2438, 50.5966 ], [ -126.2518, 50.6009 ], [ -126.2648, 50.6196 ], [ -126.2773, 50.6259 ], [ -126.2215, 50.6426 ], [ -126.1188, 50.6468 ], [ -126.0485, 50.6649 ], [ -126.0187, 50.666 ], [ -125.939, 50.6518 ], [ -125.9145, 50.654 ], [ -125.8264, 50.6771 ], [ -125.7503, 50.6853 ], [ -125.7165, 50.6785 ], [ -125.7056, 50.6817 ], [ -125.6787, 50.7336 ], [ -125.6586, 50.7457 ], [ -125.6202, 50.7577 ], [ -125.6081, 50.7809 ], [ -125.62, 50.7991 ], [ -125.6397, 50.8162 ], [ -125.6513, 50.8362 ], [ -125.6454, 50.8549 ], [ -125.6278, 50.8627 ], [ -125.5597, 50.8656 ], [ -125.55, 50.8733 ], [ -125.5346, 50.9119 ], [ -125.5116, 50.9268 ], [ -125.5073, 50.9392 ], [ -125.5121, 50.9608 ], [ -125.5383, 50.9949 ], [ -125.5626, 51.0553 ], [ -125.5775, 51.0723 ], [ -125.637, 51.1037 ], [ -125.6308, 51.0627 ], [ -125.583, 50.9665 ], [ -125.5421, 50.9392 ], [ -125.5574, 50.9198 ], [ -125.5756, 50.9072 ], [ -125.6388, 50.8952 ], [ -125.6793, 50.8703 ], [ -125.6857, 50.8288 ], [ -125.6823, 50.8219 ], [ -125.6444, 50.7987 ], [ -125.6477, 50.7824 ], [ -125.6854, 50.7747 ], [ -125.7088, 50.7582 ], [ -125.7435, 50.7172 ], [ -125.7674, 50.7065 ], [ -125.7674, 50.7133 ], [ -125.8796, 50.7091 ], [ -125.9049, 50.6892 ], [ -125.9398, 50.6834 ], [ -125.953, 50.6853 ], [ -125.9851, 50.7151 ], [ -126.0076, 50.7133 ], [ -126.0591, 50.6853 ], [ -126.1866, 50.6719 ], [ -126.2123, 50.6751 ], [ -126.2267, 50.6928 ], [ -126.2101, 50.7094 ], [ -126.1676, 50.7182 ], [ -126.1258, 50.7485 ], [ -126.0553, 50.7747 ], [ -126.0312, 50.7894 ], [ -126.0345, 50.7951 ], [ -126.0799, 50.7952 ], [ -126.1518, 50.774 ], [ -126.1789, 50.781 ], [ -126.1964, 50.798 ], [ -126.1945, 50.8146 ], [ -126.1789, 50.8532 ], [ -126.1838, 50.8679 ], [ -126.214, 50.8485 ], [ -126.2329, 50.8437 ], [ -126.2382, 50.8476 ], [ -126.2403, 50.8635 ], [ -126.2701, 50.8642 ], [ -126.3127, 50.8566 ], [ -126.3883, 50.852 ], [ -126.4598, 50.822 ], [ -126.4887, 50.8167 ], [ -126.5218, 50.8317 ], [ -126.5474, 50.8374 ], [ -126.5563, 50.8437 ], [ -126.557, 50.8687 ], [ -126.5624, 50.8771 ], [ -126.4989, 50.9223 ], [ -126.4669, 50.9119 ], [ -126.3607, 50.9043 ], [ -126.3189, 50.9142 ], [ -126.2233, 50.905 ], [ -126.2037, 50.9102 ], [ -126.1842, 50.9229 ], [ -126.1731, 50.9388 ], [ -126.1789, 50.9535 ], [ -126.2433, 50.9281 ], [ -126.4054, 50.9392 ], [ -126.4595, 50.9517 ], [ -126.4835, 50.9647 ], [ -126.5056, 51.0115 ], [ -126.5147, 51.0764 ], [ -126.5215, 51.0764 ], [ -126.5445, 51.0316 ], [ -126.5522, 51.0051 ], [ -126.5454, 50.9836 ], [ -126.5268, 50.9559 ], [ -126.5351, 50.9417 ], [ -126.5527, 50.9313 ], [ -126.5624, 50.915 ], [ -126.5754, 50.9064 ], [ -126.6742, 50.8782 ], [ -126.6962, 50.8774 ], [ -126.7474, 50.8908 ], [ -126.7488, 50.8974 ], [ -126.7699, 50.9097 ], [ -126.8153, 50.9178 ], [ -126.8462, 50.9434 ], [ -126.8695, 50.9381 ], [ -126.8992, 50.9069 ], [ -127.0272, 50.9064 ], [ -127.0804, 50.9269 ], [ -127.1517, 50.9324 ], [ -127.1658, 50.9392 ], [ -127.1742, 50.9259 ], [ -127.1563, 50.9151 ], [ -127.0339, 50.8883 ], [ -126.9535, 50.8846 ], [ -126.922, 50.8723 ], [ -126.9575, 50.8635 ], [ -127.0218, 50.8219 ], [ -127.0423, 50.8229 ], [ -127.0674, 50.8308 ], [ -127.131, 50.8661 ], [ -127.2237, 50.8814 ], [ -127.2484, 50.8983 ], [ -127.2551, 50.9182 ], [ -127.2853, 50.9119 ], [ -127.3104, 50.9129 ], [ -127.429, 50.9431 ], [ -127.4469, 50.9535 ], [ -127.4171, 50.9704 ], [ -127.4159, 50.9765 ], [ -127.4237, 50.9832 ], [ -127.443, 50.9883 ], [ -127.4732, 50.9841 ], [ -127.5061, 50.991 ], [ -127.5308, 51.0037 ], [ -127.5323, 51.018 ], [ -127.5188, 51.0413 ], [ -127.4996, 51.0954 ], [ -127.4811, 51.1037 ], [ -127.4811, 51.1099 ], [ -127.5027, 51.1198 ], [ -127.6346, 51.0966 ], [ -127.6619, 51.0975 ], [ -127.6865, 51.1099 ], [ -127.6899, 51.129 ], [ -127.777, 51.1672 ], [ -127.7828, 51.1862 ], [ -127.7939, 51.1979 ], [ -127.7879, 51.2202 ], [ -127.7895, 51.2334 ], [ -127.7364, 51.2579 ], [ -127.6263, 51.2753 ], [ -127.5714, 51.3006 ], [ -127.4159, 51.2893 ], [ -127.378, 51.2751 ], [ -127.221, 51.2893 ], [ -127.1385, 51.3228 ], [ -127.1266, 51.3388 ], [ -127.1141, 51.3821 ], [ -127.1173, 51.3985 ], [ -127.176, 51.3364 ], [ -127.2818, 51.3023 ], [ -127.5152, 51.3166 ], [ -127.5152, 51.3228 ], [ -127.472, 51.343 ], [ -127.4643, 51.3532 ], [ -127.4845, 51.3576 ], [ -127.5137, 51.3532 ], [ -127.5626, 51.3339 ], [ -127.5903, 51.3297 ], [ -127.6803, 51.3361 ], [ -127.7215, 51.3214 ], [ -127.7519, 51.3219 ], [ -127.7797, 51.3306 ], [ -127.7895, 51.3501 ], [ -127.7784, 51.3649 ], [ -127.7289, 51.3874 ], [ -127.6643, 51.3981 ], [ -127.6045, 51.4562 ], [ -127.5519, 51.4709 ], [ -127.5528, 51.4975 ], [ -127.5217, 51.5161 ], [ -127.5152, 51.5283 ], [ -127.5212, 51.5891 ], [ -127.5118, 51.6074 ], [ -127.492, 51.6206 ], [ -127.3157, 51.6557 ], [ -127.0435, 51.6686 ], [ -126.7093, 51.6445 ], [ -126.6772, 51.6457 ], [ -126.6553, 51.6555 ], [ -126.6482, 51.6791 ], [ -126.6245, 51.6784 ], [ -126.6119, 51.7075 ], [ -126.6034, 51.7138 ], [ -126.6376, 51.7616 ], [ -126.6381, 51.7733 ], [ -126.6661, 51.8026 ], [ -126.6587, 51.7883 ], [ -126.6677, 51.7664 ], [ -126.6444, 51.72 ], [ -126.6487, 51.7066 ], [ -126.6785, 51.6927 ], [ -126.6993, 51.6654 ], [ -127.0955, 51.7042 ], [ -127.2585, 51.6859 ], [ -127.285, 51.6909 ], [ -127.3288, 51.7113 ], [ -127.3501, 51.7138 ], [ -127.3545, 51.6887 ], [ -127.3856, 51.6738 ], [ -127.4232, 51.6719 ], [ -127.4469, 51.6859 ], [ -127.4264, 51.7064 ], [ -127.4327, 51.7064 ], [ -127.4327, 51.7548 ], [ -127.3749, 51.7685 ], [ -127.3624, 51.7802 ], [ -127.3371, 51.8572 ], [ -127.3501, 51.8702 ], [ -127.3871, 51.8164 ], [ -127.3939, 51.7838 ], [ -127.4003, 51.7777 ], [ -127.4533, 51.7746 ], [ -127.4767, 51.7134 ], [ -127.4927, 51.6987 ], [ -127.5504, 51.7108 ], [ -127.5829, 51.7119 ], [ -127.6456, 51.7001 ], [ -127.6456, 51.6927 ], [ -127.5494, 51.6723 ], [ -127.4767, 51.6752 ], [ -127.4674, 51.6623 ], [ -127.4784, 51.6516 ], [ -127.5456, 51.6343 ], [ -127.5588, 51.6188 ], [ -127.5751, 51.5884 ], [ -127.5903, 51.5766 ], [ -127.5903, 51.5692 ], [ -127.5732, 51.5579 ], [ -127.567, 51.5439 ], [ -127.5716, 51.5281 ], [ -127.6227, 51.4782 ], [ -127.6429, 51.4652 ], [ -127.7139, 51.4577 ], [ -127.7281, 51.4599 ], [ -127.7616, 51.4941 ], [ -127.7455, 51.5053 ], [ -127.6807, 51.5052 ], [ -127.6593, 51.5084 ], [ -127.6593, 51.5146 ], [ -127.7002, 51.5351 ], [ -127.7964, 51.5283 ], [ -127.8027, 51.5377 ], [ -127.7895, 51.5556 ], [ -127.802, 51.589 ], [ -127.8026, 51.6039 ], [ -127.8264, 51.5987 ], [ -127.8331, 51.6087 ], [ -127.8374, 51.645 ], [ -127.8737, 51.6734 ], [ -127.8771, 51.7148 ], [ -127.8649, 51.7377 ], [ -127.8777, 51.7582 ], [ -127.8777, 51.7852 ], [ -127.892, 51.8162 ], [ -127.8777, 51.8436 ], [ -127.8826, 51.8655 ], [ -127.8715, 51.8702 ], [ -127.8602, 51.9065 ], [ -127.8496, 51.9201 ], [ -127.8168, 51.9298 ], [ -127.7822, 51.949 ], [ -127.7654, 51.9534 ], [ -127.6849, 51.95 ], [ -127.6661, 51.9596 ], [ -127.6735, 51.967 ], [ -127.6592, 51.992 ], [ -127.6479, 52.057 ], [ -127.6381, 52.0837 ], [ -127.6149, 52.1075 ], [ -127.5474, 52.1433 ], [ -127.5152, 52.152 ], [ -127.477, 52.1506 ], [ -127.468, 52.1412 ], [ -127.4674, 52.1247 ], [ -127.4755, 52.1066 ], [ -127.4891, 52.0981 ], [ -127.5657, 52.1 ], [ -127.5765, 52.0937 ], [ -127.6244, 52.0285 ], [ -127.5495, 52.0823 ], [ -127.4653, 52.0832 ], [ -127.4305, 52.0888 ], [ -127.4053, 52.1042 ], [ -127.4495, 52.1632 ], [ -127.4537, 52.1726 ], [ -127.4517, 52.1819 ], [ -127.3983, 52.1964 ], [ -127.3815, 52.2197 ], [ -127.3573, 52.2292 ], [ -127.2836, 52.2377 ], [ -127.2637, 52.246 ], [ -127.1726, 52.3165 ], [ -127.1483, 52.319 ], [ -127.0431, 52.3098 ], [ -126.9976, 52.2975 ], [ -126.943, 52.2531 ], [ -126.9372, 52.2347 ], [ -126.9466, 52.2128 ], [ -126.9077, 52.1785 ], [ -126.7788, 52.0976 ], [ -126.7107, 52.0468 ], [ -126.6996, 52.0353 ], [ -126.6723, 51.9875 ], [ -126.6722, 52.0473 ], [ -126.6859, 52.0627 ], [ -126.7165, 52.077 ], [ -126.7233, 52.0951 ], [ -126.7508, 52.1278 ], [ -126.7926, 52.1532 ], [ -126.8851, 52.1945 ], [ -126.9125, 52.2271 ], [ -126.9032, 52.2452 ], [ -126.9026, 52.2579 ], [ -126.9385, 52.3059 ], [ -126.939, 52.3201 ], [ -126.9255, 52.337 ], [ -126.8846, 52.3444 ], [ -126.8747, 52.3581 ], [ -126.8559, 52.3572 ], [ -126.8141, 52.368 ], [ -126.7338, 52.3712 ], [ -126.753, 52.3934 ], [ -126.7851, 52.3974 ], [ -126.913, 52.372 ], [ -127.0023, 52.3393 ], [ -127.0416, 52.3378 ], [ -127.1173, 52.3507 ], [ -127.144, 52.3493 ], [ -127.159, 52.3555 ], [ -127.1658, 52.3712 ], [ -127.1897, 52.3879 ], [ -127.1929, 52.3987 ], [ -127.1794, 52.4121 ], [ -127.1999, 52.4394 ], [ -127.225, 52.4561 ], [ -127.2327, 52.5079 ], [ -127.2277, 52.5229 ], [ -127.1908, 52.5548 ], [ -127.1496, 52.5794 ], [ -127.109, 52.5893 ], [ -127.0559, 52.625 ], [ -127.003, 52.6336 ], [ -126.9823, 52.6447 ], [ -126.966, 52.6856 ], [ -126.9318, 52.7128 ], [ -126.9255, 52.7343 ], [ -126.9319, 52.7529 ], [ -126.9552, 52.7883 ], [ -126.9696, 52.8294 ], [ -126.9917, 52.8438 ], [ -127.0423, 52.8646 ], [ -127.0651, 52.8832 ], [ -127.0764, 52.8851 ], [ -127.0609, 52.8598 ], [ -127.0172, 52.8137 ], [ -127.0013, 52.7827 ], [ -127.0013, 52.7516 ], [ -126.9801, 52.7243 ], [ -126.9869, 52.7109 ], [ -127.0538, 52.653 ], [ -127.1522, 52.6114 ], [ -127.2234, 52.5663 ], [ -127.2587, 52.5533 ], [ -127.2551, 52.5362 ], [ -127.2818, 52.5151 ], [ -127.2798, 52.5036 ], [ -127.262, 52.4844 ], [ -127.2689, 52.469 ], [ -127.2855, 52.4591 ], [ -127.4525, 52.4118 ], [ -127.4951, 52.3588 ], [ -127.5893, 52.3309 ], [ -127.6108, 52.3196 ], [ -127.6166, 52.2985 ], [ -127.6314, 52.296 ], [ -127.6735, 52.3035 ], [ -127.7303, 52.2763 ], [ -127.7554, 52.2818 ], [ -127.7445, 52.3196 ], [ -127.7145, 52.3581 ], [ -127.7366, 52.3544 ], [ -127.7558, 52.3393 ], [ -127.7828, 52.3035 ], [ -127.8005, 52.2563 ], [ -127.8299, 52.2408 ], [ -127.8607, 52.216 ], [ -127.8724, 52.2195 ], [ -127.8845, 52.2408 ], [ -127.8898, 52.2771 ], [ -127.9144, 52.2851 ], [ -127.9233, 52.2937 ], [ -127.9329, 52.3165 ], [ -127.9233, 52.3236 ], [ -127.9093, 52.3476 ], [ -127.8971, 52.3544 ], [ -127.8578, 52.3581 ], [ -127.8475, 52.3713 ], [ -127.8566, 52.3851 ], [ -127.892, 52.4121 ], [ -127.9187, 52.4503 ], [ -127.9148, 52.4644 ], [ -127.8845, 52.4879 ], [ -127.8726, 52.5041 ], [ -127.8736, 52.5119 ], [ -127.8883, 52.5151 ], [ -127.8966, 52.5122 ], [ -127.9187, 52.4879 ], [ -127.9147, 52.4797 ], [ -127.9261, 52.4468 ], [ -127.9252, 52.4328 ], [ -127.909, 52.4207 ], [ -127.8988, 52.4059 ], [ -127.9026, 52.3853 ], [ -127.9677, 52.3227 ], [ -128.0159, 52.3467 ], [ -128.0275, 52.376 ], [ -128.0639, 52.4059 ], [ -128.0565, 52.4121 ], [ -128.0666, 52.4497 ], [ -128.0531, 52.4852 ], [ -128.0233, 52.5115 ], [ -127.9845, 52.522 ], [ -127.9716, 52.5187 ], [ -127.9473, 52.5015 ], [ -127.9342, 52.5059 ], [ -127.9398, 52.5294 ], [ -127.8988, 52.5424 ], [ -127.8777, 52.5841 ], [ -127.9317, 52.5605 ], [ -128.0282, 52.5476 ], [ -128.0465, 52.5394 ], [ -128.0712, 52.5178 ], [ -128.0924, 52.5133 ], [ -128.1527, 52.4326 ], [ -128.1657, 52.4059 ], [ -128.1971, 52.3886 ], [ -128.2346, 52.3264 ], [ -128.2967, 52.2756 ], [ -128.3109, 52.2757 ], [ -128.3411, 52.2892 ], [ -128.3922, 52.296 ], [ -128.3795, 52.3094 ], [ -128.3302, 52.3302 ], [ -128.3392, 52.3488 ], [ -128.3384, 52.3686 ], [ -128.3285, 52.3864 ], [ -128.2987, 52.4024 ], [ -128.2721, 52.3991 ], [ -128.2605, 52.4024 ], [ -128.2516, 52.4294 ], [ -128.2262, 52.4605 ], [ -128.222, 52.4794 ], [ -128.234, 52.5054 ], [ -128.2421, 52.5704 ], [ -128.2331, 52.5886 ], [ -128.1936, 52.6393 ], [ -128.1831, 52.6765 ], [ -128.1566, 52.6956 ], [ -128.1484, 52.7206 ], [ -128.1256, 52.7528 ], [ -128.1269, 52.7851 ], [ -128.1383, 52.8441 ], [ -128.1322, 52.8731 ], [ -128.1095, 52.8921 ], [ -128.0783, 52.9024 ], [ -128.0377, 52.907 ], [ -128.0288, 52.9167 ], [ -128.0417, 52.9236 ], [ -128.1051, 52.9121 ], [ -128.1215, 52.914 ], [ -128.1322, 52.9267 ], [ -128.1383, 52.9267 ], [ -128.1416, 52.9074 ], [ -128.1681, 52.8635 ], [ -128.1794, 52.8509 ], [ -128.2141, 52.8305 ], [ -128.2369, 52.8082 ], [ -128.2482, 52.8032 ], [ -128.2755, 52.7998 ], [ -128.3055, 52.8028 ], [ -128.3714, 52.8202 ], [ -128.443, 52.8277 ], [ -128.4504, 52.8518 ], [ -128.4779, 52.8683 ], [ -128.4975, 52.8947 ], [ -128.4925, 52.9086 ], [ -128.4967, 52.9294 ], [ -128.5084, 52.9639 ], [ -128.522, 53.0465 ], [ -128.5362, 53.0803 ], [ -128.5318, 53.0895 ], [ -128.4953, 53.0974 ], [ -128.5119, 53.1074 ], [ -128.5495, 53.1094 ], [ -128.5568, 53.1287 ], [ -128.5467, 53.136 ], [ -128.481, 53.1457 ], [ -128.4977, 53.15 ], [ -128.5599, 53.1457 ], [ -128.5759, 53.1503 ], [ -128.6617, 53.2422 ], [ -128.6728, 53.2352 ], [ -128.6725, 53.2272 ], [ -128.6592, 53.201 ], [ -128.6802, 53.1928 ], [ -128.7005, 53.1983 ], [ -128.7997, 53.2565 ], [ -128.8325, 53.2668 ], [ -128.8491, 53.2786 ], [ -128.8755, 53.3062 ], [ -128.8843, 53.3263 ], [ -128.8761, 53.345 ], [ -128.8447, 53.3716 ], [ -128.8763, 53.3721 ], [ -128.8876, 53.3771 ], [ -128.8739, 53.4006 ], [ -128.8863, 53.4269 ], [ -128.8806, 53.4477 ], [ -128.8442, 53.4709 ], [ -128.831, 53.4883 ], [ -128.8771, 53.4863 ], [ -128.9079, 53.4587 ], [ -128.9176, 53.4587 ], [ -128.9329, 53.4679 ], [ -128.9473, 53.4858 ], [ -128.9745, 53.5566 ], [ -128.9457, 53.5545 ], [ -128.8924, 53.5366 ], [ -128.8646, 53.5362 ], [ -128.8127, 53.5729 ], [ -128.7895, 53.5703 ], [ -128.7755, 53.5556 ], [ -128.7485, 53.4952 ], [ -128.7076, 53.4815 ], [ -128.6728, 53.4536 ], [ -128.6666, 53.4611 ], [ -128.6939, 53.4883 ], [ -128.6834, 53.4931 ], [ -128.6676, 53.4893 ], [ -128.6393, 53.4748 ], [ -128.563, 53.4195 ], [ -128.4975, 53.3872 ], [ -128.4925, 53.3813 ], [ -128.5015, 53.376 ], [ -128.503, 53.3633 ], [ -128.4939, 53.3441 ], [ -128.4877, 53.3459 ], [ -128.4835, 53.3571 ], [ -128.4821, 53.398 ], [ -128.4906, 53.4049 ], [ -128.5084, 53.4064 ], [ -128.5084, 53.4127 ], [ -128.4674, 53.4337 ], [ -128.3795, 53.4475 ], [ -128.3632, 53.4589 ], [ -128.3519, 53.4815 ], [ -128.3087, 53.4606 ], [ -128.2535, 53.4528 ], [ -128.127, 53.4509 ], [ -128.1059, 53.4431 ], [ -128.09, 53.4312 ], [ -128.0816, 53.4112 ], [ -128.0701, 53.399 ], [ -128.1042, 53.3376 ], [ -128.0707, 53.3646 ], [ -128.051, 53.3738 ], [ -127.977, 53.3424 ], [ -127.9608, 53.3301 ], [ -127.9564, 53.3184 ], [ -127.9534, 53.2652 ], [ -127.9426, 53.2537 ], [ -127.8715, 53.2283 ], [ -127.8771, 53.2501 ], [ -127.9176, 53.2714 ], [ -127.9329, 53.2891 ], [ -127.9281, 53.3245 ], [ -127.9329, 53.3376 ], [ -128.0018, 53.3623 ], [ -128.0302, 53.3823 ], [ -128.0851, 53.4482 ], [ -128.1124, 53.4652 ], [ -128.1163, 53.4763 ], [ -128.1111, 53.4883 ], [ -128.1327, 53.4841 ], [ -128.2005, 53.4883 ], [ -128.3001, 53.4815 ], [ -128.3741, 53.5036 ], [ -128.3854, 53.4918 ], [ -128.3902, 53.4746 ], [ -128.4029, 53.4617 ], [ -128.4205, 53.4527 ], [ -128.4526, 53.4462 ], [ -128.4919, 53.4474 ], [ -128.5164, 53.4339 ], [ -128.5294, 53.4337 ], [ -128.5528, 53.4572 ], [ -128.5844, 53.4665 ], [ -128.5943, 53.4739 ], [ -128.6122, 53.5046 ], [ -128.6871, 53.5194 ], [ -128.7006, 53.5471 ], [ -128.7281, 53.5703 ], [ -128.7491, 53.5624 ], [ -128.7793, 53.5947 ], [ -128.8077, 53.6154 ], [ -128.8175, 53.6355 ], [ -128.816, 53.6503 ], [ -128.7738, 53.7047 ], [ -128.7704, 53.7214 ], [ -128.7919, 53.7602 ], [ -128.7889, 53.7809 ], [ -128.7751, 53.7983 ], [ -128.7554, 53.8105 ], [ -128.6935, 53.8212 ], [ -128.6778, 53.8593 ], [ -128.6563, 53.8623 ], [ -128.5589, 53.8417 ], [ -128.4795, 53.8369 ], [ -128.4737, 53.8415 ], [ -128.4847, 53.8546 ], [ -128.5011, 53.8627 ], [ -128.5499, 53.8577 ], [ -128.5725, 53.8609 ], [ -128.6628, 53.8911 ], [ -128.6752, 53.8873 ], [ -128.6897, 53.8937 ], [ -128.6938, 53.9064 ], [ -128.6796, 53.9129 ], [ -128.6708, 53.9299 ], [ -128.6356, 53.9713 ], [ -128.6277, 54.013 ], [ -128.5983, 54.0302 ], [ -128.6219, 54.0321 ], [ -128.6527, 54.0198 ], [ -128.6818, 54.0007 ], [ -128.7349, 53.934 ], [ -128.748, 53.926 ], [ -128.7485, 53.9204 ], [ -128.7645, 53.9135 ], [ -128.7827, 53.9204 ], [ -128.7892, 53.8926 ], [ -128.8393, 53.8656 ], [ -128.8616, 53.8302 ], [ -128.9329, 53.7764 ], [ -128.9283, 53.7959 ], [ -128.908, 53.8273 ], [ -128.9062, 53.8447 ], [ -128.9149, 53.8576 ], [ -128.9471, 53.8105 ], [ -128.9477, 53.8393 ], [ -128.9403, 53.8651 ], [ -128.9659, 53.8905 ], [ -128.9835, 53.8983 ], [ -129.0092, 53.8993 ], [ -129.0092, 53.8925 ], [ -128.9778, 53.8669 ], [ -128.9654, 53.8205 ], [ -128.9732, 53.7776 ], [ -129.0018, 53.7621 ], [ -129.0195, 53.7744 ], [ -129.048, 53.8123 ], [ -129.0638, 53.8105 ], [ -129.0644, 53.7912 ], [ -129.0333, 53.7495 ], [ -129.0465, 53.7416 ], [ -129.1121, 53.7219 ], [ -129.129, 53.7112 ], [ -129.1461, 53.6777 ], [ -129.1894, 53.6622 ], [ -129.2283, 53.6327 ], [ -129.2383, 53.6188 ], [ -129.242, 53.5945 ], [ -129.2394, 53.5515 ], [ -129.2447, 53.5303 ], [ -129.2624, 53.5225 ], [ -129.2624, 53.5163 ], [ -129.2423, 53.5119 ], [ -129.2357, 53.492 ], [ -129.242, 53.4474 ], [ -129.2633, 53.4106 ], [ -129.2898, 53.3854 ], [ -129.335, 53.3969 ], [ -129.5931, 53.5722 ], [ -129.6153, 53.5771 ], [ -129.6699, 53.6184 ], [ -129.6879, 53.6401 ], [ -129.7429, 53.6802 ], [ -129.7429, 53.687 ], [ -129.7316, 53.6858 ], [ -129.7019, 53.6728 ], [ -129.7157, 53.6955 ], [ -129.7764, 53.7211 ], [ -129.8031, 53.7553 ], [ -129.8453, 53.7553 ], [ -129.8794, 53.7831 ], [ -129.9204, 53.8037 ], [ -129.9483, 53.8378 ], [ -129.9962, 53.8515 ], [ -129.9742, 53.8659 ], [ -129.9652, 53.8759 ], [ -129.9613, 53.889 ], [ -129.9691, 53.8913 ], [ -130.0063, 53.8746 ], [ -130.0197, 53.8757 ], [ -130.0638, 53.9062 ], [ -130.0934, 53.9401 ], [ -130.1047, 53.9471 ], [ -130.0867, 53.9706 ], [ -130.0839, 54.0047 ], [ -130.0917, 54.0811 ], [ -130.0853, 54.1005 ], [ -130.0566, 54.1396 ], [ -130.0501, 54.1562 ], [ -129.9799, 54.1611 ], [ -129.9613, 54.1668 ], [ -129.9504, 54.1593 ], [ -129.9409, 54.1326 ], [ -129.8999, 54.1121 ], [ -129.8733, 54.0856 ], [ -129.8384, 54.0302 ], [ -129.8031, 54.0228 ], [ -129.7838, 54.0023 ], [ -129.7565, 54.0023 ], [ -129.7491, 53.9818 ], [ -129.7351, 53.9645 ], [ -129.715, 53.9538 ], [ -129.7454, 54.009 ], [ -129.7823, 54.0218 ], [ -129.8247, 54.0513 ], [ -129.8468, 54.0744 ], [ -129.8658, 54.1047 ], [ -129.8999, 54.129 ], [ -129.9073, 54.1447 ], [ -129.9323, 54.1683 ], [ -129.9272, 54.1873 ], [ -129.911, 54.2009 ], [ -129.8866, 54.2119 ], [ -129.8381, 54.2221 ], [ -129.7921, 54.218 ], [ -129.7656, 54.2042 ], [ -129.7211, 54.2077 ], [ -129.637, 54.1811 ], [ -129.6119, 54.1839 ], [ -129.5534, 54.2164 ], [ -129.504, 54.2322 ], [ -129.4753, 54.2351 ], [ -129.4918, 54.2515 ], [ -129.5179, 54.2472 ], [ -129.5753, 54.2239 ], [ -129.5951, 54.2003 ], [ -129.6256, 54.2018 ], [ -129.7678, 54.2365 ], [ -129.829, 54.2421 ], [ -129.8863, 54.2351 ], [ -129.9542, 54.2108 ], [ -129.9787, 54.2077 ], [ -130.0197, 54.1805 ], [ -130.078, 54.1805 ], [ -130.1017, 54.1623 ], [ -130.1122, 54.1593 ], [ -130.1408, 54.1658 ], [ -130.1763, 54.1952 ], [ -130.2773, 54.2077 ], [ -130.284, 54.2316 ], [ -130.2929, 54.2375 ], [ -130.231, 54.2601 ], [ -130.1947, 54.263 ], [ -130.2394, 54.2869 ], [ -130.2432, 54.3256 ], [ -130.2582, 54.341 ], [ -130.2464, 54.3872 ], [ -130.2494, 54.4064 ], [ -130.2722, 54.3581 ], [ -130.3489, 54.3337 ], [ -130.3729, 54.3319 ], [ -130.4582, 54.3486 ], [ -130.4739, 54.3587 ], [ -130.4825, 54.3737 ], [ -130.4752, 54.3921 ], [ -130.4825, 54.4036 ], [ -130.4811, 54.4187 ], [ -130.4654, 54.4442 ], [ -130.4451, 54.4532 ], [ -130.4003, 54.454 ], [ -130.3797, 54.461 ], [ -130.4206, 54.4858 ], [ -130.4354, 54.5022 ], [ -130.4412, 54.5268 ], [ -130.4398, 54.549 ], [ -130.4312, 54.5678 ], [ -130.3856, 54.5653 ], [ -130.3797, 54.5777 ], [ -130.42, 54.6042 ], [ -130.4396, 54.6239 ], [ -130.4312, 54.633 ], [ -130.406, 54.6304 ], [ -130.3627, 54.6123 ], [ -130.2882, 54.539 ], [ -130.276, 54.5198 ], [ -130.053, 54.3374 ], [ -130.0061, 54.32 ], [ -129.9639, 54.3188 ], [ -129.9589, 54.3221 ], [ -129.9757, 54.3319 ], [ -130.0135, 54.3342 ], [ -130.0265, 54.3415 ], [ -130.0732, 54.377 ], [ -130.0849, 54.3921 ], [ -130.0846, 54.4113 ], [ -130.0641, 54.4468 ], [ -130.0712, 54.461 ], [ -130.0631, 54.4789 ], [ -130.0519, 54.4853 ], [ -130.0166, 54.4883 ], [ -129.999, 54.4945 ], [ -129.9849, 54.5047 ], [ -129.9814, 54.5154 ], [ -129.9962, 54.5237 ], [ -130.0638, 54.5019 ], [ -130.0767, 54.4912 ], [ -130.0829, 54.4786 ], [ -130.0849, 54.4442 ], [ -130.1011, 54.4263 ], [ -130.137, 54.442 ], [ -130.2117, 54.4934 ], [ -130.2909, 54.5708 ], [ -130.2835, 54.5852 ], [ -130.3226, 54.6037 ], [ -130.3598, 54.6321 ], [ -130.3724, 54.6643 ], [ -130.3381, 54.6938 ], [ -130.2877, 54.7077 ], [ -130.2344, 54.7114 ], [ -130.1816, 54.7048 ], [ -130.0849, 54.6739 ], [ -130.0607, 54.6432 ], [ -130.0397, 54.6289 ], [ -130.0116, 54.6199 ], [ -129.9237, 54.6092 ], [ -129.8937, 54.6118 ], [ -129.8795, 54.6206 ], [ -129.8808, 54.6247 ], [ -129.9899, 54.6305 ], [ -130.0166, 54.6398 ], [ -130.0758, 54.6933 ], [ -130.1104, 54.7026 ], [ -130.1549, 54.7226 ], [ -130.2015, 54.7285 ], [ -130.1947, 54.7564 ], [ -130.16, 54.7974 ], [ -130.1531, 54.8247 ], [ -130.0985, 54.8445 ], [ -130.0714, 54.8658 ], [ -130.0501, 54.893 ], [ -130.0673, 54.8967 ], [ -130.0802, 54.8901 ], [ -130.1047, 54.8663 ], [ -130.1737, 54.8445 ], [ -130.1343, 54.8872 ], [ -130.1044, 54.9009 ], [ -130.0638, 54.9544 ], [ -130.022, 54.9739 ], [ -129.9967, 54.977 ], [ -129.975, 54.9719 ], [ -129.9567, 54.9574 ], [ -129.9892, 54.9203 ], [ -129.9753, 54.921 ], [ -129.9483, 54.9346 ], [ -129.9346, 54.9482 ], [ -129.9033, 54.9482 ], [ -129.8807, 54.9553 ], [ -129.8452, 54.987 ], [ -129.8248, 54.9954 ], [ -129.7696, 54.9755 ], [ -129.7181, 54.9892 ], [ -129.6633, 54.9844 ], [ -129.6413, 54.9896 ], [ -129.6332, 55.0 ], [ -95.0, 55.0 ], [ -95.0, 29.7162 ], [ -95.0155, 29.7203 ], [ -95.034, 29.7485 ], [ -95.0523, 29.7497 ], [ -95.0641, 29.7129 ], [ -95.0, 29.6876 ], [ -95.0, 29.6655 ], [ -95.0087, 29.6597 ], [ -95.0157, 29.6445 ], [ -95.01, 29.626 ] ] ] ] } }
]
}
